data;horario;n_da_ocorrencia;tipo_de_ocorrencia;km;trecho;sentido;tipo_de_acidente;caminhao;ilesos;levemente_feridos;moderadamente_feridos;gravemente_feridos;mortos;3
27/07/2013;20:32:00;157;com vítima;58,182;BR-101/RJ;Sul;Choque - Outros;1;1;1;;;;1
27/07/2013;06:08:00;28;com vítima;58,237;BR-101/RJ;Sul;Colisão Frontal;1;1;3;;1;;2
12/09/2013;17:35:00;144;sem vítima;58;BR-101/RJ;Sul;Colisão Traseira;2;3;;;;;1
12/10/2013;10:35:00;88;sem vítima;58;BR-101/RJ;Norte;Colisão Traseira;2;2;;;;;1
05/11/2013;12:01:00;89;sem vítima;58,385;BR-101/RJ;Norte;Engavetamento;2;4;;;;;1
28/02/2014;21:28:00;246;com vítima;58;BR-101/RJ;Sul;Colisão Transversal;1;1;2;;;;1
13/05/2014;19:02:00;170;com vítima;58,759;BR-101/RJ;Norte;Colisão Frontal;2;1;1;1;;;2
10/11/2014;19:04:00;151;sem vítima;58;BR-101/RJ;Norte;Colisão Lateral;1;2;;;;;1
04/01/2015;15:39:00;115;com vítima;58;BR-101/RJ;Sul;Colisão Traseira;2;0;2;;;;1
14/01/2015;04:19:00;13;com vítima;58;BR-101/RJ;Norte;Colisão Lateral;2;2;1;;;;1
28/06/2015;10:55:00;52;com vítima;58;BR-101/RJ;Sul;Engavetamento;1;3;3;;;;1
01/07/2015;09:30:00;90;sem vítima;58;BR-101/RJ;Sul;Colisão Traseira;1;3;;;;;1
21/08/2015;13:45:00;112;com vítima;58;BR-101/RJ;Norte;Engavetamento;1;2;2;;;;1
27/08/2015;22:11:00;179;com vítima;58,25;BR-101/RJ;Norte;Colisão Traseira;2;6;3;;;;1
05/09/2015;10:53:00;86;sem vítima;58,83;BR-101/RJ;Norte;Colisão Traseira;1;7;;;;;1
20/01/2010;10:02:00;64;com vítima;59;BR-101/RJ;Norte;Colisão Lateral;1;1;;2;;;2
07/03/2010;10:34:00;51;sem vítima;59;BR-101/RJ;Sul;Colisão Traseira;2;4;;;;;1
06/07/2010;13:39:00;98;sem vítima;59;BR-101/RJ;Sul;Colisão Traseira;2;2;;;;;1
13/07/2010;07:46:00;46;com vítima;59;BR-101/RJ;Norte;Colisão Frontal;1;1;;;;1;3
20/08/2010;07:06:00;27;sem vítima;59;BR-101/RJ;Sul;Colisão Lateral;1;2;;;;;1
26/08/2010;09:50:00;66;sem vítima;59;BR-101/RJ;Sul;Colisão Lateral;1;3;;;;;1
05/10/2010;01:58:00;13;sem vítima;59;BR-101/RJ;Sul;Colisão Traseira;2;43;;;;;1
31/10/2010;04:26:00;27;sem vítima;59;BR-101/RJ;Norte;Colisão Lateral;1;3;;;;;1
19/12/2010;20:06:00;186;sem vítima;59;BR-101/RJ;Sul;Colisão Traseira;1;2;;;;;1
06/02/2011;18:20:00;161;sem vítima;59;BR-101/RJ;Sul;Colisão Lateral;1;3;;;;;1
25/05/2011;15:57:00;123;com vítima;59;BR-101/RJ;Norte;Colisão Traseira;1;6;1;;;;1
26/05/2011;06:09:00;19;sem vítima;59;BR-101/RJ;Sul;Colisão Lateral;1;2;;;;;1
27/06/2011;23:16:00;177;sem vítima;59,650001525878906;BR-101/RJ;Sul;Colisão Traseira;2;2;;;;;1
30/08/2011;17:33:00;147;sem vítima;59;BR-101/RJ;Norte;Colisão Traseira;1;2;;;;;1
11/09/2011;23:40:00;191;sem vítima;59;BR-101/RJ;Sul;Colisão Lateral;1;6;;;;;1
16/09/2011;00:39:00;2;sem vítima;59;BR-101/RJ;Norte;Colisão Lateral;2;2;;;;;1
26/09/2011;06:26:00;24;sem vítima;59;BR-101/RJ;Norte;Colisão Traseira;2;2;;;;;1
22/10/2011;07:37:00;32;com vítima;59;BR-101/RJ;Norte;Colisão Frontal;1;2;;1;;;2
02/01/2012;15:52:00;151;sem vítima;59;BR-101/RJ;Norte;Colisão Traseira;1;2;;;;;1
10/01/2012;13:01:00;128;sem vítima;59;BR-101/RJ;Sul;Colisão Lateral;1;2;;;;;1
13/01/2012;19:02:00;191;sem vítima;59;BR-101/RJ;Sul;Colisão Transversal;1;2;;;;;1
10/04/2012;19:19:00;148;sem vítima;59;BR-101/RJ;Norte;Tombamento;1;2;;;;;1
13/05/2012;18:21:00;139;com vítima;59;BR-101/RJ;Norte;Colisão Traseira;1;4;1;;;;1
15/05/2012;22:44:00;160;sem vítima;59;BR-101/RJ;Norte;Colisão Traseira;1;2;;;;;1
08/06/2012;09:56:00;74;com vítima;59;BR-101/RJ;Norte;Outros;1;1;;1;;;2
15/06/2012;23:32:00;229;com vítima;59;BR-101/RJ;Norte;Colisão Traseira;1;1;1;;;;1
02/07/2012;05:32:00;11;sem vítima;59,5;BR-101/RJ;Sul;Colisão Lateral;1;5;;;;;1
08/08/2012;06:57:00;28;sem vítima;59;BR-101/RJ;Norte;Colisão Traseira;2;4;;;;;1
08/09/2012;07:25:00;30;sem vítima;59;BR-101/RJ;Norte;Colisão Lateral;1;2;;;;;1
19/09/2012;14:44:00;125;sem vítima;59;BR-101/RJ;Sul;Colisão Traseira;1;5;;;;;1
17/10/2012;17:02:00;130;com vítima;59;BR-101/RJ;Norte;Colisão Lateral;1;1;1;;;;1
27/10/2012;16:40:00;151;com vítima;59,12;BR-101/RJ;Sul;Outros - Sequência;1;1;;3;;;2
23/12/2012;07:31:00;43;sem vítima;59;BR-101/RJ;Norte;Tombamento;1;1;;;;;1
06/03/2013;07:32:00;61;sem vítima;59;BR-101/RJ;Sul;Colisão Traseira;1;2;;;;;1
06/03/2013;17:41:00;185;com vítima;59;BR-101/RJ;Sul;Colisão Lateral;1;1;1;;;;1
25/03/2013;16:50:00;146;sem vítima;59,485;BR-101/RJ;Norte;Colisão Traseira;1;5;;;;;1
29/03/2013;08:25:00;59;sem vítima;59;BR-101/RJ;Sul;Colisão Traseira;1;4;;;;;1
01/05/2013;23:06:00;145;com vítima;59,7;BR-101/RJ;Sul;Atropelamento - Sem Informação;1;4;;1;;;2
03/05/2013;07:24:00;41;sem vítima;59;BR-101/RJ;Sul;Colisão Lateral;1;4;;;;;1
02/07/2013;07:36:00;23;com vítima;59,5;BR-101/RJ;Sul;Colisão Lateral;1;0;2;;;;1
07/07/2013;01:25:00;9;com vítima;59,199;BR-101/RJ;Norte;Atropelamento - Andarilho;1;1;;1;;;2
24/09/2013;08:47:00;54;com vítima;59;BR-101/RJ;Norte;Colisão Frontal;2;2;1;;;;1
24/09/2013;09:23:00;60;sem vítima;59;BR-101/RJ;Sul;Colisão Traseira;1;2;;;;;1
24/09/2013;20:07:00;154;sem vítima;59,537;BR-101/RJ;Norte;Colisão Lateral;1;2;;;;;1
02/10/2013;12:20:00;83;sem vítima;59;BR-101/RJ;Sul;Colisão Traseira;1;5;;;;;1
10/11/2013;05:43:00;28;sem vítima;59,485;BR-101/RJ;Sul;Colisão Traseira;1;2;;;;;1
29/01/2014;15:45:00;161;sem vítima;59;BR-101/RJ;Norte;Colisão Traseira;1;2;;;;;1
07/02/2014;22:08:00;226;sem vítima;59;BR-101/RJ;Norte;Colisão Traseira;1;2;;;;;1
28/04/2014;18:02:00;127;sem vítima;59;BR-101/RJ;Norte;Colisão Traseira;1;5;;;;;1
29/06/2014;10:40:00;66;com vítima;59;BR-101/RJ;Sul;Colisão Transversal;1;2;1;;;;1
16/07/2014;12:27:00;91;sem vítima;59;BR-101/RJ;Sul;Colisão Lateral;1;3;;;;;1
18/07/2014;08:09:00;50;com vítima;59;BR-101/RJ;Sul;Objeto lançado contra veículo;1;1;;1;;;2
03/09/2014;17:45:00;135;com vítima;59,423;BR-101/RJ;Norte;Atropelamento - Ciclista;1;1;;2;;;2
19/11/2014;16:36:00;117;sem vítima;59;BR-101/RJ;Sul;Colisão Traseira;1;2;;;;;1
21/11/2014;08:48:00;45;sem vítima;59;BR-101/RJ;Norte;Colisão Traseira;1;5;;;;;1
09/03/2015;18:15:00;159;com vítima;59,95;BR-101/RJ;Norte;Outros - Sequência;1;3;1;0;0;0;1
15/04/2015;09:47:00;81;com vítima;59,518;BR-101/RJ;Norte;Colisão Lateral;1;1;2;;;;1
16/06/2015;21:07:00;170;com vítima;59,597;BR-101/RJ;Norte;Outros - Sequência;2;3;1;;;;1
06/07/2015;20:42:00;209;com vítima;59;BR-101/RJ;Norte;Colisão Transversal;1;2;1;;;;1
03/10/2015;11:43:00;91;sem vítima;59;BR-101/RJ;Sul;Saida de Pista;1;2;;;;;1
15/11/2015;23:18:00;187;com vítima;59,383;BR-101/RJ;Norte;Colisão Frontal;1;1;;1;;;2
22/12/2010;16:39:00;149;com vítima;60;BR-101/RJ;Sul;Colisão Lateral;1;1;;1;;;2
23/10/2011;00:57:00;7;sem vítima;60,29999923706055;BR-101/RJ;Norte;Colisão Lateral;1;5;;;;;1
30/10/2011;02:49:00;16;com vítima;60,400001525878906;BR-101/RJ;Sul;Colisão Lateral;1;2;;;1;;2
05/12/2011;13:12:00;115;sem vítima;60;BR-101/RJ;Norte;Colisão Traseira;2;3;;;;;1
27/01/2012;12:31:00;81;sem vítima;60;BR-101/RJ;Norte;Engavetamento;1;4;;;;;1
18/09/2012;20:16:00;186;com vítima;60,8;BR-101/RJ;Norte;Colisão Traseira;1;1;1;;;;1
14/11/2012;10:06:00;90;sem vítima;60;BR-101/RJ;Norte;Colisão Traseira;1;3;;;;;1
08/02/2013;19:08:00;233;sem vítima;60,9;BR-101/RJ;Norte;Colisão Traseira;1;2;;;;;1
10/08/2013;08:28:00;44;sem vítima;60;BR-101/RJ;Sul;Colisão Traseira;1;2;;;;;1
09/11/2013;14:16:00;117;com vítima;60,715;BR-101/RJ;Norte;Colisão Lateral;1;1;1;;;;1
03/12/2013;18:18:00;171;com vítima;60,179;BR-101/RJ;Norte;Colisão Transversal;1;1;;;1;;2
13/01/2014;14:18:00;126;sem vítima;60,55;BR-101/RJ;Sul;Colisão Traseira;1;5;;;;;1
25/01/2014;09:25:00;57;com vítima;60,6;BR-101/RJ;Sul;Engavetamento;1;3;2;;;;1
09/06/2014;15:52:00;130;sem vítima;60;BR-101/RJ;Norte;Colisão Traseira;1;5;;;;;1
28/08/2014;11:12:00;58;com vítima;60,076;BR-101/RJ;Sul;Colisão Transversal;1;2;1;;;;1
21/10/2014;23:49:00;191;sem vítima;60,181;BR-101/RJ;Norte;Colisão Transversal;1;2;;;;;1
14/02/2015;09:55:00;125;sem vítima;60;BR-101/RJ;Sul;Colisão Transversal;1;2;0;0;0;0;1
18/09/2015;15:30:00;200;sem vítima;60,719;BR-101/RJ;Norte;Colisão Traseira;1;2;;;;;1
30/10/2015;23:44:00;203;sem vítima;60,729;BR-101/RJ;Norte;Engavetamento;1;10;;;;;1
22/02/2010;22:53:00;215;sem vítima;61;BR-101/RJ;Norte;Colisão Lateral;1;3;;;;;1
23/06/2010;09:12:00;34;sem vítima;61;BR-101/RJ;Norte;Colisão Lateral;1;2;;;;;1
25/08/2010;02:31:00;9;com vítima;61;BR-101/RJ;Norte;Atropelamento - Outros;1;1;;;2;;2
23/12/2010;21:14:00;250;com vítima;61;BR-101/RJ;Sul;Engavetamento;1;4;;1;;;2
11/01/2011;16:27:00;139;com vítima;61,5;BR-101/RJ;Norte;Colisão Frontal;1;1;;1;;;2
28/01/2011;19:16:00;242;com vítima;61;BR-101/RJ;Sul;Colisão Lateral;1;1;;1;;;2
04/03/2011;04:13:00;28;sem vítima;220;BR-101/RJ;Sul;Colisão Traseira;1;2;;;;;1
04/06/2011;05:18:00;26;com vítima;61;BR-101/RJ;Sul;Colisão Frontal;1;3;1;;;;1
20/09/2011;20:49:00;161;com vítima;61;BR-101/RJ;Norte;Colisão Transversal;1;2;;;1;;2
25/01/2012;09:44:00;60;sem vítima;61,7;BR-101/RJ;Sul;Engavetamento;2;7;;;;;1
26/01/2012;08:51:00;39;sem vítima;61,73;BR-101/RJ;Norte;Colisão Traseira;2;2;;;;;1
19/03/2012;04:42:00;16;sem vítima;61;BR-101/RJ;Sul;Colisão Frontal;1;3;;;;;1
21/05/2012;11:42:00;87;sem vítima;61;BR-101/RJ;Norte;Colisão Lateral;1;2;;;;;1
07/07/2012;22:31:00;194;com vítima;61;BR-101/RJ;Norte;Colisão Traseira;1;4;1;;;;1
11/07/2012;10:41:00;74;sem vítima;61;BR-101/RJ;Sul;Colisão Traseira;1;2;;;;;1
16/07/2012;18:12:00;154;sem vítima;61;BR-101/RJ;Norte;Colisão Lateral;1;3;;;;;1
03/08/2012;15:26:00;122;sem vítima;61;BR-101/RJ;Norte;Colisão Transversal;1;5;;;;;1
30/10/2012;15:41:00;147;sem vítima;61,716;BR-101/RJ;Sul;Colisão Frontal;1;3;;;;;1
13/12/2012;13:51:00;115;sem vítima;61;BR-101/RJ;Sul;Colisão Traseira;1;2;;;;;1
11/01/2013;13:59:00;113;sem vítima;61;BR-101/RJ;Sul;Colisão Traseira;1;2;;;;;1
17/01/2013;12:24:00;100;com vítima;61;BR-101/RJ;Sul;Colisão Traseira;1;2;1;;;;1
22/01/2013;17:22:00;162;sem vítima;61;BR-101/RJ;Norte;Colisão Traseira;1;4;;;;;1
26/04/2013;04:50:00;27;sem vítima;61;BR-101/RJ;Norte;Saida de Pista;1;3;;;;;1
01/06/2013;16:44:00;129;sem vítima;61;BR-101/RJ;Sul;Colisão Traseira;1;2;;;;;1
04/08/2013;10:51:00;70;sem vítima;61;BR-101/RJ;Sul;Colisão Transversal;1;2;;;;;1
19/08/2013;18:34:00;162;com vítima;61,5;BR-101/RJ;Sul;Colisão Traseira;1;1;1;;;;1
28/10/2013;14:24:00;99;sem vítima;61;BR-101/RJ;Norte;Colisão Traseira;2;3;;;;;1
28/12/2013;13:33:00;154;com vítima;61,701;BR-101/RJ;Sul;Colisão Lateral;1;2;1;;;;1
01/01/2014;16:17:00;136;sem vítima;61,454;BR-101/RJ;Norte;Colisão Lateral;1;3;;;;;1
03/01/2014;16:35:00;170;sem vítima;61,282;BR-101/RJ;Norte;Colisão Traseira;1;2;;;;;1
21/01/2014;23:17:00;218;com vítima;61,818;BR-101/RJ;Sul;Colisão Traseira;1;1;;1;;;2
26/05/2014;05:41:00;30;com vítima;61,205;BR-101/RJ;Norte;Colisão Transversal;1;22;1;;;;1
04/12/2014;13:43:00;108;sem vítima;61;BR-101/RJ;Norte;Colisão Lateral;1;3;;;;;1
30/01/2015;03:56:00;16;com vítima;61;BR-101/RJ;Norte;Colisão Lateral;1;3;1;;;;1
04/02/2015;15:41:00;129;sem vítima;61;BR-101/RJ;Norte;Colisão Lateral;1;2;0;0;0;0;1
02/03/2015;20:10:00;152;sem vítima;61;BR-101/RJ;Sul;Colisão Lateral;1;2;0;0;0;0;1
10/03/2015;22:09:00;158;sem vítima;61;BR-101/RJ;Sul;Colisão Traseira;1;3;0;0;0;0;1
18/03/2015;11:50:00;103;sem vítima;61;BR-101/RJ;Sul;Colisão Transversal;1;2;0;0;0;0;1
02/04/2015;21:28:00;228;com vítima;61;BR-101/RJ;Sul;Atropelamento - Morador;1;1;1;;;;1
11/04/2015;17:22:00;152;sem vítima;61;BR-101/RJ;Sul;Colisão Transversal;1;2;;;;;1
13/07/2015;17:35:00;166;sem vítima;61;BR-101/RJ;Sul;Colisão Lateral;1;3;;;;;1
10/09/2015;06:09:00;22;sem vítima;61,294;BR-101/RJ;Norte;Engavetamento;2;4;;;;;1
05/10/2015;15:20:00;135;sem vítima;61;BR-101/RJ;Norte;Colisão Traseira;1;4;;;;;1
31/10/2015;06:29:00;35;sem vítima;61,261;BR-101/RJ;Sul;Colisão Transversal;1;3;;;;;1
08/02/2010;07:54:00;54;sem vítima;62;BR-101/RJ;Sul;Colisão Traseira;1;3;;;;;1
15/09/2011;07:21:00;33;sem vítima;62;BR-101/RJ;Sul;Colisão Traseira;2;2;;;;;1
27/10/2011;11:34:00;81;sem vítima;62,5;BR-101/RJ;Norte;Saida de Pista;1;1;;;;;1
29/05/2012;08:15:00;44;sem vítima;62;BR-101/RJ;Sul;Colisão Traseira;1;2;;;;;1
12/06/2012;08:26:00;57;sem vítima;62;BR-101/RJ;Norte;Colisão Lateral;1;2;;;;;1
10/10/2012;16:21:00;205;sem vítima;62;BR-101/RJ;Norte;Colisão Lateral;1;2;;;;;1
14/11/2012;10:40:00;96;sem vítima;62;BR-101/RJ;Norte;Colisão Traseira;2;2;;;;;1
04/10/2013;08:22:00;50;sem vítima;62,4;BR-101/RJ;Norte;Colisão Traseira;1;3;;;;;1
17/10/2013;16:41:00;130;com vítima;62,067;BR-101/RJ;Norte;Atropelamento - Andarilho;1;1;;;1;;2
23/11/2013;19:27:00;170;com vítima;62,591;BR-101/RJ;Norte;Colisão Lateral;1;1;;1;;;2
13/09/2014;20:33:00;150;sem vítima;62,9;BR-101/RJ;Norte;Colisão Transversal;1;2;;;;;1
12/03/2015;10:09:00;75;com vítima;62;BR-101/RJ;Sul;Choque - Poste;1;0;2;0;0;0;1
16/09/2015;17:49:00;200;sem vítima;62,626;BR-101/RJ;Sul;Tombamento;1;2;;;;;1
10/10/2015;23:30:00;282;com vítima;62;BR-101/RJ;Norte;Colisão Traseira;1;1;1;;;;1
19/10/2015;16:53:00;121;com vítima;62;BR-101/RJ;Norte;Colisão Traseira;1;1;1;1;;;2
23/01/2010;04:04:00;15;sem vítima;63;BR-101/RJ;Sul;Colisão Lateral;1;2;;;;;1
12/02/2010;18:53:00;238;com vítima;63;BR-101/RJ;Norte;Engavetamento;2;3;2;1;;;2
27/02/2010;11:40:00;76;sem vítima;63;BR-101/RJ;Norte;Colisão Lateral;1;2;;;;;1
17/04/2010;09:00:00;41;sem vítima;63;BR-101/RJ;Sul;Colisão Lateral;1;3;;;;;1
28/06/2010;15:25:00;116;sem vítima;63;BR-101/RJ;Sul;Colisão Lateral;1;2;;;;;1
26/10/2010;22:53:00;190;sem vítima;63;BR-101/RJ;Norte;Objeto lançado contra veículo;1;7;;;;;1
04/03/2011;09:36:00;91;sem vítima;66;BR-101/RJ;Norte;Colisão Lateral;1;2;;;;;1
04/03/2011;10:02:00;99;sem vítima;298;BR-101/RJ;Norte;Colisão Traseira;2;2;;;;;1
27/08/2011;12:34:00;80;sem vítima;63;BR-101/RJ;Norte;Outros - Sequência;1;2;;;;;1
10/09/2011;11:28:00;76;sem vítima;63;BR-101/RJ;Sul;Colisão Lateral;1;2;;;;;1
30/10/2011;09:54:00;39;sem vítima;63;BR-101/RJ;Sul;Colisão Traseira;2;2;;;;;1
13/03/2012;17:27:00;156;com vítima;63;BR-101/RJ;Sul;Colisão Lateral;1;1;;1;;;2
02/04/2012;19:33:00;173;sem vítima;63;BR-101/RJ;Norte;Colisão Lateral;1;2;;;;;1
27/05/2012;16:56:00;118;sem vítima;63;BR-101/RJ;Norte;Colisão Traseira;1;2;;;;;1
12/06/2012;09:32:00;82;sem vítima;63;BR-101/RJ;Sul;Engavetamento;2;3;;;;;1
22/06/2012;15:44:00;103;sem vítima;63;BR-101/RJ;Norte;Colisão Lateral;1;2;;;;;1
20/08/2012;13:32:00;106;sem vítima;63;BR-101/RJ;Norte;Colisão Lateral;1;4;;;;;1
04/09/2012;07:19:00;34;sem vítima;63;BR-101/RJ;Norte;Colisão Lateral;1;2;;;;;1
22/10/2012;15:16:00;126;sem vítima;63;BR-101/RJ;Sul;Colisão Traseira;1;2;;;;;1
15/11/2012;10:35:00;63;sem vítima;63;BR-101/RJ;Norte;Colisão Lateral;1;2;;;;;1
10/12/2012;18:00:00;190;sem vítima;63;BR-101/RJ;Sul;Colisão Lateral;1;3;;;;;1
01/02/2013;13:28:00;116;sem vítima;63;BR-101/RJ;Norte;Colisão Lateral;1;4;;;;;1
02/03/2013;12:43:00;100;sem vítima;63;BR-101/RJ;Norte;Engavetamento;1;4;;;;;1
24/04/2013;20:15:00;177;sem vítima;63;BR-101/RJ;Norte;Colisão Traseira;1;2;;;;;1
23/05/2013;03:21:00;11;com vítima;63;BR-101/RJ;Norte;Colisão Lateral;1;1;1;;;;1
25/05/2013;09:56:00;59;sem vítima;63;BR-101/RJ;Norte;Colisão Lateral;1;6;;;;;1
13/11/2013;12:58:00;95;sem vítima;63;BR-101/RJ;Norte;Engavetamento;1;3;;;;;1
26/11/2013;08:10:00;50;com vítima;63,215;BR-101/RJ;Sul;Colisão Traseira;1;1;1;;;;1
12/02/2014;15:39:00;130;com vítima;63,336;BR-101/RJ;Norte;Colisão Lateral;1;1;7;1;;;2
24/02/2014;06:45:00;33;sem vítima;63;BR-101/RJ;Norte;Outros - Sequência;1;4;;;;;1
21/05/2014;07:03:00;24;sem vítima;63;BR-101/RJ;Norte;Colisão Lateral;1;6;;;;;1
11/07/2014;11:25:00;83;sem vítima;63;BR-101/RJ;Norte;Colisão Traseira;1;3;;;;;1
18/07/2014;11:04:00;89;com vítima;63;BR-101/RJ;Norte;Colisão Lateral;1;3;;1;;;2
01/09/2014;15:16:00;117;sem vítima;63;BR-101/RJ;Norte;Colisão Lateral;1;3;;;;;1
24/09/2014;16:53:00;129;sem vítima;63;BR-101/RJ;Norte;Colisão Lateral;1;2;;;;;1
10/10/2014;09:46:00;71;sem vítima;63;BR-101/RJ;Sul;Engavetamento;1;3;;;;;1
04/12/2014;07:36:00;33;sem vítima;63;BR-101/RJ;Norte;Colisão Lateral;1;2;;;;;1
20/02/2015;10:39:00;76;sem vítima;63;BR-101/RJ;Sul;Colisão Traseira;1;2;0;0;0;0;1
16/06/2015;15:35:00;120;sem vítima;63,9;BR-101/RJ;Norte;Colisão Lateral;1;4;;;;;1
20/09/2015;20:46:00;209;sem vítima;63,519;BR-101/RJ;Sul;Colisão Lateral;1;4;;;;;1
07/10/2015;20:15:00;161;sem vítima;63,437;BR-101/RJ;Norte;Colisão Lateral;1;3;;;;;1
16/10/2015;09:43:00;94;sem vítima;63,1;BR-101/RJ;Norte;Colisão Lateral;1;3;;;;;1
11/11/2015;19:56:00;211;sem vítima;63;BR-101/RJ;Sul;Colisão Lateral;1;3;;;;;1
23/11/2015;19:32:00;199;sem vítima;63;BR-101/RJ;Sul;Colisão Transversal;1;2;;;;;1
23/05/2011;17:31:00;161;com vítima;64;BR-101/RJ;Norte;Colisão Traseira;1;1;;1;;;2
10/08/2011;11:18:00;82;sem vítima;64;BR-101/RJ;Norte;Engavetamento;2;3;;;;;1
01/09/2011;13:28:00;93;sem vítima;64;BR-101/RJ;Norte;Colisão Traseira;2;2;;;;;1
07/10/2011;16:49:00;156;sem vítima;64;BR-101/RJ;Sul;Colisão Lateral;1;2;;;;;1
07/02/2012;07:02:00;32;com vítima;64;BR-101/RJ;Norte;Colisão Traseira;2;4;2;;;;1
17/12/2012;15:23:00;130;sem vítima;64,5;BR-101/RJ;Norte;Colisão Traseira;1;2;;;;;1
28/02/2013;15:41:00;107;sem vítima;64;BR-101/RJ;Norte;Engavetamento;1;3;;;;;1
07/03/2013;14:42:00;147;sem vítima;64,3;BR-101/RJ;Sul;Colisão Lateral;1;2;;;;;1
24/12/2013;22:41:00;200;sem vítima;64;BR-101/RJ;Norte;Colisão Traseira;1;5;;;;;1
19/02/2014;10:47:00;91;sem vítima;64;BR-101/RJ;Sul;Engavetamento;2;4;;;;;1
12/08/2014;13:15:00;104;sem vítima;64;BR-101/RJ;Norte;Colisão Lateral;1;4;;;;;1
17/08/2014;17:37:00;121;com vítima;64,75;BR-101/RJ;Sul;Atropelamento - Morador;1;1;;;;1;3
30/12/2014;10:18:00;67;com vítima;64;BR-101/RJ;Norte;Colisão Traseira;1;4;1;;;;1
17/03/2015;15:24:00;130;sem vítima;64;BR-101/RJ;Sul;Colisão Lateral;1;3;0;0;0;0;1
17/08/2015;09:44:00;90;sem vítima;64,234;BR-101/RJ;Norte;Colisão Lateral;1;3;;;;;1
14/01/2010;16:55:00;139;sem vítima;65;BR-101/RJ;Sul;Colisão Traseira;1;10;;;;;1
02/08/2010;18:37:00;197;sem vítima;65;BR-101/RJ;Sul;Colisão Traseira;1;6;;;;;1
26/10/2010;16:56:00;136;sem vítima;65;BR-101/RJ;Norte;Colisão Traseira;1;2;;;;;1
29/11/2010;17:38:00;194;sem vítima;65;BR-101/RJ;Sul;Colisão Traseira;2;2;;;;;1
23/12/2010;23:02:00;273;sem vítima;65;BR-101/RJ;Sul;Colisão Traseira;1;4;;;;;1
11/09/2011;19:24:00;161;sem vítima;65;BR-101/RJ;Norte;Colisão Lateral;1;2;;;;;1
14/11/2011;15:13:00;85;sem vítima;65;BR-101/RJ;Sul;Colisão Traseira;1;4;;;;;1
13/12/2011;19:44:00;188;sem vítima;65,4000015258789;BR-101/RJ;Sul;Colisão Lateral;1;3;;;;;1
13/12/2011;18:59:00;181;sem vítima;65,5;BR-101/RJ;Norte;Colisão Traseira;1;4;;;;;1
15/12/2011;19:10:00;146;sem vítima;65;BR-101/RJ;Sul;Colisão Lateral;1;2;;;;;1
22/12/2011;19:30:00;202;sem vítima;65;BR-101/RJ;Sul;Colisão Lateral;1;2;;;;;1
28/01/2012;22:00:00;189;sem vítima;65;BR-101/RJ;Sul;;1;3;;;;;1
05/06/2012;15:11:00;110;com vítima;65;BR-101/RJ;Norte;Colisão Transversal;1;14;3;;;;1
20/07/2012;12:37:00;95;sem vítima;65;BR-101/RJ;Sul;Colisão Traseira;2;4;;;;;1
10/10/2012;19:41:00;241;sem vítima;65;BR-101/RJ;Sul;Colisão Lateral;1;2;;;;;1
17/03/2013;23:01:00;197;com vítima;65;BR-101/RJ;Sul;Colisão Lateral;1;1;;;1;;2
05/07/2013;08:36:00;48;sem vítima;65;BR-101/RJ;Norte;Colisão Transversal;1;4;;;;;1
01/08/2013;22:58:00;171;com vítima;65,8;BR-101/RJ;Sul;Colisão Lateral;1;2;2;;;;1
19/09/2013;18:59:00;154;sem vítima;65;BR-101/RJ;Sul;Colisão Traseira;1;3;;;;;1
24/09/2013;09:42:00;61;sem vítima;65;BR-101/RJ;Norte;Engavetamento;1;4;;;;;1
07/10/2013;20:02:00;147;sem vítima;65;BR-101/RJ;Sul;Colisão Lateral;1;3;;;;;1
22/10/2013;13:37:00;123;sem vítima;65,131;BR-101/RJ;Sul;Colisão Traseira;1;2;;;;;1
21/11/2013;09:50:00;79;sem vítima;65;BR-101/RJ;Sul;Colisão Traseira;1;4;;;;;1
29/11/2013;18:52:00;221;sem vítima;65;BR-101/RJ;Sul;Engavetamento;1;3;;;;;1
12/12/2013;15:22:00;145;sem vítima;65,51;BR-101/RJ;Sul;Colisão Lateral;1;2;;;;;1
05/02/2014;15:31:00;141;sem vítima;65;BR-101/RJ;Sul;Colisão Lateral;1;2;;;;;1
12/02/2014;14:48:00;125;sem vítima;65,77;BR-101/RJ;Norte;Colisão Traseira;1;3;;;;;1
28/03/2014;16:35:00;142;sem vítima;65;BR-101/RJ;Sul;Colisão Lateral;1;2;;;;;1
08/05/2014;17:35:00;170;sem vítima;65;BR-101/RJ;Norte;Colisão Traseira;1;4;;;;;1
10/07/2014;16:43:00;118;sem vítima;65;BR-101/RJ;Sul;Colisão Traseira;1;2;;;;;1
25/08/2014;16:11:00;123;sem vítima;65;BR-101/RJ;Sul;Colisão Lateral;1;3;;;;;1
25/08/2014;16:34:00;127;sem vítima;65;BR-101/RJ;Sul;Engavetamento;1;5;;;;;1
12/09/2014;12:17:00;83;sem vítima;65;BR-101/RJ;Norte;Engavetamento;1;4;;;;;1
23/09/2014;15:44:00;118;sem vítima;65;BR-101/RJ;Sul;Engavetamento;1;4;;;;;1
23/06/2015;17:13:00;143;sem vítima;65;BR-101/RJ;Sul;Colisão Traseira;1;2;;;;;1
29/06/2015;17:44:00;192;sem vítima;65;BR-101/RJ;Norte;Colisão Lateral;1;2;;;;;1
11/09/2015;23:07:00;241;com vítima;65,6;BR-101/RJ;Sul;Colisão Lateral;1;0;2;;;;1
16/12/2015;09:57:00;105;sem vítima;65,306;BR-101/RJ;Sul;Colisão Traseira;1;2;;;;;1
16/12/2015;09:42:00;102;com vítima;65,342;BR-101/RJ;Norte;Colisão Frontal;1;1;;1;;;2
04/03/2010;17:34:00;148;sem vítima;66;BR-101/RJ;Sul;Colisão Traseira;2;4;;;;;1
05/04/2010;11:57:00;78;sem vítima;66;BR-101/RJ;Sul;Colisão Lateral;1;2;;;;;1
08/10/2010;05:16:00;20;sem vítima;66;BR-101/RJ;Sul;Colisão Lateral;1;6;;;;;1