data;horario;n_da_ocorrencia;tipo_de_ocorrencia;km;trecho;sentido;tipo_de_acidente;caminhao;ilesos;levemente_feridos;moderadamente_feridos;gravemente_feridos;mortos;3
16/09/2014;02:41:00;15;sem vítima;80;BR-101/RJ;Norte;Colisão Lateral;1;7;;;;;1
17/10/2014;22:06:00;202;com vítima;80;BR-101/RJ;Norte;Colisão Frontal;1;1;;;1;;2
19/07/2015;04:46:00;27;com vítima;80;BR-101/RJ;Norte;Outros - Sequência;1;3;1;;;;1
31/12/2015;08:18:00;82;sem vítima;80,2;BR-101/RJ;Sul;Colisão Frontal;1;2;;;;;1
03/10/2011;14:58:00;115;sem vítima;81;BR-101/RJ;Norte;Colisão Transversal;1;4;;;;;1
08/02/2012;15:01:00;128;sem vítima;81,5;BR-101/RJ;Sul;Colisão Lateral;1;4;;;;;1
01/05/2012;16:46:00;108;com vítima;81;BR-101/RJ;Sul;Colisão Lateral;1;3;2;;1;;2
04/05/2012;15:40:00;131;com vítima;81;BR-101/RJ;Norte;Saida de Pista;1;0;1;1;;;2
09/06/2012;15:21:00;103;com vítima;81,6;BR-101/RJ;Norte;Outros;1;3;;2;;;2
06/12/2012;22:39:00;231;com vítima;81;BR-101/RJ;Norte;Colisão Traseira;1;1;1;;;;1
14/02/2013;16:54:00;171;com vítima;81,5;BR-101/RJ;Norte;Colisão Lateral;1;1;3;;;;1
22/11/2013;10:02:00;81;sem vítima;81,5;BR-101/RJ;Sul;Colisão Traseira;1;2;;;;;1
10/02/2014;01:47:00;20;com vítima;81,75;BR-101/RJ;Norte;Saida de Pista;1;0;;;;1;3
15/03/2014;09:54:00;80;com vítima;81,741;BR-101/RJ;Sul;Tombamento;1;0;1;;;1;3
08/08/2014;05:59:00;20;com vítima;81;BR-101/RJ;Sul;Saida de Pista;1;1;2;;;;1
15/09/2014;20:39:00;189;com vítima;81,97;BR-101/RJ;Norte;Colisão Frontal;1;0;3;;;;1
18/09/2014;18:58:00;150;sem vítima;81,936;BR-101/RJ;Norte;Colisão Traseira;1;4;;;;;1
15/09/2015;18:23:00;213;com vítima;81,15;BR-101/RJ;Norte;Colisão Frontal;2;0;;1;;1;3
27/10/2015;17:44:00;141;sem vítima;81,777;BR-101/RJ;Norte;Colisão Lateral;1;5;;;;;1
09/03/2010;13:07:00;111;com vítima;82;BR-101/RJ;Norte;Colisão Lateral;1;2;1;;;;1
24/09/2010;07:50:00;36;sem vítima;82;BR-101/RJ;Norte;Colisão Lateral;1;2;;;;;1
22/10/2010;17:55:00;146;com vítima;82;BR-101/RJ;Sul;Colisão Frontal;1;1;;;1;;2
07/01/2011;09:23:00;58;com vítima;82;BR-101/RJ;Norte;Tombamento;1;0;;1;;;2
16/02/2011;02:17:00;13;sem vítima;82;BR-101/RJ;Norte;Tombamento;1;1;;;;;1
23/02/2011;22:16:00;171;sem vítima;82;BR-101/RJ;Sul;Tombamento;1;1;;;;;1
07/05/2011;10:45:00;72;com vítima;82,5;BR-101/RJ;Norte;Tombamento;1;0;;1;;;2
09/05/2011;17:04:00;137;com vítima;82;BR-101/RJ;Norte;Colisão Lateral;1;1;;1;;;2
14/06/2011;08:15:00;43;com vítima;82,30000305175781;BR-101/RJ;Sul;Colisão Frontal;2;1;30;12;2;;2
27/09/2011;10:52:00;62;sem vítima;82;BR-101/RJ;Norte;Saida de Pista;1;1;;;;;1
14/04/2012;17:13:00;132;sem vítima;82,5;BR-101/RJ;Norte;Tombamento;1;1;;;;;1
30/05/2012;02:45:00;11;sem vítima;82;BR-101/RJ;Sul;Tombamento;1;1;;;;;1
19/10/2012;06:06:00;29;com vítima;82,593;BR-101/RJ;Norte;Tombamento;1;0;1;;;;1
06/02/2013;03:09:00;18;sem vítima;82;BR-101/RJ;Norte;Atropelamento de Animal;1;1;;;;;1
26/06/2013;00:21:00;4;com vítima;82,645;BR-101/RJ;Norte;Tombamento;1;0;;1;;;2
22/08/2013;07:49:00;42;sem vítima;82;BR-101/RJ;Norte;Colisão Lateral;1;2;;;;;1
17/09/2013;06:37:00;28;sem vítima;82,459;BR-101/RJ;Norte;Saida de Pista;1;1;;;;;1
24/09/2013;07:07:00;39;com vítima;82,783;BR-101/RJ;Norte;Colisão Frontal;2;2;;1;2;;2
02/10/2013;06:05:00;19;sem vítima;82,6;BR-101/RJ;Sul;Tombamento;1;1;;;;;1
21/12/2013;10:44:00;73;sem vítima;82;BR-101/RJ;Norte;Colisão Traseira;1;2;;;;;1
12/01/2014;21:21:00;216;com vítima;82,345;BR-101/RJ;Sul;Colisão Lateral;1;1;2;1;;;2
06/02/2014;16:08:00;142;sem vítima;82,7;BR-101/RJ;Norte;Tombamento;1;1;;;;;1
16/06/2014;14:32:00;126;sem vítima;82,617;BR-101/RJ;Sul;Colisão Frontal;1;2;;;;;1
27/10/2014;19:46:00;153;sem vítima;82;BR-101/RJ;Sul;Saida de Pista;1;3;;;;;1
15/03/2015;19:25:00;146;sem vítima;82;BR-101/RJ;Sul;Atropelamento de Animal;1;1;0;0;0;0;1
30/04/2015;09:15:00;62;sem vítima;82,133;BR-101/RJ;Norte;Colisão Traseira;2;6;;;;;1
09/06/2015;23:22:00;183;com vítima;82,3;BR-101/RJ;Sul;Colisão Traseira;2;0;2;;1;;2
15/06/2015;00:31:00;3;sem vítima;82,64;BR-101/RJ;Sul;Choque - Defensa, barreira ou "submarino";1;1;;;;;1
15/01/2010;08:08:00;46;sem vítima;83;BR-101/RJ;Norte;Colisão Lateral;1;3;;;;;1
10/02/2010;17:13:00;171;sem vítima;83;BR-101/RJ;Sul;Choque - Objeto sobre a pista;1;5;;;;;1
16/05/2010;21:37:00;159;com vítima;83;BR-101/RJ;Norte;Colisão Lateral;1;2;;;1;;2
25/05/2010;19:46:00;152;com vítima;83;BR-101/RJ;Sul;Colisão Traseira;2;1;1;2;;;2
04/06/2010;20:11:00;168;com vítima;83;BR-101/RJ;Sul;Tombamento;1;1;;;;1;3
09/08/2010;17:16:00;142;sem vítima;83;BR-101/RJ;Norte;Choque - Poste;1;2;;;;;1
15/08/2010;15:01:00;99;sem vítima;83;BR-101/RJ;Norte;Tombamento;1;3;;;;;1
17/08/2010;06:59:00;29;sem vítima;83;BR-101/RJ;Norte;Colisão Lateral;2;3;;;;;1
10/05/2012;03:00:00;14;sem vítima;83,5;BR-101/RJ;Norte;Atropelamento de Animal;1;1;;;;;1
06/06/2012;01:12:00;4;com vítima;83;BR-101/RJ;Sul;Colisão Lateral;2;2;1;;;;1
09/08/2012;12:28:00;79;com vítima;83,7;BR-101/RJ;Norte;Tombamento;1;0;;1;;;2
21/08/2012;17:02:00;132;com vítima;83,837;BR-101/RJ;Norte;Colisão Lateral;1;1;2;;;;1
27/01/2013;09:54:00;62;com vítima;83,787;BR-101/RJ;Norte;Tombamento;1;0;1;;;;1
30/08/2013;07:50:00;30;com vítima;83,4;BR-101/RJ;Norte;Saida de Pista;1;0;1;;;;1
16/09/2013;19:43:00;193;com vítima;83,744;BR-101/RJ;Norte;Tombamento;1;0;;1;;;2
03/07/2014;10:55:00;77;com vítima;83,6;BR-101/RJ;Norte;Saida de Pista;1;0;1;;;;1
03/07/2014;13:36:00;105;sem vítima;83,6;BR-101/RJ;Norte;Colisão Traseira;1;3;;;;;1
07/07/2014;08:39:00;60;sem vítima;83;BR-101/RJ;Sul;Colisão Lateral;1;3;;;;;1
01/10/2014;07:45:00;40;sem vítima;83;BR-101/RJ;Norte;Colisão Lateral;1;2;;;;;1
15/11/2014;17:03:00;126;sem vítima;83,323;BR-101/RJ;Norte;Colisão Traseira;1;2;;;;;1
19/02/2015;20:56:00;201;sem vítima;83,5;BR-101/RJ;Norte;Saida de Pista;1;1;0;0;0;0;1
24/02/2015;15:12:00;111;com vítima;83;BR-101/RJ;Norte;Tombamento;1;0;1;;;;1
09/12/2015;04:01:00;21;com vítima;83,616;BR-101/RJ;Sul;Colisão Frontal;1;1;;;;3;3
21/02/2010;13:35:00;109;sem vítima;84;BR-101/RJ;Norte;Saida de Pista;1;2;;;;;1
21/02/2010;15:27:00;130;sem vítima;84;BR-101/RJ;Norte;Colisão Lateral;1;2;;;;;1
31/03/2010;16:32:00;133;sem vítima;84;BR-101/RJ;Norte;Colisão Lateral;1;2;;;;;1
03/06/2010;21:54:00;160;com vítima;84;BR-101/RJ;Sul;Colisão Frontal;1;1;;1;;2;3
25/01/2011;15:59:00;144;sem vítima;84;BR-101/RJ;Norte;Saida de Pista;1;5;;;;;1
05/03/2011;08:06:00;106;sem vítima;304;BR-101/RJ;Norte;Colisão Traseira;1;5;;;;;1
10/10/2011;18:51:00;171;com vítima;84;BR-101/RJ;Norte;Colisão Lateral;1;1;1;;;;1
05/02/2012;19:11:00;152;com vítima;84;BR-101/RJ;Norte;Colisão Frontal;1;1;;2;;;2
10/01/2013;05:39:00;24;sem vítima;84;BR-101/RJ;Sul;Queda de Moto;1;4;;;;;1
04/06/2013;10:12:00;67;sem vítima;84;BR-101/RJ;Sul;Colisão Traseira;1;2;;;;;1
11/05/2014;07:33:00;39;sem vítima;84;BR-101/RJ;Norte;Colisão Lateral;1;2;;;;;1
31/01/2010;16:41:00;145;com vítima;85;BR-101/RJ;Sul;Colisão Frontal;1;1;;;;1;3
25/05/2010;21:32:00;157;sem vítima;85;BR-101/RJ;Sul;Colisão Traseira;1;5;;;;;1
04/11/2010;22:38:00;182;sem vítima;85;BR-101/RJ;Sul;Tombamento;1;1;;;;;1
01/12/2012;09:17:00;57;com vítima;85,2;BR-101/RJ;Norte;Colisão Frontal;2;6;;;1;;2
01/05/2014;19:14:00;125;com vítima;85,44;BR-101/RJ;Norte;Saida de Pista;1;0;1;;;;1
11/06/2014;15:23:00;128;sem vítima;85;BR-101/RJ;Sul;Colisão Traseira;1;4;;;;;1
21/03/2015;11:07:00;71;com vítima;85,79;BR-101/RJ;Sul;Tombamento;1;0;0;0;0;1;3
18/08/2010;02:12:00;8;sem vítima;86;BR-101/RJ;Sul;Saida de Pista;1;1;;;;;1
30/11/2010;20:05:00;176;sem vítima;86;BR-101/RJ;Sul;Colisão Lateral;2;2;;;;;1
23/05/2013;04:16:00;17;com vítima;86,05;BR-101/RJ;Norte;Saida de Pista;1;0;;1;;;2
11/09/2013;21:46:00;148;sem vítima;86,188;BR-101/RJ;Norte;Tombamento;1;1;;;;;1
19/11/2013;00:30:00;4;com vítima;86,95;BR-101/RJ;Sul;Tombamento;1;0;;2;1;;2
25/04/2015;06:17:00;28;sem vítima;86;BR-101/RJ;Sul;Outros;1;4;;;;;1
14/05/2010;07:52:00;41;sem vítima;87;BR-101/RJ;Sul;Colisão Traseira;1;7;;;;;1
29/12/2010;21:48:00;209;sem vítima;87;BR-101/RJ;Sul;Colisão Lateral;1;2;;;;;1
15/02/2011;18:21:00;155;com vítima;87;BR-101/RJ;Sul;Tombamento;1;1;;1;;;2
02/09/2011;00:58:00;3;sem vítima;87,30000305175781;BR-101/RJ;Sul;Tombamento;1;1;;;;;1
05/11/2012;08:47:00;48;com vítima;87,5;BR-101/RJ;Sul;Colisão Frontal;1;0;3;1;;;2
30/09/2013;14:53:00;92;sem vítima;87;BR-101/RJ;Sul;Saida de Pista;1;1;;;;;1
25/10/2013;08:08:00;54;com vítima;87,143;BR-101/RJ;Sul;Colisão Lateral;1;1;;1;;;2
12/12/2013;17:47:00;170;sem vítima;87,789;BR-101/RJ;Norte;Colisão Traseira;2;3;;;;;1
22/03/2014;20:11:00;174;sem vítima;87;BR-101/RJ;Norte;Tombamento;1;2;;;;;1
29/04/2014;22:38:00;186;sem vítima;87;BR-101/RJ;Sul;Colisão Traseira;1;2;;;;;1
05/06/2015;05:41:00;15;sem vítima;87;BR-101/RJ;Sul;Colisão Lateral;1;2;;;;;1
14/06/2015;11:49:00;72;com vítima;87,2;BR-101/RJ;Sul;Tombamento;1;0;1;1;;;2
14/07/2015;09:30:00;76;sem vítima;87;BR-101/RJ;Norte;Colisão Traseira;1;3;;;;;1
27/12/2015;18:51:00;173;sem vítima;87,25;BR-101/RJ;Sul;Choque - Outros;1;2;;;;;1
30/12/2015;11:38:00;109;sem vítima;87;BR-101/RJ;Norte;Tombamento;1;1;;;;;1
10/02/2010;02:11:00;19;sem vítima;88;BR-101/RJ;Norte;Tombamento;1;2;;;;;1
12/05/2010;11:05:00;75;sem vítima;88;BR-101/RJ;Norte;Colisão Frontal;1;2;;;;;1
16/06/2011;09:26:00;59;com vítima;88;BR-101/RJ;Norte;Tombamento;1;0;1;;;;1
24/12/2011;11:38:00;92;sem vítima;88;BR-101/RJ;Sul;Colisão Traseira;1;3;;;;;1
26/12/2011;15:57:00;131;com vítima;88;BR-101/RJ;Sul;Colisão Transversal;1;7;1;;;;1
03/05/2012;02:39:00;7;com vítima;88;BR-101/RJ;Sul;Colisão Lateral;1;3;1;;;;1
24/08/2012;15:56:00;121;com vítima;88;BR-101/RJ;Norte;Engavetamento;4;6;1;;;;1
27/08/2012;09:58:00;73;com vítima;88;BR-101/RJ;Sul;Colisão Frontal;1;4;1;;;;1
26/09/2012;13:48:00;85;com vítima;88,2;BR-101/RJ;Sul;Capotamento;1;1;1;;;;1
07/01/2013;09:47:00;71;sem vítima;88,536;BR-101/RJ;Sul;Colisão Lateral;1;5;;;;;1
16/07/2013;10:17:00;79;com vítima;88;BR-101/RJ;Norte;Engavetamento;1;3;1;;;;1
26/07/2013;19:18:00;181;com vítima;88,2;BR-101/RJ;Sul;Tombamento;1;0;;1;;;2
27/07/2013;03:01:00;13;sem vítima;88,47;BR-101/RJ;Sul;Engavetamento;1;45;;;;;1
02/10/2013;06:20:00;21;sem vítima;88,2;BR-101/RJ;Norte;Tombamento;1;1;;;;;1
06/01/2014;22:59:00;196;com vítima;88,28;BR-101/RJ;Norte;Outros - Sequência;2;2;1;1;;;2
15/02/2014;05:27:00;33;sem vítima;88,4;BR-101/RJ;Sul;Atropelamento de Animal;1;1;;;;;1
12/06/2015;09:35:00;71;sem vítima;88;BR-101/RJ;Sul;Engavetamento;1;5;;;;;1
02/12/2015;07:02:00;34;com vítima;88;BR-101/RJ;Norte;Colisão Traseira;1;1;1;;;;1
03/12/2015;10:34:00;105;sem vítima;88,21;BR-101/RJ;Norte;Saida de Pista;1;1;;;;;1
18/10/2012;08:54:00;63;sem vítima;89;BR-101/RJ;Sul;Colisão Traseira;1;2;;;;;1
21/07/2014;00:51:00;2;com vítima;89,835;BR-101/RJ;Sul;Colisão Transversal;1;1;;3;1;1;3
22/06/2010;11:13:00;66;sem vítima;90;BR-101/RJ;Norte;Colisão Lateral;1;3;;;;;1
27/08/2010;07:33:00;37;com vítima;90;BR-101/RJ;Norte;Colisão Lateral;1;1;;;;1;3
18/12/2010;09:55:00;85;sem vítima;90;BR-101/RJ;Norte;Colisão Traseira;1;8;;;;;1
02/07/2012;06:49:00;20;com vítima;90;BR-101/RJ;Norte;Colisão Transversal;1;2;3;;;;1
20/07/2012;16:35:00;133;com vítima;90,529;BR-101/RJ;Sul;Colisão Lateral;2;1;1;;;;1
22/09/2012;10:33:00;86;sem vítima;90;BR-101/RJ;Norte;Tombamento;1;2;;;;;1
16/12/2012;05:27:00;30;com vítima;90,77;BR-101/RJ;Norte;Colisão Frontal;2;1;;;1;;2
27/12/2012;23:39:00;235;sem vítima;90,397;BR-101/RJ;Norte;Colisão Lateral;2;4;;;;;1
29/01/2013;11:07:00;80;sem vítima;90;BR-101/RJ;Sul;Tombamento;1;1;;;;;1
05/04/2013;18:37:00;146;com vítima;90;BR-101/RJ;Sul;Colisão Traseira;1;7;1;;;;1
30/07/2013;13:37:00;84;sem vítima;90,8;BR-101/RJ;Sul;Colisão Lateral;1;6;;;;;1
16/11/2013;07:23:00;27;com vítima;90,75;BR-101/RJ;Sul;Tombamento;1;0;1;;;;1
12/02/2014;18:51:00;169;com vítima;90,68;BR-101/RJ;Sul;Tombamento;1;0;;;1;;2
11/11/2014;19:57:00;152;sem vítima;90;BR-101/RJ;Norte;Colisão Traseira;2;4;;;;;1
20/12/2014;21:31:00;197;sem vítima;90,8;BR-101/RJ;Sul;Tombamento;1;1;;;;;1
24/12/2014;05:19:00;29;sem vítima;90;BR-101/RJ;Sul;Colisão Lateral;1;6;;;;;1
08/03/2015;15:45:00;120;sem vítima;90;BR-101/RJ;Sul;Colisão Traseira;1;6;0;0;0;0;1
11/03/2015;17:14:00;123;sem vítima;90,7;BR-101/RJ;Norte;Tombamento;1;1;0;0;0;0;1
27/04/2015;23:22:00;203;com vítima;90;BR-101/RJ;Sul;Tombamento;1;0;1;;;;1
08/05/2015;00:12:00;2;sem vítima;90;BR-101/RJ;Sul;Saida de Pista;1;1;;;;;1
29/05/2015;07:17:00;23;com vítima;90;BR-101/RJ;Sul;Colisão Lateral;1;1;;1;;;2
04/12/2015;22:08:00;242;com vítima;90,8;BR-101/RJ;Sul;Colisão Frontal;1;2;;;1;;2
13/01/2011;05:14:00;19;sem vítima;91;BR-101/RJ;Sul;Colisão Lateral;1;2;;;;;1
17/08/2011;08:17:00;44;com vítima;91;BR-101/RJ;Norte;Atropelamento - Andarilho;1;1;;;;1;3
10/10/2011;23:01:00;194;sem vítima;91;BR-101/RJ;Norte;Tombamento;1;1;;;;;1
07/03/2012;03:11:00;14;com vítima;91,7;BR-101/RJ;Norte;Tombamento;1;1;;1;;;2
28/09/2012;00:34:00;4;com vítima;91,6;BR-101/RJ;Norte;Tombamento;1;0;;1;;;2
05/01/2013;03:22:00;14;sem vítima;91;BR-101/RJ;Norte;Tombamento;1;1;;;;;1
13/02/2013;05:58:00;46;sem vítima;91,615;BR-101/RJ;Sul;Colisão Traseira;1;2;;;;;1
03/07/2013;14:10:00;98;com vítima;91,745;BR-101/RJ;Sul;Tombamento;1;0;;1;1;;2
03/10/2013;18:13:00;132;sem vítima;91;BR-101/RJ;Norte;Choque - Objeto sobre a pista;1;3;;;;;1
21/11/2013;23:48:00;218;sem vítima;91,84;BR-101/RJ;Sul;Tombamento;1;1;;;;;1
12/02/2014;13:29:00;119;sem vítima;91,989;BR-101/RJ;Sul;Tombamento;1;2;;;;;1
24/03/2014;06:23:00;18;com vítima;91;BR-101/RJ;Sul;Tombamento;1;0;1;;;;1
19/10/2015;23:30:00;175;com vítima;91,855;BR-101/RJ;Sul;Tombamento;1;0;1;;;;1
21/12/2015;13:44:00;130;com vítima;91;BR-101/RJ;Sul;Tombamento;1;0;1;;;;1
29/01/2010;15:52:00;137;com vítima;92;BR-101/RJ;Sul;Colisão Lateral;1;1;;;1;;2
30/01/2010;05:02:00;38;com vítima;92;BR-101/RJ;Sul;Colisão Frontal;1;0;1;;;;1
05/02/2010;06:51:00;43;sem vítima;92;BR-101/RJ;Sul;Tombamento;1;1;;;;;1
27/03/2010;11:31:00;73;com vítima;92;BR-101/RJ;Norte;Colisão Frontal;1;5;;;;1;3
10/04/2010;04:43:00;27;sem vítima;92;BR-101/RJ;Sul;Tombamento;1;1;;;;;1
29/04/2010;08:31:00;63;com vítima;92;BR-101/RJ;Norte;Tombamento;1;0;;1;;;2
03/08/2010;23:37:00;179;com vítima;92;BR-101/RJ;Sul;Colisão Transversal;1;2;2;;;;1
11/08/2010;13:34:00;90;com vítima;92;BR-101/RJ;Sul;Tombamento;1;0;1;;;;1
04/02/2011;02:10:00;9;com vítima;92;BR-101/RJ;Sul;Tombamento;1;1;1;;;;1
28/02/2011;07:00:00;37;com vítima;92;BR-101/RJ;Sul;Colisão Frontal;1;0;2;1;;;2
24/06/2011;23:50:00;179;com vítima;92,30000305175781;BR-101/RJ;Norte;Saida de Pista;1;0;;1;;;2
04/08/2011;09:42:00;61;com vítima;92,80000305175781;BR-101/RJ;Sul;Tombamento;1;1;;1;;;2
10/09/2011;15:12:00;110;sem vítima;92,00499725341797;BR-101/RJ;Norte;Objeto lançado contra veículo;1;18;;;;;1
18/09/2011;14:55:00;91;com vítima;92;BR-101/RJ;Sul;Colisão Frontal;2;0;2;;;;1
05/01/2012;07:56:00;33;com vítima;92,7;BR-101/RJ;Norte;Outros - Sequência;1;10;2;;;;1
12/01/2012;12:01:00;101;com vítima;92;BR-101/RJ;Norte;Tombamento;1;0;;1;;;2
16/02/2012;23:52:00;232;com vítima;92,7;BR-101/RJ;Sul;Saida de Pista;1;0;;;1;;2
24/03/2012;08:31:00;54;com vítima;92;BR-101/RJ;Sul;Tombamento;1;0;1;;;;1
18/04/2012;03:20:00;8;com vítima;92;BR-101/RJ;Norte;Saida de Pista;1;0;1;1;;;2
15/06/2012;23:52:00;233;com vítima;92;BR-101/RJ;Norte;Colisão Lateral;1;5;;1;1;;2
08/07/2012;12:22:00;69;com vítima;92;BR-101/RJ;Sul;Colisão Frontal;1;4;;;;1;3
29/09/2012;04:10:00;21;com vítima;92,7;BR-101/RJ;Norte;Colisão Frontal;1;1;;;;5;3
04/09/2013;05:59:00;21;com vítima;92,2;BR-101/RJ;Sul;Saida de Pista;1;0;1;;;;1
16/11/2013;19:22:00;151;sem vítima;92;BR-101/RJ;Norte;Colisão Lateral;1;4;;;;;1
17/01/2014;19:13:00;151;com vítima;92,826;BR-101/RJ;Norte;Colisão Frontal;1;1;;1;1;2;3
19/03/2014;11:28:00;93;sem vítima;92,472;BR-101/RJ;Sul;Colisão Traseira;1;4;;;;;1
05/07/2014;08:01:00;41;com vítima;92,7;BR-101/RJ;Sul;Tombamento;1;0;1;;;;1
12/07/2014;23:32:00;167;com vítima;92,22;BR-101/RJ;Norte;Tombamento;1;0;;1;;;2
31/10/2014;15:05:00;124;sem vítima;92,879;BR-101/RJ;Sul;Colisão Lateral;1;3;;;;;1
03/02/2015;21:28:00;175;com vítima;92;BR-101/RJ;Norte;Atropelamento - Andarilho;1;1;0;0;1;0;2
17/03/2015;23:11:00;191;sem vítima;92;BR-101/RJ;Norte;Choque - Outros;1;2;0;0;0;0;1
04/06/2015;15:08:00;134;com vítima;92,72;BR-101/RJ;Norte;Colisão Lateral;2;4;2;;;2;3
11/10/2015;20:06:00;153;sem vítima;92;BR-101/RJ;Sul;Tombamento;1;1;;;;;1
27/10/2015;16:20:00;123;sem vítima;92,433;BR-101/RJ;Norte;Colisão Traseira;1;3;;;;;1
14/05/2010;14:46:00;108;com vítima;93;BR-101/RJ;Sul;Saida de Pista;1;0;;;1;;2
09/10/2011;18:32:00;144;com vítima;93;BR-101/RJ;Sul;Engavetamento;3;1;2;;;;1
10/10/2011;18:31:00;169;sem vítima;93;BR-101/RJ;Sul;Colisão Lateral;1;2;;;;;1
09/05/2012;23:58:00;202;sem vítima;93;BR-101/RJ;Norte;Tombamento;1;1;;;;;1
07/03/2013;19:40:00;199;com vítima;93;BR-101/RJ;Norte;Saida de Pista;1;0;;1;;;2
06/12/2014;12:32:00;87;com vítima;93;BR-101/RJ;Sul;Outros - Sequência;1;1;;;2;3;3
25/03/2015;23:06:00;194;com vítima;93;BR-101/RJ;Norte;Colisão Traseira;2;1;0;1;0;0;2
18/11/2010;17:41:00;166;com vítima;94,5999984741211;BR-101/RJ;Sul;Saida de Pista;1;0;;1;;;2
22/01/2011;06:49:00;42;sem vítima;94;BR-101/RJ;Sul;Saida de Pista;1;1;;;;;1
09/01/2012;04:42:00;22;sem vítima;94;BR-101/RJ;Sul;Colisão Traseira;2;2;;;;;1
20/01/2012;07:59:00;51;sem vítima;94;BR-101/RJ;Norte;Colisão Lateral;2;3;;;;;1
20/06/2012;09:06:00;63;com vítima;94;BR-101/RJ;Sul;Tombamento;1;0;;1;;;2
06/07/2012;09:37:00;83;sem vítima;94;BR-101/RJ;Norte;Colisão Lateral;1;2;;;;;1
08/07/2012;16:03:00;99;sem vítima;94;BR-101/RJ;Norte;Colisão Frontal;1;14;;;;;1
11/07/2012;10:16:00;68;sem vítima;94;BR-101/RJ;Norte;Colisão Traseira;2;2;;;;;1
10/03/2015;16:20:00;109;sem vítima;94;BR-101/RJ;Sul;Tombamento;1;2;0;0;0;0;1
08/05/2011;05:35:00;30;com vítima;95;BR-101/RJ;Norte;Colisão Lateral;1;1;1;;;;1
01/08/2011;13:48:00;130;sem vítima;95;BR-101/RJ;Norte;Colisão Traseira;1;3;;;;;1
15/09/2011;15:49:00;112;sem vítima;95;BR-101/RJ;Norte;Colisão Lateral;1;3;;;;;1
31/07/2012;16:17:00;116;com vítima;95;BR-101/RJ;Sul;Colisão Frontal;1;0;;2;;;2
16/05/2013;09:59:00;51;sem vítima;95;BR-101/RJ;Norte;Saida de Pista;1;1;;;;;1
25/07/2013;09:56:00;55;sem vítima;95;BR-101/RJ;Norte;Colisão Lateral;1;4;;;;;1
06/03/2010;12:04:00;93;com vítima;96;BR-101/RJ;Sul;Colisão Transversal;2;2;;2;;;2
23/07/2010;19:47:00;185;sem vítima;96;BR-101/RJ;Sul;Tombamento;1;1;;;;;1
19/11/2010;15:19:00;126;sem vítima;96;BR-101/RJ;Norte;Engavetamento;1;8;;;;;1
10/01/2011;00:41:00;7;com vítima;96;BR-101/RJ;Sul;Colisão Lateral;1;2;;;;1;3
15/11/2011;02:12:00;7;sem vítima;96;BR-101/RJ;Sul;Saida de Pista;1;3;;;;;1
16/06/2012;07:02:00;34;sem vítima;96,3;BR-101/RJ;Norte;Tombamento;1;1;;;;;1
21/06/2012;07:52:00;39;com vítima;96;BR-101/RJ;Norte;Saida de Pista;1;0;1;;;;1
05/07/2012;09:20:00;65;sem vítima;96;BR-101/RJ;Norte;Colisão Traseira;2;2;;;;;1
04/09/2012;01:08:00;9;com vítima;96,5;BR-101/RJ;Sul;Colisão Frontal;2;0;1;;;1;3
01/12/2012;04:51:00;22;com vítima;96,3;BR-101/RJ;Norte;Colisão Frontal;1;2;1;;;1;3
06/05/2013;18:00:00;137;com vítima;96,7;BR-101/RJ;Norte;Colisão Frontal;1;2;;1;;;2
02/12/2014;19:44:00;160;sem vítima;96;BR-101/RJ;Sul;Colisão Traseira;1;4;;;;;1
21/12/2014;18:17:00;154;com vítima;96,9;BR-101/RJ;Norte;Colisão Frontal;1;1;;2;;;2
12/04/2015;22:28:00;185;sem vítima;96,5;BR-101/RJ;Norte;Tombamento;1;1;;;;;1
02/02/2010;20:06:00;169;com vítima;97;BR-101/RJ;Sul;Colisão Frontal;4;3;1;2;;;2
25/09/2010;09:11:00;52;com vítima;97;BR-101/RJ;Norte;Colisão Frontal;1;0;1;;;1;3
04/11/2011;06:27:00;26;sem vítima;97;BR-101/RJ;Norte;Colisão Traseira;2;2;;;;;1
29/12/2011;00:58:00;6;com vítima;97,80000305175781;BR-101/RJ;Norte;Colisão Traseira;2;0;1;;1;;2
09/07/2012;11:24:00;90;com vítima;97,4;BR-101/RJ;Norte;Engavetamento;1;30;2;;;;1
28/11/2012;07:31:00;31;sem vítima;97,9;BR-101/RJ;Sul;Colisão Traseira;1;5;;;;;1
15/04/2014;09:04:00;61;sem vítima;97;BR-101/RJ;Norte;Colisão Transversal;1;2;;;;;1
09/08/2014;13:24:00;97;com vítima;97;BR-101/RJ;Sul;Tombamento;1;0;1;;;;1
03/06/2015;04:29:00;20;sem vítima;97,85;BR-101/RJ;Norte;Atropelamento de Animal;1;1;;;;;1
30/06/2015;16:37:00;175;sem vítima;97,129;BR-101/RJ;Norte;Colisão Traseira;1;3;;;;;1
26/11/2015;07:55:00;41;com vítima;97,09;BR-101/RJ;Norte;Colisão Frontal;1;5;2;;;;1
17/12/2015;09:39:00;99;sem vítima;97;BR-101/RJ;Sul;Colisão Traseira;1;2;;;;;1
27/01/2010;05:07:00;13;sem vítima;98;BR-101/RJ;Sul;Atropelamento de Animal;1;1;;;;;1
10/03/2010;06:28:00;40;sem vítima;98;BR-101/RJ;Norte;Colisão Traseira;1;4;;;;;1
03/10/2010;22:13:00;158;com vítima;98;BR-101/RJ;Norte;Colisão Traseira;2;1;;1;1;1;3
24/11/2010;19:17:00;158;sem vítima;98;BR-101/RJ;Sul;Colisão Lateral;1;2;;;;;1
22/12/2010;05:06:00;25;sem vítima;98;BR-101/RJ;Norte;Colisão Lateral;1;2;;;;;1
11/02/2011;05:38:00;16;sem vítima;98;BR-101/RJ;Sul;Colisão Lateral;1;5;;;;;1
13/05/2011;04:56:00;15;sem vítima;98;BR-101/RJ;Sul;Atropelamento de Animal;1;1;;;;;1
29/02/2012;08:42:00;50;sem vítima;98;BR-101/RJ;Norte;Colisão Lateral;1;2;;;;;1
17/08/2012;06:49:00;22;com vítima;98,3;BR-101/RJ;Norte;Colisão Frontal;1;1;5;1;;;2
13/12/2012;06:15:00;21;com vítima;98,2;BR-101/RJ;Sul;Outros - Sequência;4;3;1;;;;1