data;horario;n_da_ocorrencia;tipo_de_ocorrencia;km;trecho;sentido;tipo_de_acidente;caminhao;ilesos;levemente_feridos;moderadamente_feridos;gravemente_feridos;mortos;3
07/06/2013;07:24:00;32;com vítima;123,088;BR-101/RJ;Sul;Colisão Traseira;1;8;1;;;;1
09/06/2013;17:13:00;104;sem vítima;123;BR-101/RJ;Sul;Colisão Traseira;1;2;;;;;1
16/07/2013;09:01:00;66;sem vítima;123;BR-101/RJ;Norte;Colisão Traseira;2;2;;;;;1
20/07/2013;17:07:00;161;sem vítima;123;BR-101/RJ;Norte;Colisão Traseira;1;2;;;;;1
27/07/2013;14:27:00;103;sem vítima;123;BR-101/RJ;Norte;Colisão Traseira;1;4;;;;;1
28/07/2013;16:58:00;141;sem vítima;123;BR-101/RJ;Sul;Colisão Traseira;2;4;;;;;1
22/08/2013;07:21:00;34;sem vítima;123;BR-101/RJ;Sul;Colisão Traseira;2;5;;;;;1
27/08/2013;07:15:00;25;sem vítima;123;BR-101/RJ;Sul;Colisão Traseira;2;2;;;;;1
23/09/2013;13:19:00;102;com vítima;123,1;BR-101/RJ;Sul;Colisão Traseira;1;1;;1;;;2
23/10/2013;01:34:00;7;sem vítima;123;BR-101/RJ;Sul;Choque - Defensa, barreira ou "submarino";1;1;;;;;1
23/10/2013;09:57:00;63;sem vítima;123,111;BR-101/RJ;Sul;Colisão Traseira;1;2;;;;;1
02/12/2013;20:26:00;232;sem vítima;123;BR-101/RJ;Norte;Colisão Traseira;1;4;;;;;1
18/12/2013;17:23:00;151;sem vítima;123,1;BR-101/RJ;Sul;Colisão Traseira;1;5;;;;;1
05/01/2014;07:40:00;34;sem vítima;123;BR-101/RJ;Norte;Colisão Lateral;1;2;;;;;1
04/02/2014;10:17:00;77;sem vítima;123;BR-101/RJ;Sul;Colisão Traseira;1;3;;;;;1
05/02/2014;19:06:00;186;sem vítima;123;BR-101/RJ;Sul;Colisão Traseira;2;2;;;;;1
27/02/2014;12:24:00;119;sem vítima;123;BR-101/RJ;Sul;Colisão Traseira;1;2;;;;;1
14/03/2014;10:32:00;74;sem vítima;123;BR-101/RJ;Sul;Colisão Traseira;1;3;;;;;1
08/04/2014;11:28:00;87;sem vítima;123,1;BR-101/RJ;Norte;Colisão Lateral;1;3;;;;;1
20/05/2014;02:43:00;12;sem vítima;123,151;BR-101/RJ;Sul;Colisão Traseira;2;2;;;;;1
12/06/2014;06:11:00;33;sem vítima;123;BR-101/RJ;Sul;Colisão Traseira;2;2;;;;;1
13/06/2014;07:54:00;38;sem vítima;123;BR-101/RJ;Norte;Colisão Traseira;1;4;;;;;1
07/07/2014;13:28:00;102;sem vítima;123;BR-101/RJ;Sul;Colisão Traseira;1;3;;;;;1
20/08/2014;14:05:00;100;sem vítima;123,12;BR-101/RJ;Sul;Colisão Traseira;1;3;;;;;1
02/09/2014;17:58:00;137;sem vítima;123;BR-101/RJ;Norte;Colisão Traseira;1;2;;;;;1
06/09/2014;13:05:00;95;sem vítima;123;BR-101/RJ;Sul;Colisão Traseira;1;2;;;;;1
11/09/2014;06:43:00;27;sem vítima;123;BR-101/RJ;Norte;Colisão Traseira;1;2;;;;;1
09/10/2014;18:12:00;177;com vítima;123,4;BR-101/RJ;Sul;Colisão Frontal;1;1;;;1;;2
13/11/2014;16:33:00;144;sem vítima;123,1;BR-101/RJ;Norte;Colisão Lateral;1;3;;;;;1
18/11/2014;12:34:00;97;sem vítima;123;BR-101/RJ;Norte;Choque - Defensa, barreira ou "submarino";1;1;;;;;1
04/12/2014;00:50:00;4;sem vítima;123;BR-101/RJ;Sul;Colisão Traseira;2;2;;;;;1
21/01/2015;10:15:00;72;sem vítima;123;BR-101/RJ;Sul;Colisão Lateral;1;2;;;;;1
20/03/2015;14:15:00;106;sem vítima;123;BR-101/RJ;Sul;Colisão Traseira;1;2;0;0;0;0;1
20/03/2015;08:33:00;54;com vítima;123,1;BR-101/RJ;Sul;Colisão Traseira;1;0;5;0;0;0;1
29/05/2015;15:18:00;104;sem vítima;123;BR-101/RJ;Sul;Colisão Traseira;1;2;;;;;1
15/06/2015;08:28:00;47;sem vítima;123;BR-101/RJ;Norte;Colisão Traseira;1;3;;;;;1
29/11/2015;12:11:00;91;sem vítima;123;BR-101/RJ;Sul;Colisão Traseira;1;6;;;;;1
13/11/2011;19:36:00;133;com vítima;124,9000015258789;BR-101/RJ;Norte;Colisão Frontal;1;0;;1;1;;2
03/04/2014;16:03:00;147;sem vítima;124;BR-101/RJ;Sul;Colisão Traseira;1;3;;;;;1
23/12/2010;16:25:00;172;sem vítima;125;BR-101/RJ;Norte;Colisão Traseira;1;2;;;;;1
03/08/2011;19:43:00;133;sem vítima;125;BR-101/RJ;Norte;Engavetamento;1;35;;;;;1
03/08/2011;20:41:00;142;com vítima;125,47599792480469;BR-101/RJ;Sul;Colisão Frontal;1;1;;1;;;2
21/11/2013;18:42:00;180;com vítima;125,055;BR-101/RJ;Sul;Colisão Transversal;1;1;;1;;;2
16/12/2013;12:22:00;119;sem vítima;125,757;BR-101/RJ;Norte;Colisão Traseira;1;4;;;;;1
17/02/2014;16:49:00;135;sem vítima;125;BR-101/RJ;Norte;Colisão Traseira;1;2;;;;;1
24/04/2014;09:37:00;70;sem vítima;125;BR-101/RJ;Norte;Engavetamento;2;4;;;;;1
07/06/2014;15:51:00;104;sem vítima;125;BR-101/RJ;Norte;Colisão Traseira;1;4;;;;;1
25/07/2014;18:41:00;159;com vítima;125,05;BR-101/RJ;Norte;Colisão Traseira;1;1;;3;1;1;3
13/08/2014;03:49:00;14;sem vítima;125;BR-101/RJ;Norte;Colisão Traseira;1;2;;;;;1
03/09/2014;07:28:00;27;sem vítima;125;BR-101/RJ;Sul;Colisão Traseira;1;3;;;;;1
22/01/2015;15:17:00;92;com vítima;125;BR-101/RJ;Sul;Tombamento;1;0;1;;;;1
20/10/2015;12:20:00;133;com vítima;125,173;BR-101/RJ;Norte;Colisão Lateral;1;3;3;;;;1
26/12/2010;21:14:00;189;com vítima;126;BR-101/RJ;Sul;Objeto lançado contra veículo;1;8;1;;;;1
17/04/2013;06:48:00;28;com vítima;126;BR-101/RJ;Sul;Engavetamento;1;20;;1;;;2
03/08/2010;23:04:00;178;com vítima;127;BR-101/RJ;Norte;Colisão Frontal;2;0;;;;2;3
17/12/2011;09:57:00;56;com vítima;127;BR-101/RJ;Norte;Colisão Lateral;3;2;1;;;;1
25/06/2012;17:12:00;132;sem vítima;127;BR-101/RJ;Sul;Engavetamento;4;4;;;;;1
13/08/2012;20:26:00;197;sem vítima;127;BR-101/RJ;Norte;Colisão Lateral;1;3;;;;;1
17/08/2012;04:44:00;13;com vítima;127,615;BR-101/RJ;Norte;Colisão Lateral;2;1;;;;1;3
04/01/2013;19:13:00;171;sem vítima;127;BR-101/RJ;Sul;Colisão Lateral;1;2;;;;;1
23/09/2013;12:16:00;90;sem vítima;127,172;BR-101/RJ;Sul;Colisão Traseira;2;2;;;;;1
15/11/2013;16:12:00;155;sem vítima;127;BR-101/RJ;Sul;Colisão Traseira;1;4;;;;;1
30/08/2014;06:52:00;20;com vítima;127,5;BR-101/RJ;Norte;Tombamento;1;1;1;;;;1
11/09/2014;20:38:00;176;sem vítima;127,605;BR-101/RJ;Norte;Tombamento;1;2;;;;;1
29/09/2014;12:41:00;95;sem vítima;127;BR-101/RJ;Norte;Colisão Lateral;1;2;;;;;1
18/02/2010;04:43:00;36;com vítima;128;BR-101/RJ;Norte;Colisão Frontal;4;4;2;;;1;3
29/08/2010;05:54:00;16;com vítima;128,60000610351562;BR-101/RJ;Sul;Colisão Frontal;1;1;;;;2;3
20/09/2011;11:02:00;60;com vítima;128,1999969482422;BR-101/RJ;Norte;Queda de Moto;1;1;;1;;;2
29/09/2012;06:58:00;38;sem vítima;128;BR-101/RJ;Sul;Colisão Lateral;2;6;;;;;1
12/01/2013;21:01:00;143;sem vítima;128,883;BR-101/RJ;Norte;Colisão Transversal;1;2;;;;;1
27/12/2014;06:41:00;21;com vítima;128,7;BR-101/RJ;Norte;Choque - Veiculo parado no acostamento;1;3;;;;1;3
19/01/2010;11:13:00;93;sem vítima;129;BR-101/RJ;Sul;Choque - Defensa, barreira ou "submarino";1;4;;;;;1
17/01/2011;16:28:00;168;sem vítima;129;BR-101/RJ;Sul;Engavetamento;3;4;;;;;1
03/05/2011;07:33:00;28;com vítima;129,6999969482422;BR-101/RJ;Sul;Colisão Frontal;3;3;;1;;2;3
03/08/2011;10:27:00;55;com vítima;129,8000030517578;BR-101/RJ;Norte;Tombamento;1;0;1;1;1;;2
23/02/2012;07:25:00;53;com vítima;129,9;BR-101/RJ;Sul;Colisão Frontal;1;5;;;;1;3
18/09/2013;10:12:00;83;sem vítima;129;BR-101/RJ;Norte;Saida de Pista;1;2;;;;;1
23/02/2010;06:36:00;34;sem vítima;130;BR-101/RJ;Sul;Colisão Lateral;3;7;;;;;1
30/12/2011;12:41:00;97;sem vítima;130;BR-101/RJ;Sul;Saida de Pista;1;5;;;;;1
30/12/2011;13:04:00;102;sem vítima;130;BR-101/RJ;Sul;Colisão Traseira;1;2;;;;;1
28/02/2012;05:45:00;23;sem vítima;130;BR-101/RJ;Sul;Colisão Lateral;2;5;;;;;1
15/03/2012;18:21:00;151;sem vítima;130;BR-101/RJ;Norte;Colisão Frontal;1;2;;;;;1
24/08/2012;15:48:00;120;sem vítima;130,2;BR-101/RJ;Norte;Engavetamento;3;5;;;;;1
08/02/2013;00:38:00;6;sem vítima;130;BR-101/RJ;Norte;Colisão Lateral;1;1;;;;;1
07/11/2015;21:26:00;175;sem vítima;130,7;BR-101/RJ;Sul;Choque - Outros;1;1;;;;;1
11/11/2012;21:34:00;177;sem vítima;131,961;BR-101/RJ;Norte;Tombamento;1;1;;;;;1
26/11/2012;16:19:00;142;com vítima;131,089;BR-101/RJ;Norte;Colisão Frontal;1;0;;3;;3;3
01/10/2013;15:06:00;100;sem vítima;131,179;BR-101/RJ;Sul;Colisão Lateral;1;4;;;;;1
24/10/2013;18:01:00;144;sem vítima;131,9;BR-101/RJ;Norte;Engavetamento;1;7;;;;;1
25/10/2013;17:07:00;162;sem vítima;131,887;BR-101/RJ;Norte;Engavetamento;1;4;;;;;1
31/10/2013;07:47:00;25;sem vítima;131,771;BR-101/RJ;Norte;Engavetamento;1;8;;;;;1
20/05/2015;07:43:00;46;sem vítima;131,4;BR-101/RJ;Sul;Colisão Traseira;1;1;;;;;1
12/10/2010;10:48:00;55;sem vítima;132;BR-101/RJ;Norte;Colisão Lateral;1;5;;;;;1
04/12/2013;12:16:00;100;sem vítima;132,352;BR-101/RJ;Norte;Colisão Lateral;1;2;;;;;1
23/12/2013;19:17:00;211;com vítima;132,563;BR-101/RJ;Sul;Colisão Transversal;1;0;3;1;;;2
22/05/2011;12:37:00;82;com vítima;133;BR-101/RJ;Sul;Colisão Traseira;1;3;;1;;;2
15/06/2011;06:14:00;33;sem vítima;133;BR-101/RJ;Sul;Saida de Pista;1;2;;;;;1
16/08/2011;21:55:00;183;sem vítima;133,8000030517578;BR-101/RJ;Sul;Colisão Lateral;2;2;;;;;1
06/12/2011;06:53:00;28;com vítima;133;BR-101/RJ;Sul;Saida de Pista;1;0;1;1;;;2
20/12/2011;12:22:00;123;sem vítima;133;BR-101/RJ;Norte;Colisão Traseira;2;2;;;;;1
21/01/2012;16:29:00;117;sem vítima;133;BR-101/RJ;Norte;Colisão Traseira;1;5;;;;;1
12/08/2012;20:33:00;171;com vítima;133,045;BR-101/RJ;Sul;Colisão Traseira;1;1;;;;2;3
26/10/2013;04:30:00;21;sem vítima;133,44;BR-101/RJ;Norte;Atropelamento de Animal;1;1;;;;;1
19/02/2014;07:09:00;34;sem vítima;133,8;BR-101/RJ;Sul;Colisão Traseira;1;2;;;;;1
16/06/2014;10:22:00;93;sem vítima;133;BR-101/RJ;Norte;Tombamento;1;2;;;;;1
17/10/2014;03:05:00;12;sem vítima;133;BR-101/RJ;Sul;Saida de Pista;1;1;;;;;1
10/12/2015;01:08:00;10;com vítima;133,95;BR-101/RJ;Sul;Colisão Traseira;2;2;;1;;;2
08/12/2010;22:39:00;240;sem vítima;134;BR-101/RJ;Sul;Saida de Pista;1;3;;;;;1
11/03/2012;22:35:00;192;sem vítima;134;BR-101/RJ;Sul;Atropelamento de Animal;1;1;;;;;1
06/10/2012;11:44:00;99;sem vítima;134;BR-101/RJ;Norte;Colisão Lateral;1;2;;;;;1
28/04/2013;16:26:00;100;com vítima;134;BR-101/RJ;Sul;Colisão Traseira;1;2;1;;;;1
11/02/2014;11:43:00;101;sem vítima;134,468;BR-101/RJ;Sul;Colisão Traseira;1;2;;;;;1
13/02/2014;10:39:00;90;sem vítima;134;BR-101/RJ;Norte;Colisão Traseira;1;6;;;;;1
20/03/2014;03:50:00;15;sem vítima;134,133;BR-101/RJ;Norte;Atropelamento de Animal;1;1;;;;;1
16/03/2010;19:27:00;169;sem vítima;135;BR-101/RJ;Sul;Colisão Lateral;1;5;;;;;1
16/02/2011;17:40:00;165;sem vítima;135,3000030517578;BR-101/RJ;Sul;Colisão Lateral;1;2;;;;;1
18/11/2011;20:23:00;140;sem vítima;135;BR-101/RJ;Sul;Atropelamento de Animal;1;2;;;;;1
10/08/2012;01:04:00;4;sem vítima;135,2;BR-101/RJ;Sul;Atropelamento de Animal;1;1;;;;;1
25/10/2013;10:03:00;76;sem vítima;135,463;BR-101/RJ;Sul;Engavetamento;1;4;;;;;1
17/12/2013;13:48:00;115;sem vítima;135;BR-101/RJ;Norte;Colisão Traseira;1;4;;;;;1
30/07/2014;14:19:00;104;sem vítima;135,8;BR-101/RJ;Norte;Saida de Pista;1;1;;;;;1
20/10/2015;10:11:00;107;com vítima;135,121;BR-101/RJ;Sul;Colisão Traseira;1;1;1;;;;1
10/01/2010;22:49:00;255;com vítima;136;BR-101/RJ;Sul;Colisão Lateral;2;0;2;;;;1
27/07/2010;08:12:00;46;sem vítima;136;BR-101/RJ;Sul;Colisão Lateral;1;2;;;;;1
08/06/2012;06:13:00;25;sem vítima;136,3;BR-101/RJ;Sul;Saida de Pista;1;1;;;;;1
06/09/2012;07:59:00;36;sem vítima;136;BR-101/RJ;Sul;Colisão Traseira;2;2;;;;;1
23/09/2012;18:44:00;125;sem vítima;136;BR-101/RJ;Sul;Colisão Traseira;1;5;;;;;1
13/10/2012;22:18:00;161;sem vítima;136;BR-101/RJ;Norte;Atropelamento de Animal;1;1;;;;;1
07/12/2012;12:40:00;148;sem vítima;136;BR-101/RJ;Sul;Colisão Lateral;1;3;;;;;1
07/12/2012;13:01:00;156;sem vítima;136;BR-101/RJ;Norte;Colisão Lateral;3;5;;;;;1
10/05/2013;19:41:00;159;sem vítima;136;BR-101/RJ;Norte;Colisão Lateral;1;2;;;;;1
14/05/2012;22:02:00;181;sem vítima;137;BR-101/RJ;Sul;Colisão Lateral;2;2;;;;;1
02/07/2012;14:58:00;109;sem vítima;137,75;BR-101/RJ;Sul;Saida de Pista;1;2;;;;;1
17/10/2013;16:49:00;134;sem vítima;137;BR-101/RJ;Norte;Saida de Pista;1;1;;;;;1
20/12/2013;02:05:00;10;sem vítima;137,3;BR-101/RJ;Norte;Colisão Lateral;1;1;;;;;1
20/07/2015;23:15:00;213;com vítima;137;BR-101/RJ;Norte;Tombamento;1;0;1;;;;1
08/07/2010;13:24:00;85;sem vítima;138;BR-101/RJ;Norte;Colisão Lateral;1;5;;;;;1
11/11/2010;21:06:00;193;com vítima;138;BR-101/RJ;Sul;Colisão Lateral;3;2;;1;;;2
20/02/2011;14:33:00;112;sem vítima;138;BR-101/RJ;Sul;Colisão Transversal;1;4;;;;;1
27/02/2011;20:15:00;189;sem vítima;138;BR-101/RJ;Sul;Saida de Pista;1;2;;;;;1
13/06/2011;18:12:00;151;com vítima;138;BR-101/RJ;Norte;Colisão Transversal;1;4;1;;;;1
23/08/2012;20:42:00;197;sem vítima;138,7;BR-101/RJ;Sul;Saida de Pista;1;1;;;;;1
25/05/2013;03:20:00;20;com vítima;138,3;BR-101/RJ;Norte;Tombamento;1;1;1;;;;1
11/08/2014;06:32:00;27;sem vítima;138;BR-101/RJ;Sul;Colisão Lateral;1;4;;;;;1
12/08/2014;12:34:00;97;com vítima;138;BR-101/RJ;Norte;Colisão Lateral;1;1;1;;;;1
30/08/2014;18:12:00;121;sem vítima;138;BR-101/RJ;Sul;Tombamento;1;1;;;;;1
25/09/2015;16:12:00;180;com vítima;138,6;BR-101/RJ;Sul;Colisão Traseira;1;0;1;;1;;2
10/02/2010;17:36:00;177;sem vítima;139;BR-101/RJ;Norte;Colisão Lateral;1;3;;;;;1
06/08/2010;11:16:00;74;com vítima;139;BR-101/RJ;Norte;Capotamento;1;1;1;;;;1
15/02/2012;17:22:00;150;sem vítima;139;BR-101/RJ;Norte;Saida de Pista;1;1;;;;;1
08/02/2013;11:28:00;131;sem vítima;139,5;BR-101/RJ;Sul;Colisão Lateral;2;3;;;;;1
10/01/2014;16:49:00;169;com vítima;139,41;BR-101/RJ;Norte;Colisão Traseira;2;3;1;;;;1
22/08/2014;13:44:00;98;sem vítima;139;BR-101/RJ;Sul;Colisão Lateral;1;3;;;;;1
29/10/2014;00:05:00;2;sem vítima;139,8;BR-101/RJ;Norte;Tombamento;1;1;;;;;1
25/03/2010;01:33:00;10;sem vítima;140,5;BR-101/RJ;Sul;Tombamento;1;1;;;;;1
06/03/2012;15:52:00;140;com vítima;140,3;BR-101/RJ;Norte;Colisão Traseira;3;4;1;;;;1
26/05/2012;04:50:00;26;com vítima;140;BR-101/RJ;Sul;Colisão Traseira;1;2;;1;;;2
27/11/2013;14:52:00;144;sem vítima;140;BR-101/RJ;Sul;Colisão Lateral;1;2;;;;;1
23/12/2013;08:53:00;76;sem vítima;140,049;BR-101/RJ;Sul;Colisão Traseira;1;4;;;;;1
15/01/2014;16:23:00;133;sem vítima;140,07;BR-101/RJ;Norte;Colisão Lateral;1;25;;;;;1
01/09/2014;04:17:00;22;sem vítima;140;BR-101/RJ;Norte;Colisão Traseira;1;2;;;;;1
13/10/2014;23:08:00;230;com vítima;140,076;BR-101/RJ;Norte;Tombamento;1;6;1;;;;1
25/10/2012;23:17:00;224;sem vítima;141,646;BR-101/RJ;Sul;Saida de Pista;1;1;;;;;1
10/06/2013;17:41:00;135;com vítima;141,5;BR-101/RJ;Norte;Colisão Lateral;1;1;1;2;;;2
20/08/2014;12:12:00;81;sem vítima;141;BR-101/RJ;Sul;Colisão Traseira;1;3;;;;;1
18/09/2014;13:31:00;103;com vítima;141,737;BR-101/RJ;Norte;Colisão Traseira;2;1;1;;;;1
21/12/2015;14:26:00;142;sem vítima;141;BR-101/RJ;Norte;Choque - Outros;1;1;;;;;1
05/03/2011;14:00:00;199;sem vítima;290;BR-101/RJ;Norte;Colisão Lateral;1;2;;;;;1
20/05/2011;15:24:00;114;com vítima;142;BR-101/RJ;Norte;Engavetamento;1;2;4;2;;;2
17/08/2012;04:02:00;10;sem vítima;142;BR-101/RJ;Norte;Colisão Lateral;2;2;;;;;1
19/06/2013;09:00:00;51;sem vítima;142;BR-101/RJ;Sul;Colisão Traseira;1;2;;;;;1
29/01/2014;07:55:00;53;sem vítima;142;BR-101/RJ;Sul;Engavetamento;1;4;;;;;1
30/06/2014;22:34:00;174;sem vítima;142,228;BR-101/RJ;Norte;Colisão Traseira;2;2;;;;;1
17/11/2014;09:57:00;73;sem vítima;142;BR-101/RJ;Norte;Colisão Lateral;1;5;;;;;1
27/09/2015;10:56:00;63;sem vítima;142,206;BR-101/RJ;Norte;Colisão Traseira;1;2;;;;;1
16/12/2015;19:24:00;226;sem vítima;142;BR-101/RJ;Sul;Choque - Defensa, barreira ou "submarino";1;2;;;;;1
19/08/2011;06:08:00;30;sem vítima;143,39999389648438;BR-101/RJ;Norte;Colisão Frontal;1;6;;;;;1
12/01/2012;03:33:00;19;sem vítima;143,5;BR-101/RJ;Sul;Colisão Lateral;2;4;;;;;1
16/01/2014;11:34:00;87;sem vítima;143;BR-101/RJ;Sul;Colisão Traseira;1;2;;;;;1
20/02/2015;01:02:00;5;sem vítima;143,4;BR-101/RJ;Sul;Colisão Traseira;1;2;0;0;0;0;1
16/03/2015;04:57:00;24;com vítima;143,5;BR-101/RJ;Sul;Colisão Traseira;2;2;0;1;0;0;2
03/09/2015;03:49:00;19;sem vítima;143,185;BR-101/RJ;Sul;Colisão Traseira;1;3;;;;;1
19/02/2010;10:19:00;59;com vítima;144;BR-101/RJ;Sul;Saida de Pista;1;0;;1;;;2
08/05/2010;15:35:00;138;com vítima;144;BR-101/RJ;Sul;Colisão Frontal;1;0;1;1;2;1;3
23/08/2010;21:25:00;185;sem vítima;144;BR-101/RJ;Sul;Colisão Transversal;1;2;;;;;1
23/09/2010;12:35:00;94;sem vítima;144;BR-101/RJ;Norte;Colisão Lateral;1;2;;;;;1
11/10/2011;14:09:00;112;com vítima;144;BR-101/RJ;Norte;Colisão Transversal;1;1;5;;;;1
09/07/2012;08:43:00;51;com vítima;144;BR-101/RJ;Norte;Colisão Frontal;2;0;1;;2;;2
10/07/2012;05:31:00;19;sem vítima;144;BR-101/RJ;Sul;Colisão Frontal;2;4;;;;;1
10/07/2012;12:04:00;76;sem vítima;144;BR-101/RJ;Norte;Colisão Traseira;2;5;;;;;1
10/07/2012;12:04:00;88;sem vítima;144;BR-101/RJ;Sul;Colisão Lateral;2;7;;;;;1
13/09/2012;22:36:00;198;com vítima;144,532;BR-101/RJ;Norte;Colisão Lateral;2;1;1;;;;1
25/02/2013;18:43:00;170;com vítima;144;BR-101/RJ;Norte;Colisão Traseira;1;3;1;;;;1
26/04/2013;16:43:00;167;sem vítima;144;BR-101/RJ;Norte;Colisão Traseira;2;2;;;;;1
08/05/2013;17:23:00;127;sem vítima;144,491;BR-101/RJ;Norte;Colisão Transversal;1;5;;;;;1
07/06/2013;01:35:00;5;sem vítima;144,66;BR-101/RJ;Sul;Saida de Pista;1;2;;;;;1
23/11/2013;19:52:00;175;com vítima;144,5;BR-101/RJ;Norte;Saida de Pista;1;1;;4;;;2
07/01/2014;09:43:00;64;com vítima;144,87;BR-101/RJ;Sul;Engavetamento;2;5;1;;;;1
08/08/2014;18:22:00;170;com vítima;144,34;BR-101/RJ;Norte;Colisão Transversal;2;3;;1;;;2
24/02/2015;08:13:00;43;sem vítima;144;BR-101/RJ;Norte;Colisão Traseira;1;2;;;;;1
25/02/2015;18:24:00;140;sem vítima;144;BR-101/RJ;Norte;Colisão Lateral;1;2;;;;;1
07/07/2015;03:41:00;13;com vítima;144,935;BR-101/RJ;Norte;Tombamento;1;0;1;;;;1
10/07/2015;15:52:00;158;sem vítima;144;BR-101/RJ;Norte;Colisão Lateral;1;5;;;;;1
04/08/2015;00:47:00;4;sem vítima;144,122;BR-101/RJ;Sul;Saida de Pista;1;1;;;;;1
05/10/2015;14:12:00;127;sem vítima;144,915;BR-101/RJ;Norte;Colisão Traseira;2;2;;;;;1
09/12/2010;08:57:00;48;sem vítima;145;BR-101/RJ;Sul;Colisão Frontal;1;2;;;;;1
05/03/2011;16:10:00;237;com vítima;207;BR-101/RJ;Norte;Engavetamento;1;7;1;;;;1
04/11/2011;15:30:00;120;com vítima;145,10000610351562;BR-101/RJ;Sul;Colisão Lateral;1;2;1;;1;;2
01/02/2013;21:01:00;210;sem vítima;145;BR-101/RJ;Sul;Tombamento;1;2;;;;;1
07/05/2013;06:15:00;25;sem vítima;145;BR-101/RJ;Norte;Saida de Pista;1;1;;;;;1
23/07/2013;01:38:00;9;sem vítima;145,739;BR-101/RJ;Sul;Colisão Lateral;1;5;;;;;1
08/04/2014;00:44:00;6;com vítima;145,219;BR-101/RJ;Sul;Choque - Veiculo parado no acostamento;2;1;;;1;1;3
29/01/2015;10:37:00;67;com vítima;145;BR-101/RJ;Norte;Choque - Talude;1;0;;1;;;2
31/01/2015;02:32:00;15;sem vítima;145;BR-101/RJ;Norte;Saida de Pista;1;1;;;;;1
30/07/2015;18:14:00;165;sem vítima;145,589;BR-101/RJ;Norte;Colisão Traseira;2;2;;;;;1
21/08/2015;22:01:00;178;com vítima;145;BR-101/RJ;Norte;Colisão Traseira;1;1;;;1;;2
28/08/2015;18:19:00;171;sem vítima;145,762;BR-101/RJ;Sul;Colisão Traseira;2;2;;;;;1
12/09/2015;01:29:00;8;com vítima;145,37;BR-101/RJ;Norte;Engavetamento;1;1;5;;1;;2
23/09/2015;01:18:00;11;sem vítima;145;BR-101/RJ;Norte;Colisão Traseira;2;2;;;;;1
17/10/2015;01:57:00;12;sem vítima;145;BR-101/RJ;Sul;Colisão Traseira;1;4;;;;;1
30/10/2015;12:54:00;96;sem vítima;145,86;BR-101/RJ;Norte;Colisão Traseira;1;5;;;;;1
31/10/2015;22:07:00;209;sem vítima;145,638;BR-101/RJ;Norte;Colisão Traseira;2;2;;;;;1
05/12/2015;01:11:00;7;sem vítima;145,445;BR-101/RJ;Norte;Colisão Traseira;2;3;;;;;1
21/09/2010;01:09:00;5;com vítima;146;BR-101/RJ;Sul;Colisão Lateral;3;3;1;;;;1
05/11/2010;15:18:00;119;sem vítima;146;BR-101/RJ;Sul;Saida de Pista;1;1;;;;;1
12/11/2010;05:30:00;23;com vítima;146;BR-101/RJ;Sul;Colisão Lateral;2;2;1;;;;1
09/10/2011;21:58:00;194;sem vítima;146;BR-101/RJ;Sul;Colisão Lateral;2;2;;;;;1
19/10/2013;05:00:00;34;sem vítima;146;BR-101/RJ;Norte;Colisão Lateral;1;3;;;;;1
07/05/2010;20:18:00;218;com vítima;147;BR-101/RJ;Sul;Colisão Frontal;1;1;3;1;;5;3
05/06/2011;10:48:00;52;sem vítima;147;BR-101/RJ;Norte;Tombamento;1;1;;;;;1
02/01/2012;13:13:00;116;sem vítima;147;BR-101/RJ;Sul;Colisão Traseira;1;4;;;;;1
14/08/2012;11:38:00;98;sem vítima;147;BR-101/RJ;Sul;Colisão Lateral;1;4;;;;;1
23/11/2012;04:38:00;18;sem vítima;147;BR-101/RJ;Norte;Saida de Pista;1;1;;;;;1
01/08/2013;21:01:00;163;com vítima;147,127;BR-101/RJ;Sul;Colisão Frontal;1;0;1;;;1;3
17/09/2013;13:04:00;109;sem vítima;147,307;BR-101/RJ;Norte;Saida de Pista;1;1;;;;;1
11/01/2014;04:05:00;20;com vítima;147,34;BR-101/RJ;Norte;Saida de Pista;1;1;1;;;;1
12/02/2014;04:04:00;22;com vítima;147,41;BR-101/RJ;Norte;Colisão Traseira;1;1;;1;;;2
27/12/2014;23:03:00;179;com vítima;147;BR-101/RJ;Sul;Colisão Frontal;2;0;1;;1;;2
20/07/2015;09:41:00;84;com vítima;147,927;BR-101/RJ;Sul;Colisão Frontal;1;1;;;;3;3
22/09/2010;18:43:00;164;sem vítima;148;BR-101/RJ;Norte;Saida de Pista;1;1;;;;;1
05/03/2011;16:37:00;246;sem vítima;168;BR-101/RJ;Norte;Colisão Traseira;1;5;;;;;1
06/12/2011;17:32:00;180;com vítima;148;BR-101/RJ;Sul;Colisão Lateral;1;1;1;;;;1
27/12/2012;03:27:00;27;com vítima;148,6;BR-101/RJ;Norte;Colisão Frontal;2;0;2;;;;1
31/03/2013;00:23:00;2;sem vítima;148,05;BR-101/RJ;Sul;Saida de Pista;1;1;;;;;1
18/05/2013;01:19:00;8;com vítima;148,44;BR-101/RJ;Norte;Saida de Pista;1;0;1;1;;;2
24/09/2013;06:40:00;32;sem vítima;148,434;BR-101/RJ;Norte;Saida de Pista;1;1;;;;;1
25/09/2013;07:50:00;34;sem vítima;148;BR-101/RJ;Norte;Colisão Traseira;2;2;;;;;1
23/11/2013;16:56:00;143;sem vítima;148,18;BR-101/RJ;Sul;Colisão Traseira;1;2;;;;;1
31/12/2014;04:33:00;21;sem vítima;148;BR-101/RJ;Sul;Saida de Pista;1;1;;;;;1
20/05/2015;14:39:00;136;sem vítima;148;BR-101/RJ;Sul;Colisão Lateral;2;2;;;;;1