data;horario;n_da_ocorrencia;tipo_de_ocorrencia;km;trecho;sentido;tipo_de_acidente;caminhao;ilesos;levemente_feridos;moderadamente_feridos;gravemente_feridos;mortos;3
05/10/2015;04:21:00;13;com vítima;176;BR-101/RJ;Sul;Capotamento;1;0;1;;;;1
13/12/2015;20:23:00;221;sem vítima;176;BR-101/RJ;Sul;Colisão Lateral;1;6;;;;;1
27/01/2011;08:50:00;57;sem vítima;177;BR-101/RJ;Sul;Objeto lançado contra veículo;2;2;;;;;1
20/09/2011;10:23:00;62;com vítima;177;BR-101/RJ;Norte;Colisão Frontal;1;1;3;;;1;3
16/08/2013;22:39:00;197;com vítima;177,396;BR-101/RJ;Norte;Colisão Lateral;3;6;1;;;;1
07/03/2014;16:18:00;165;com vítima;177,143;BR-101/RJ;Sul;Capotamento;1;1;1;;;;1
22/03/2014;07:36:00;32;com vítima;177,16;BR-101/RJ;Sul;Colisão Frontal;1;0;1;1;1;;2
26/05/2014;20:26:00;162;sem vítima;177,2;BR-101/RJ;Norte;Colisão Lateral;2;2;;;;;1
06/11/2010;19:46:00;158;com vítima;178;BR-101/RJ;Sul;Colisão Frontal;1;1;;;;2;3
15/11/2010;18:31:00;159;sem vítima;178;BR-101/RJ;Sul;Colisão Lateral;1;5;;;;;1
18/03/2012;01:39:00;9;sem vítima;178;BR-101/RJ;Norte;Colisão Lateral;2;2;;;;;1
30/06/2012;18:53:00;168;com vítima;178,2;BR-101/RJ;Sul;Colisão Frontal;2;1;;2;;3;3
04/10/2012;10:07:00;80;sem vítima;178;BR-101/RJ;Sul;Saida de Pista;1;6;;;;;1
12/05/2014;22:05:00;200;sem vítima;178;BR-101/RJ;Norte;Colisão Traseira;1;2;;;;;1
18/05/2014;22:18:00;165;com vítima;178,255;BR-101/RJ;Norte;Colisão Frontal;2;2;1;3;;2;3
18/07/2014;04:28:00;24;com vítima;178,058;BR-101/RJ;Norte;Colisão Frontal;2;1;;1;;1;3
19/03/2010;15:49:00;152;sem vítima;179;BR-101/RJ;Sul;Saida de Pista;1;1;;;;;1
16/09/2010;02:28:00;8;com vítima;179,8000030517578;BR-101/RJ;Norte;Colisão Frontal;1;1;1;2;;;2
27/12/2010;22:07:00;201;com vítima;179;BR-101/RJ;Sul;Saida de Pista;1;0;1;;;;1
12/12/2011;09:54:00;69;sem vítima;179;BR-101/RJ;Norte;Engavetamento;1;7;;;;;1
18/12/2012;19:11:00;169;com vítima;179;BR-101/RJ;Sul;Colisão Transversal;1;1;;;1;;2
27/06/2013;00:58:00;6;sem vítima;179,5;BR-101/RJ;Sul;Colisão Traseira;1;2;;;;;1
08/04/2015;09:28:00;70;com vítima;179;BR-101/RJ;Norte;Outros - Sequência;1;3;1;;;;1
18/02/2010;07:39:00;61;com vítima;180;BR-101/RJ;Sul;Colisão Lateral;1;2;;1;;;2
11/10/2010;16:29:00;100;sem vítima;180;BR-101/RJ;Sul;Colisão Lateral;1;20;;;;;1
27/11/2010;15:43:00;117;sem vítima;180;BR-101/RJ;Norte;Colisão Lateral;1;3;;;;;1
03/06/2011;12:35:00;85;com vítima;180;BR-101/RJ;Sul;Colisão Traseira;1;2;;1;;;2
23/09/2011;05:55:00;11;com vítima;180;BR-101/RJ;Sul;Tombamento;1;0;;1;;;2
31/01/2012;23:17:00;184;sem vítima;180;BR-101/RJ;Norte;Colisão Lateral;1;4;;;;;1
18/08/2012;16:22:00;118;sem vítima;180,466;BR-101/RJ;Sul;Colisão Traseira;1;2;;;;;1
30/08/2012;15:04:00;118;com vítima;180;BR-101/RJ;Sul;Saida de Pista;1;0;;1;;;2
10/01/2013;15:27:00;142;sem vítima;180;BR-101/RJ;Sul;Colisão Lateral;1;2;;;;;1
11/05/2013;13:48:00;103;com vítima;180;BR-101/RJ;Norte;Colisão Traseira;2;1;1;;;;1
25/11/2013;05:55:00;24;com vítima;180,452;BR-101/RJ;Sul;Colisão Frontal;1;1;2;;;;1
03/12/2013;03:01:00;11;sem vítima;180;BR-101/RJ;Sul;Colisão Lateral;1;2;;;;;1
18/02/2014;10:37:00;86;com vítima;180,5;BR-101/RJ;Norte;Saida de Pista;1;1;1;;;;1
12/01/2015;19:27:00;179;sem vítima;180,776;BR-101/RJ;Sul;Colisão Traseira;1;3;;;;;1
25/10/2010;02:12:00;13;sem vítima;181;BR-101/RJ;Norte;Atropelamento de Animal;1;1;;;;;1
03/06/2011;20:27:00;201;com vítima;181;BR-101/RJ;Sul;Colisão Traseira;1;1;;1;;;2
07/06/2011;22:06:00;190;com vítima;181;BR-101/RJ;Sul;Saida de Pista;1;0;1;;1;;2
26/09/2011;07:55:00;37;sem vítima;181;BR-101/RJ;Norte;Colisão Lateral;1;3;;;;;1
02/12/2011;10:01:00;78;sem vítima;181;BR-101/RJ;Norte;Colisão Frontal;2;2;;;;;1
30/10/2012;19:10:00;189;sem vítima;181,8;BR-101/RJ;Norte;Saida de Pista;1;1;;;;;1
23/05/2013;04:07:00;15;sem vítima;181,7;BR-101/RJ;Sul;Colisão Transversal;1;2;;;;;1
23/05/2014;07:35:00;39;com vítima;181;BR-101/RJ;Norte;Colisão Lateral;1;0;4;2;;;2
26/06/2014;20:52:00;165;com vítima;181,8;BR-101/RJ;Sul;Saida de Pista;1;0;;;1;;2
08/08/2014;09:54:00;70;sem vítima;181;BR-101/RJ;Norte;Colisão Traseira;1;3;;;;;1
06/12/2014;09:26:00;51;sem vítima;181;BR-101/RJ;Sul;Colisão Frontal;2;7;;;;;1
28/01/2015;03:30:00;12;sem vítima;181;BR-101/RJ;Sul;Colisão Traseira;2;2;;;;;1
25/08/2010;06:39:00;26;sem vítima;182;BR-101/RJ;Sul;Colisão Lateral;2;2;;;;;1
30/10/2010;13:23:00;134;sem vítima;182;BR-101/RJ;Norte;Colisão Traseira;1;4;;;;;1
03/05/2011;21:26:00;160;com vítima;182,8000030517578;BR-101/RJ;Sul;Colisão Lateral;2;1;;1;;;2
26/05/2011;01:59:00;7;com vítima;182;BR-101/RJ;Sul;Saida de Pista;1;0;;1;;;2
04/06/2011;13:43:00;104;sem vítima;182;BR-101/RJ;Norte;Saida de Pista;1;1;;;;;1
26/08/2011;07:41:00;38;sem vítima;182,89999389648438;BR-101/RJ;Norte;Colisão Traseira;1;4;;;;;1
30/10/2011;20:12:00;140;com vítima;182;BR-101/RJ;Sul;Colisão Frontal;1;4;;;;1;3
05/07/2012;09:29:00;67;sem vítima;182;BR-101/RJ;Sul;Colisão Traseira;1;2;;;;;1
20/12/2012;16:43:00;160;sem vítima;182;BR-101/RJ;Norte;Colisão Traseira;1;3;;;;;1
05/02/2013;08:10:00;43;sem vítima;182,1;BR-101/RJ;Norte;Colisão Traseira;1;3;;;;;1
18/05/2013;04:26:00;27;com vítima;182,15;BR-101/RJ;Norte;Colisão Frontal;1;1;1;;1;;2
11/10/2013;17:03:00;162;sem vítima;182;BR-101/RJ;Sul;Colisão Lateral;1;4;;;;;1
27/01/2014;17:20:00;164;sem vítima;182,138;BR-101/RJ;Sul;Engavetamento;1;7;;;;;1
11/07/2014;02:22:00;14;com vítima;182;BR-101/RJ;Norte;Colisão Transversal;1;1;1;;;;1
06/08/2014;00:10:00;1;com vítima;182,87;BR-101/RJ;Norte;Colisão Frontal;1;1;;;;1;3
15/09/2014;17:17:00;138;sem vítima;182;BR-101/RJ;Sul;Colisão Lateral;1;41;;;;;1
05/02/2015;11:40:00;58;sem vítima;182;BR-101/RJ;Sul;Outros - Sequência;2;2;0;0;0;0;1
07/12/2015;07:58:00;53;sem vítima;182,731;BR-101/RJ;Norte;Colisão Traseira;2;2;;;;;1
17/09/2010;11:44:00;85;com vítima;183;BR-101/RJ;Sul;Colisão Lateral;1;6;1;;;;1
06/03/2011;11:08:00;80;com vítima;217;BR-101/RJ;Norte;Colisão Lateral;1;10;4;;;;1
09/05/2011;10:48:00;76;sem vítima;183;BR-101/RJ;Norte;Engavetamento;1;10;;;;;1
29/09/2011;13:56:00;83;com vítima;183;BR-101/RJ;Norte;Tombamento;1;0;2;;;;1
18/11/2011;14:43:00;101;com vítima;183,5;BR-101/RJ;Norte;Engavetamento;2;3;2;2;;;2
23/12/2011;10:45:00;91;sem vítima;183;BR-101/RJ;Norte;Saida de Pista;1;1;;;;;1
01/02/2013;18:44:00;188;com vítima;183,11;BR-101/RJ;Norte;Colisão Frontal;1;2;;1;;;2
13/09/2015;19:19:00;143;sem vítima;183,3;BR-101/RJ;Sul;Atropelamento de Animal;1;2;;;;;1
16/09/2015;18:02:00;204;sem vítima;183;BR-101/RJ;Sul;Objeto lançado contra veículo;1;2;;;;;1
12/01/2010;14:27:00;123;sem vítima;184;BR-101/RJ;Norte;Colisão Lateral;1;6;;;;;1
23/02/2010;01:53:00;14;sem vítima;184;BR-101/RJ;Sul;Tombamento;1;1;;;;;1
09/03/2010;16:29:00;151;sem vítima;184;BR-101/RJ;Norte;Saida de Pista;1;2;;;;;1
26/10/2010;17:40:00;147;sem vítima;184;BR-101/RJ;Norte;Saida de Pista;1;1;;;;;1
13/12/2011;12:18:00;108;com vítima;184;BR-101/RJ;Norte;Colisão Frontal;2;1;1;1;1;;2
21/02/2012;12:45:00;71;sem vítima;184,8;BR-101/RJ;Sul;Capotamento;1;1;;;;;1
13/05/2012;14:28:00;97;com vítima;184;BR-101/RJ;Sul;Saida de Pista;1;2;1;;;;1
09/06/2012;07:44:00;32;sem vítima;184;BR-101/RJ;Norte;Colisão Transversal;1;2;;;;;1
13/10/2012;20:59:00;153;sem vítima;184,844;BR-101/RJ;Norte;Saida de Pista;1;1;;;;;1
07/01/2013;13:50:00;125;sem vítima;184;BR-101/RJ;Sul;Colisão Lateral;2;3;;;;;1
30/01/2013;23:48:00;196;com vítima;184,6;BR-101/RJ;Norte;Colisão Frontal;1;1;;;;1;3
18/04/2013;09:16:00;51;com vítima;184;BR-101/RJ;Norte;Colisão Frontal;2;3;1;;;;1
17/05/2013;18:20:00;153;sem vítima;184,5;BR-101/RJ;Sul;Colisão Frontal;4;6;;;;;1
04/09/2013;04:37:00;16;sem vítima;184,692;BR-101/RJ;Sul;Saida de Pista;1;1;;;;;1
20/09/2013;12:21:00;95;com vítima;184,774;BR-101/RJ;Sul;Tombamento;1;0;;1;;;2
23/11/2013;00:32:00;3;sem vítima;184,775;BR-101/RJ;Sul;Colisão Lateral;2;3;;;;;1
15/02/2014;15:34:00;140;sem vítima;184;BR-101/RJ;Norte;Saida de Pista;1;1;;;;;1
18/02/2014;18:43:00;151;sem vítima;184,524;BR-101/RJ;Norte;Saida de Pista;1;1;;;;;1
14/07/2015;21:29:00;212;sem vítima;184;BR-101/RJ;Sul;Colisão Traseira;2;2;;;;;1
31/08/2015;15:11:00;148;com vítima;184,829;BR-101/RJ;Sul;Tombamento;1;0;;;;1;3
09/09/2015;15:53:00;158;com vítima;184;BR-101/RJ;Norte;Colisão Frontal;1;2;1;;;;1
22/09/2015;05:33:00;17;sem vítima;184,336;BR-101/RJ;Sul;Colisão Lateral;2;2;;;;;1
26/02/2010;15:03:00;118;sem vítima;185;BR-101/RJ;Sul;Saida de Pista;1;2;;;;;1
14/03/2010;15:30:00;119;com vítima;185;BR-101/RJ;Sul;Colisão Lateral;1;6;1;;;;1
09/07/2010;19:58:00;159;sem vítima;185;BR-101/RJ;Norte;Colisão Traseira;1;3;;;;;1
15/08/2010;07:45:00;35;com vítima;185;BR-101/RJ;Sul;Saida de Pista;1;0;1;;;;1
13/12/2010;08:26:00;48;com vítima;185;BR-101/RJ;Norte;Colisão Traseira;2;0;;2;;;2
12/05/2011;13:35:00;100;sem vítima;185,5;BR-101/RJ;Sul;Saida de Pista;1;1;;;;;1
12/12/2011;16:47:00;150;sem vítima;185;BR-101/RJ;Sul;Saida de Pista;1;1;;;;;1
28/02/2012;22:42:00;198;sem vítima;185;BR-101/RJ;Norte;Saida de Pista;1;1;;;;;1
21/04/2012;06:26:00;26;sem vítima;185,6;BR-101/RJ;Norte;Tombamento;1;1;;;;;1
25/05/2013;21:22:00;159;sem vítima;185;BR-101/RJ;Norte;Saida de Pista;1;1;;;;;1
12/03/2010;02:12:00;15;com vítima;186;BR-101/RJ;Sul;Colisão Frontal;3;2;;;1;;2
16/09/2010;07:15:00;24;sem vítima;186;BR-101/RJ;Norte;Colisão Traseira;1;2;;;;;1
31/08/2012;08:00:00;50;sem vítima;186;BR-101/RJ;Norte;Colisão Traseira;1;8;;;;;1
25/02/2010;12:18:00;82;sem vítima;187;BR-101/RJ;Norte;Colisão Traseira;2;2;;;;;1
28/10/2010;06:51:00;28;com vítima;187;BR-101/RJ;Norte;Colisão Traseira;1;1;;;1;1;3
06/03/2011;16:16:00;135;sem vítima;7;BR-101/RJ;Norte;Colisão Lateral;1;2;;;;;1
23/10/2011;00:36:00;4;sem vítima;187;BR-101/RJ;Sul;Saida de Pista;1;1;;;;;1
27/03/2012;12:00:00;93;com vítima;187;BR-101/RJ;Sul;Colisão Lateral;1;1;2;;;;1
19/11/2014;23:18:00;170;com vítima;187,262;BR-101/RJ;Norte;Colisão Traseira;2;2;1;;;;1
25/05/2015;11:14:00;107;sem vítima;187;BR-101/RJ;Norte;Saida de Pista;1;3;;;;;1
10/08/2015;15:50:00;157;sem vítima;187,717;BR-101/RJ;Sul;Colisão Lateral;1;4;;;;;1
05/01/2010;18:26:00;155;com vítima;188;BR-101/RJ;Norte;Colisão Lateral;1;1;;;;3;3
21/12/2012;22:44:00;257;sem vítima;188,2;BR-101/RJ;Sul;Engavetamento;1;6;;;;;1
20/12/2013;22:46:00;215;com vítima;188,14;BR-101/RJ;Sul;Colisão Frontal;4;1;4;1;;;2
18/02/2014;14:36:00;121;com vítima;188,493;BR-101/RJ;Sul;Colisão Frontal;1;2;1;;;;1
30/07/2014;08:09:00;53;sem vítima;188;BR-101/RJ;Norte;Colisão Lateral;2;3;;;;;1
09/08/2014;04:00:00;26;com vítima;188,751;BR-101/RJ;Norte;Colisão Lateral;2;2;1;;;;1
21/11/2014;18:52:00;155;sem vítima;188;BR-101/RJ;Sul;Colisão Lateral;1;5;;;;;1
09/07/2015;01:25:00;6;sem vítima;188,27;BR-101/RJ;Sul;Saida de Pista;1;1;;;;;1
15/08/2015;06:27:00;23;com vítima;188,3;BR-101/RJ;Norte;Colisão Frontal;1;1;;1;;;2
20/05/2011;21:09:00;178;com vítima;189;BR-101/RJ;Sul;Saida de Pista;1;0;;;;1;3
24/02/2012;07:56:00;40;com vítima;189;BR-101/RJ;Norte;Saida de Pista;1;0;1;1;;;2
15/10/2012;08:13:00;36;com vítima;189,9;BR-101/RJ;Norte;Colisão Frontal;2;0;2;;1;3;3
09/11/2012;06:34:00;30;com vítima;189,9;BR-101/RJ;Sul;Colisão Lateral;1;0;;2;;;2
20/05/2013;10:52:00;68;com vítima;189,15;BR-101/RJ;Sul;Tombamento;1;0;;1;;;2
10/10/2013;12:49:00;91;sem vítima;189,963;BR-101/RJ;Norte;Colisão Traseira;1;2;;;;;1
28/11/2013;01:46:00;13;sem vítima;189,9;BR-101/RJ;Sul;Colisão Traseira;2;3;;;;;1
30/11/2013;13:25:00;111;sem vítima;189;BR-101/RJ;Sul;Colisão Traseira;1;4;;;;;1
02/12/2013;07:08:00;66;sem vítima;189,978;BR-101/RJ;Norte;Colisão Traseira;2;2;;;;;1
04/12/2013;16:54:00;146;sem vítima;189,5;BR-101/RJ;Sul;Colisão Traseira;1;2;;;;;1
19/12/2013;23:29:00;187;sem vítima;189,8;BR-101/RJ;Sul;Engavetamento;1;4;;;;;1
22/12/2013;17:39:00;165;sem vítima;189;BR-101/RJ;Sul;Engavetamento;1;3;;;;;1
31/12/2013;13:37:00;94;sem vítima;189;BR-101/RJ;Sul;Colisão Traseira;2;3;;;;;1
25/02/2014;14:54:00;136;sem vítima;189;BR-101/RJ;Sul;Colisão Traseira;1;2;;;;;1
02/04/2014;15:39:00;143;sem vítima;189;BR-101/RJ;Sul;Outros - Sequência;2;8;;;;;1
30/04/2014;13:48:00;102;sem vítima;189;BR-101/RJ;Sul;Colisão Lateral;1;2;;;;;1
03/05/2014;08:23:00;39;sem vítima;189,7;BR-101/RJ;Sul;Engavetamento;1;10;;;;;1
28/05/2014;10:28:00;72;sem vítima;189;BR-101/RJ;Sul;Colisão Traseira;1;2;;;;;1
07/08/2014;13:40:00;100;sem vítima;189;BR-101/RJ;Sul;Colisão Traseira;1;2;;;;;1
04/09/2014;17:17:00;101;sem vítima;189,7;BR-101/RJ;Norte;Colisão Traseira;1;2;;;;;1
24/12/2014;02:58:00;15;com vítima;189;BR-101/RJ;Sul;Colisão Traseira;2;1;;1;;;2
17/03/2015;04:13:00;23;sem vítima;189;BR-101/RJ;Sul;Colisão Traseira;2;2;0;0;0;0;1
20/04/2015;09:13:00;55;sem vítima;189,473;BR-101/RJ;Sul;Choque - Talude;1;1;;;;;1
21/04/2015;14:20:00;92;sem vítima;189;BR-101/RJ;Norte;Colisão Traseira;1;5;;;;;1
24/04/2015;13:25:00;96;com vítima;189,394;BR-101/RJ;Norte;Colisão Frontal;1;2;;11;2;2;3
17/07/2015;20:00:00;212;sem vítima;189;BR-101/RJ;Sul;Colisão Traseira;1;2;;;;;1
24/07/2015;06:18:00;21;com vítima;189,7;BR-101/RJ;Sul;Saida de Pista;1;0;1;;;;1
07/10/2015;22:50:00;180;sem vítima;189,964;BR-101/RJ;Sul;Colisão Traseira;1;3;;;;;1
13/11/2015;03:38:00;16;sem vítima;189;BR-101/RJ;Sul;Colisão Traseira;1;2;;;;;1
27/11/2015;01:38:00;5;sem vítima;189,75;BR-101/RJ;Sul;Outros;1;2;;;;;1
14/07/2010;19:43:00;132;sem vítima;190;BR-101/RJ;Sul;Colisão Lateral;2;3;;;;;1
22/01/2011;18:00:00;167;com vítima;190;BR-101/RJ;Sul;Colisão Transversal;1;1;1;1;1;;2
28/10/2011;06:41:00;22;sem vítima;190;BR-101/RJ;Norte;Colisão Lateral;1;2;;;;;1
24/11/2011;05:53:00;23;sem vítima;190;BR-101/RJ;Sul;Tombamento;1;1;;;;;1
27/04/2012;17:14:00;148;sem vítima;190;BR-101/RJ;Sul;Colisão Lateral;1;4;;;;;1
02/05/2012;08:55:00;67;com vítima;190;BR-101/RJ;Norte;Saida de Pista;1;2;2;;;;1
08/05/2012;13:00:00;79;com vítima;190,373;BR-101/RJ;Norte;Tombamento;3;17;;1;;;2
31/05/2012;17:01:00;140;com vítima;190;BR-101/RJ;Norte;Colisão Transversal;1;4;1;;;;1
31/08/2012;11:16:00;92;sem vítima;190;BR-101/RJ;Norte;Colisão Lateral;1;4;;;;;1
12/10/2012;08:14:00;66;com vítima;190;BR-101/RJ;Sul;Colisão Traseira;1;3;3;2;;;2
17/10/2012;20:34:00;168;sem vítima;190;BR-101/RJ;Norte;Colisão Lateral;1;2;;;;;1
01/01/2013;15:20:00;128;com vítima;190;BR-101/RJ;Sul;Colisão Transversal;1;2;3;;;;1
27/04/2013;09:02:00;57;com vítima;190,5;BR-101/RJ;Norte;Colisão Transversal;1;1;1;1;1;2;3
07/06/2013;16:22:00;131;com vítima;190,505;BR-101/RJ;Sul;Colisão Lateral;1;1;2;;1;;2
22/06/2013;06:39:00;34;sem vítima;190,467;BR-101/RJ;Norte;Colisão Lateral;1;4;;;;;1
03/07/2013;17:19:00;124;sem vítima;190;BR-101/RJ;Sul;Colisão Lateral;1;4;;;;;1
15/07/2013;11:31:00;94;sem vítima;190;BR-101/RJ;Norte;Outros - Sequência;2;7;;;;;1
17/07/2013;09:13:00;64;sem vítima;190,263;BR-101/RJ;Sul;Colisão Traseira;2;4;;;;;1
18/07/2013;04:58:00;25;com vítima;190,513;BR-101/RJ;Norte;Colisão Lateral;2;1;1;;;;1
07/08/2013;21:00:00;153;com vítima;190,547;BR-101/RJ;Norte;Colisão Lateral;1;1;2;;;;1
11/09/2013;06:24:00;19;com vítima;190,422;BR-101/RJ;Norte;Colisão Traseira;1;3;;;1;;2
20/09/2013;16:50:00;136;sem vítima;190;BR-101/RJ;Sul;Colisão Traseira;1;3;;;;;1
25/09/2013;21:57:00;152;com vítima;190,562;BR-101/RJ;Sul;Colisão Traseira;2;1;1;;;;1
19/12/2013;00:13:00;4;sem vítima;190;BR-101/RJ;Sul;Colisão Traseira;2;2;;;;;1
14/01/2014;01:26:00;7;com vítima;190,796;BR-101/RJ;Sul;Colisão Traseira;2;1;;1;;;2
15/02/2014;06:30:00;39;com vítima;190;BR-101/RJ;Norte;Colisão Traseira;2;3;1;;;;1
11/04/2014;17:47:00;158;sem vítima;190;BR-101/RJ;Norte;Colisão Lateral;2;2;;;;;1
14/05/2014;15:16:00;109;sem vítima;190;BR-101/RJ;Sul;Colisão Traseira;1;2;;;;;1
16/06/2014;05:30:00;27;sem vítima;190;BR-101/RJ;Sul;Colisão Traseira;1;8;;;;;1
23/06/2014;06:42:00;25;sem vítima;190;BR-101/RJ;Norte;Colisão Traseira;1;4;;;;;1
26/10/2014;23:47:00;159;sem vítima;190;BR-101/RJ;Sul;Colisão Traseira;1;2;;;;;1
22/01/2015;20:48:00;152;sem vítima;190;BR-101/RJ;Sul;Colisão Traseira;1;4;;;;;1
02/02/2015;16:54:00;139;sem vítima;190;BR-101/RJ;Norte;Colisão Traseira;1;2;0;0;0;0;1
04/02/2015;02:26:00;7;com vítima;190;BR-101/RJ;Sul;Tombamento;1;0;1;0;0;0;1
08/02/2015;21:08:00;135;sem vítima;190;BR-101/RJ;Norte;Colisão Traseira;1;7;0;0;0;0;1
22/03/2015;14:29:00;80;sem vítima;190;BR-101/RJ;Sul;Colisão Traseira;1;3;0;0;0;0;1
24/03/2015;08:35:00;57;sem vítima;190;BR-101/RJ;Norte;Colisão Traseira;1;5;0;0;0;0;1
31/03/2015;16:45:00;172;com vítima;190,85;BR-101/RJ;Norte;Colisão Traseira;2;0;2;0;0;0;1
12/06/2015;03:33:00;12;sem vítima;190;BR-101/RJ;Norte;Colisão Traseira;2;2;;;;;1
15/06/2015;00:07:00;2;sem vítima;190;BR-101/RJ;Norte;Colisão Traseira;2;2;;;;;1
16/06/2015;02:48:00;5;com vítima;190,465;BR-101/RJ;Sul;Tombamento;1;0;1;;;;1
18/06/2015;03:52:00;12;com vítima;190,81;BR-101/RJ;Norte;Tombamento;1;0;1;;;;1
04/11/2015;07:49:00;42;sem vítima;190;BR-101/RJ;Norte;Colisão Traseira;1;2;;;;;1
21/11/2015;11:32:00;67;com vítima;190;BR-101/RJ;Norte;Engavetamento;2;3;3;;;;1
21/11/2015;17:20:00;141;sem vítima;190,752;BR-101/RJ;Norte;Engavetamento;1;8;;;;;1
09/11/2010;17:53:00;142;sem vítima;191;BR-101/RJ;Sul;Colisão Lateral;1;2;;;;;1
02/08/2011;08:32:00;67;com vítima;191,10000610351562;BR-101/RJ;Norte;Colisão Transversal;2;4;3;;;1;3
09/08/2011;10:47:00;62;sem vítima;191,14999389648438;BR-101/RJ;Sul;Colisão Traseira;2;2;;;;;1
31/08/2011;10:10:00;57;sem vítima;191;BR-101/RJ;Norte;Tombamento;1;1;;;;;1
21/09/2012;11:47:00;86;com vítima;191,9;BR-101/RJ;Norte;Colisão Lateral;1;6;1;1;;;2
07/10/2012;23:36:00;195;com vítima;191,948;BR-101/RJ;Norte;Colisão Lateral;1;2;;3;;;2
17/09/2013;03:36:00;13;sem vítima;191,624;BR-101/RJ;Norte;Tombamento;1;1;;;;;1
24/10/2013;12:55:00;83;com vítima;191,133;BR-101/RJ;Sul;Colisão Frontal;1;3;2;;;;1
05/11/2013;15:37:00;114;sem vítima;191,093;BR-101/RJ;Norte;Colisão Traseira;1;4;;;;;1
06/03/2014;20:34:00;227;com vítima;191;BR-101/RJ;Norte;Colisão Traseira;2;2;1;;;;1
15/03/2014;05:02:00;22;sem vítima;191;BR-101/RJ;Norte;Colisão Traseira;1;2;;;;;1
09/04/2014;15:34:00;140;sem vítima;191,475;BR-101/RJ;Norte;Colisão Traseira;2;4;;;;;1
28/05/2014;09:23:00;60;sem vítima;191;BR-101/RJ;Norte;Colisão Traseira;1;4;;;;;1
09/07/2014;05:14:00;22;sem vítima;191;BR-101/RJ;Norte;Tombamento;1;1;;;;;1
13/08/2014;12:31:00;87;sem vítima;191,5;BR-101/RJ;Norte;Tombamento;1;3;;;;;1
01/09/2014;22:48:00;177;sem vítima;191;BR-101/RJ;Sul;Colisão Traseira;1;1;;;;;1
04/10/2014;21:58:00;165;com vítima;191;BR-101/RJ;Norte;Colisão Traseira;1;5;1;;;;1
09/10/2014;11:22:00;105;com vítima;191;BR-101/RJ;Sul;Engavetamento;1;8;1;;;;1
13/11/2014;12:28:00;97;sem vítima;191,117;BR-101/RJ;Sul;Colisão Traseira;2;2;;;;;1
10/03/2015;06:23:00;27;sem vítima;191;BR-101/RJ;Norte;Choque - Talude;1;1;0;0;0;0;1
10/03/2015;10:21:00;67;sem vítima;191;BR-101/RJ;Norte;Saida de Pista;1;2;0;0;0;0;1
18/06/2015;09:35:00;71;sem vítima;191,1;BR-101/RJ;Norte;Colisão Traseira;1;3;;;;;1
05/01/2010;07:24:00;35;sem vítima;192;BR-101/RJ;Sul;Choque - Defensa, barreira ou "submarino";1;1;;;;;1
09/04/2010;12:03:00;90;sem vítima;192;BR-101/RJ;Sul;Colisão Traseira;1;4;;;;;1
01/05/2010;10:44:00;67;sem vítima;192;BR-101/RJ;Sul;Colisão Traseira;1;2;;;;;1
06/12/2010;14:13:00;149;sem vítima;192;BR-101/RJ;Norte;Choque - Outros;1;3;;;;;1
16/12/2010;14:12:00;146;sem vítima;192;BR-101/RJ;Norte;Colisão Traseira;1;3;;;;;1
21/12/2010;06:28:00;45;sem vítima;192;BR-101/RJ;Sul;Colisão Lateral;1;2;;;;;1
17/01/2011;16:03:00;162;sem vítima;192;BR-101/RJ;Norte;Colisão Transversal;1;3;;;;;1
21/01/2011;08:49:00;62;sem vítima;192;BR-101/RJ;Sul;Colisão Lateral;2;2;;;;;1
18/02/2011;14:29:00;105;sem vítima;192;BR-101/RJ;Sul;Colisão Lateral;1;2;;;;;1
13/10/2011;20:24:00;183;com vítima;192,8000030517578;BR-101/RJ;Norte;Colisão Traseira;1;0;1;;;1;3
01/01/2012;18:28:00;142;sem vítima;192;BR-101/RJ;Sul;Colisão Traseira;1;2;;;;;1
16/02/2012;10:45:00;79;sem vítima;192,8;BR-101/RJ;Norte;Colisão Traseira;1;3;;;;;1
04/04/2012;16:21:00;134;sem vítima;192;BR-101/RJ;Sul;Colisão Lateral;1;2;;;;;1
27/04/2012;16:39:00;139;sem vítima;192;BR-101/RJ;Norte;Saida de Pista;1;2;;;;;1
04/10/2012;01:31:00;8;sem vítima;192;BR-101/RJ;Norte;Saida de Pista;1;1;;;;;1
26/11/2014;08:49:00;52;com vítima;192,808;BR-101/RJ;Norte;Colisão Traseira;2;2;2;;;;1
22/12/2014;16:46:00;147;com vítima;192,84;BR-101/RJ;Sul;Colisão Frontal;2;0;2;2;;;2
26/02/2015;11:32:00;81;com vítima;192,3;BR-101/RJ;Sul;Colisão Transversal;1;1;;1;;;2
05/08/2015;05:37:00;19;sem vítima;192,783;BR-101/RJ;Norte;Engavetamento;3;4;;;;;1
21/03/2010;10:32:00;53;sem vítima;193;BR-101/RJ;Norte;Colisão Traseira;1;2;;;;;1
23/03/2010;09:40:00;53;sem vítima;193;BR-101/RJ;Norte;Colisão Traseira;1;2;;;;;1
27/03/2010;12:39:00;87;sem vítima;193;BR-101/RJ;Sul;Colisão Traseira;2;2;;;;;1
27/04/2010;16:10:00;122;sem vítima;193;BR-101/RJ;Sul;Colisão Traseira;1;4;;;;;1
09/05/2010;17:11:00;104;sem vítima;193;BR-101/RJ;Norte;Colisão Lateral;1;2;;;;;1
12/05/2010;13:23:00;92;sem vítima;193;BR-101/RJ;Norte;Colisão Traseira;2;2;;;;;1
19/05/2010;23:55:00;161;sem vítima;193;BR-101/RJ;Sul;Colisão Traseira;2;2;;;;;1
21/05/2010;15:07:00;103;sem vítima;193;BR-101/RJ;Norte;Colisão Traseira;1;2;;;;;1
27/05/2010;00:55:00;5;sem vítima;193;BR-101/RJ;Sul;Colisão Traseira;1;2;;;;;1