data;horario;n_da_ocorrencia;tipo_de_ocorrencia;km;trecho;sentido;tipo_de_acidente;caminhao;ilesos;levemente_feridos;moderadamente_feridos;gravemente_feridos;mortos;3
01/07/2010;07:51:00;36;sem vítima;193;BR-101/RJ;Norte;Colisão Traseira;1;2;;;;;1
15/07/2010;14:36:00;103;sem vítima;193;BR-101/RJ;Sul;Choque - Outros;1;1;;;;;1
13/09/2010;18:15:00;169;sem vítima;193;BR-101/RJ;Sul;Colisão Traseira;1;2;;;;;1
14/09/2010;17:56:00;130;sem vítima;193;BR-101/RJ;Sul;Colisão Traseira;1;2;;;;;1
29/09/2010;11:26:00;73;com vítima;193;BR-101/RJ;Norte;Colisão Traseira;1;3;1;;;;1
29/09/2010;13:47:00;113;sem vítima;193;BR-101/RJ;Norte;Colisão Traseira;1;2;;;;;1
29/09/2010;14:37:00;122;sem vítima;193;BR-101/RJ;Sul;Colisão Frontal;1;2;;;;;1
10/11/2010;07:35:00;35;sem vítima;193;BR-101/RJ;Norte;Colisão Traseira;1;3;;;;;1
12/01/2011;21:26:00;165;sem vítima;193;BR-101/RJ;Sul;Colisão Traseira;1;2;;;;;1
23/01/2011;09:56:00;40;sem vítima;193;BR-101/RJ;Sul;Choque - Outros;1;2;;;;;1
04/02/2011;11:44:00;95;sem vítima;193;BR-101/RJ;Sul;Choque - Defensa, barreira ou "submarino";1;2;;;;;1
31/05/2011;16:10:00;111;sem vítima;193;BR-101/RJ;Norte;Colisão Traseira;2;2;;;;;1
02/06/2011;11:31:00;74;sem vítima;193;BR-101/RJ;Sul;Colisão Lateral;1;2;;;;;1
10/06/2011;13:29:00;111;sem vítima;193;BR-101/RJ;Norte;Choque - Defensa, barreira ou "submarino";2;2;;;;;1
10/06/2011;16:57:00;152;sem vítima;193;BR-101/RJ;Sul;Colisão Traseira;2;2;;;;;1
08/08/2011;16:15:00;156;sem vítima;193;BR-101/RJ;Sul;Colisão Traseira;1;2;;;;;1
13/08/2011;13:08:00;119;sem vítima;193;BR-101/RJ;Norte;Colisão Traseira;1;2;;;;;1
13/09/2011;16:07:00;88;sem vítima;193;BR-101/RJ;Sul;Choque - Defensa, barreira ou "submarino";1;3;;;;;1
19/10/2011;14:30:00;96;sem vítima;193;BR-101/RJ;Norte;Colisão Traseira;1;3;;;;;1
01/11/2011;15:09:00;97;sem vítima;193;BR-101/RJ;Norte;Colisão Traseira;1;3;;;;;1
07/11/2011;08:15:00;48;sem vítima;193;BR-101/RJ;Norte;Colisão Traseira;1;6;;;;;1
25/11/2011;22:18:00;198;sem vítima;193;BR-101/RJ;Sul;Colisão Traseira;2;3;;;;;1
01/12/2011;07:14:00;29;sem vítima;193;BR-101/RJ;Sul;Colisão Traseira;1;2;;;;;1
04/12/2011;20:51:00;155;sem vítima;193;BR-101/RJ;Sul;Colisão Traseira;1;2;;;;;1
17/12/2011;19:59:00;179;sem vítima;193,10000610351562;BR-101/RJ;Norte;Colisão Traseira;1;5;;;;;1
13/01/2012;12:57:00;99;sem vítima;193;BR-101/RJ;Norte;Objeto lançado contra veículo;2;2;;;;;1
17/01/2012;05:17:00;25;sem vítima;193;BR-101/RJ;Sul;Colisão Traseira;1;3;;;;;1
25/01/2012;09:20:00;53;sem vítima;193;BR-101/RJ;Sul;Colisão Traseira;1;3;;;;;1
25/03/2012;18:01:00;119;sem vítima;193;BR-101/RJ;Sul;Colisão Traseira;2;2;;;;;1
18/04/2012;11:27:00;61;sem vítima;193;BR-101/RJ;Sul;Colisão Traseira;1;2;;;;;1
03/05/2012;19:43:00;178;sem vítima;193,5;BR-101/RJ;Sul;Colisão Traseira;1;2;;;;;1
19/05/2012;08:22:00;48;sem vítima;193;BR-101/RJ;Sul;Colisão Traseira;1;2;;;;;1
18/07/2012;08:12:00;44;sem vítima;193;BR-101/RJ;Norte;Colisão Traseira;2;2;;;;;1
17/08/2012;10:09:00;61;sem vítima;193;BR-101/RJ;Sul;Colisão Traseira;2;2;;;;;1
14/09/2012;09:26:00;50;sem vítima;193;BR-101/RJ;Norte;Colisão Lateral;1;2;;;;;1
21/09/2012;13:31:00;99;sem vítima;193;BR-101/RJ;Norte;Colisão Lateral;2;2;;;;;1
27/09/2012;13:27:00;120;sem vítima;193;BR-101/RJ;Sul;Colisão Traseira;2;2;;;;;1
05/10/2012;08:50:00;71;sem vítima;193;BR-101/RJ;Sul;Colisão Traseira;1;3;;;;;1
30/10/2012;10:44:00;95;sem vítima;193;BR-101/RJ;Sul;Colisão Traseira;1;2;;;;;1
04/11/2012;07:29:00;37;sem vítima;193;BR-101/RJ;Norte;Colisão Traseira;2;2;;;;;1
07/12/2012;14:09:00;168;sem vítima;193;BR-101/RJ;Sul;Colisão Traseira;1;2;;;;;1
26/01/2013;13:18:00;103;com vítima;193;BR-101/RJ;Norte;Colisão Lateral;1;1;;1;;;2
30/01/2013;10:42:00;78;sem vítima;193;BR-101/RJ;Sul;Colisão Traseira;2;2;;;;;1
01/03/2013;09:49:00;68;sem vítima;193,25;BR-101/RJ;Sul;Colisão Traseira;1;2;;;;;1
03/04/2013;23:55:00;171;sem vítima;193;BR-101/RJ;Sul;Colisão Transversal;2;2;;;;;1
04/05/2013;09:50:00;64;sem vítima;193;BR-101/RJ;Sul;Colisão Lateral;2;2;;;;;1
04/06/2013;15:27:00;123;sem vítima;193;BR-101/RJ;Norte;Colisão Traseira;1;2;;;;;1
14/06/2013;16:50:00;123;sem vítima;193;BR-101/RJ;Sul;Colisão Traseira;1;7;;;;;1
16/06/2013;14:26:00;81;com vítima;193;BR-101/RJ;Sul;Colisão Traseira;1;3;1;;;;1
20/06/2013;08:25:00;36;sem vítima;193;BR-101/RJ;Norte;Colisão Traseira;1;2;;;;;1
03/07/2013;20:53:00;143;sem vítima;193;BR-101/RJ;Sul;Colisão Lateral;2;2;;;;;1
05/08/2013;13:14:00;111;sem vítima;193;BR-101/RJ;Sul;Colisão Traseira;1;2;;;;;1
08/08/2013;07:47:00;34;sem vítima;193;BR-101/RJ;Norte;Colisão Traseira;2;2;;;;;1
13/08/2013;08:09:00;31;sem vítima;193;BR-101/RJ;Sul;Colisão Traseira;1;2;;;;;1
19/08/2013;08:38:00;59;sem vítima;193;BR-101/RJ;Norte;Colisão Traseira;1;2;;;;;1
14/10/2013;07:15:00;35;sem vítima;193;BR-101/RJ;Norte;Colisão Traseira;2;2;;;;;1
24/10/2013;07:32:00;28;sem vítima;193,1;BR-101/RJ;Norte;Colisão Traseira;2;2;;;;;1
04/11/2013;16:08:00;136;sem vítima;193;BR-101/RJ;Sul;Tombamento;1;1;;;;;1
11/11/2013;15:08:00;122;com vítima;193,757;BR-101/RJ;Norte;Colisão Lateral;1;2;;1;1;;2
09/12/2013;08:34:00;55;sem vítima;193;BR-101/RJ;Norte;Colisão Traseira;1;2;;;;;1
14/01/2014;17:13:00;148;sem vítima;193;BR-101/RJ;Norte;Colisão Traseira;1;2;;;;;1
08/02/2014;14:27:00;108;sem vítima;193;BR-101/RJ;Norte;Colisão Lateral;1;3;;;;;1
12/02/2014;18:52:00;170;sem vítima;193;BR-101/RJ;Norte;Choque - Suporte de Sinalização;1;1;;;;;1
01/03/2014;21:05:00;355;sem vítima;193;BR-101/RJ;Norte;Colisão Lateral;1;2;;;;;1
23/04/2014;20:57:00;172;sem vítima;193;BR-101/RJ;Sul;Colisão Traseira;1;4;;;;;1
17/06/2014;02:17:00;18;sem vítima;193;BR-101/RJ;Norte;Choque - Cancela de Pedagio;1;1;;;;;1
27/06/2014;07:37:00;33;sem vítima;193;BR-101/RJ;Sul;Colisão Traseira;1;3;;;;;1
14/07/2014;15:21:00;109;sem vítima;193;BR-101/RJ;Norte;Choque - Defensa, barreira ou "submarino";1;1;;;;;1
17/07/2014;17:41:00;128;sem vítima;193;BR-101/RJ;Norte;Colisão Traseira;2;2;;;;;1
23/07/2014;20:49:00;164;sem vítima;193;BR-101/RJ;Sul;Colisão Lateral;1;2;;;;;1
11/08/2014;21:33:00;168;com vítima;193,171;BR-101/RJ;Sul;Colisão Lateral;1;1;1;;;;1
03/09/2014;10:25:00;68;sem vítima;193;BR-101/RJ;Norte;Colisão Traseira;1;2;;;;;1
11/09/2014;13:52:00;105;sem vítima;193;BR-101/RJ;Sul;Colisão Traseira;1;2;;;;;1
23/09/2014;19:12:00;153;sem vítima;193;BR-101/RJ;Norte;Colisão Traseira;1;3;;;;;1
03/12/2014;17:12:00;122;sem vítima;193;BR-101/RJ;Norte;Colisão Traseira;1;2;;;;;1
09/12/2014;13:47:00;109;sem vítima;193;BR-101/RJ;Norte;Choque - Defensa, barreira ou "submarino";1;1;;;;;1
19/12/2014;08:35:00;55;sem vítima;193;BR-101/RJ;Norte;Colisão Traseira;1;2;;;;;1
26/01/2015;07:24:00;35;com vítima;193;BR-101/RJ;Norte;Colisão Traseira;2;1;1;;;;1
28/01/2015;15:17:00;114;sem vítima;193;BR-101/RJ;Norte;Colisão Traseira;1;3;;;;;1
23/04/2015;12:12:00;95;com vítima;193;BR-101/RJ;Sul;Colisão Traseira;1;0;3;;;;1
19/05/2015;11:36:00;95;com vítima;193;BR-101/RJ;Sul;Colisão Traseira;1;1;1;;;;1
14/06/2015;15:38:00;106;sem vítima;193;BR-101/RJ;Sul;Colisão Traseira;1;2;;;;;1
09/07/2015;16:56:00;160;sem vítima;193;BR-101/RJ;Sul;Saida de Pista;1;1;;;;;1
07/10/2015;15:52:00;124;sem vítima;193;BR-101/RJ;Sul;Colisão Traseira;1;2;;;;;1
19/12/2015;20:36:00;246;sem vítima;193;BR-101/RJ;Sul;Colisão Traseira;1;6;;;;;1
21/12/2010;09:43:00;86;sem vítima;194;BR-101/RJ;Norte;Colisão Traseira;1;3;;;;;1
29/12/2010;18:15:00;174;com vítima;194;BR-101/RJ;Sul;Colisão Traseira;2;2;;;1;;2
06/05/2011;10:49:00;61;sem vítima;194;BR-101/RJ;Sul;Colisão Traseira;1;2;;;;;1
05/08/2011;13:48:00;102;sem vítima;194,89999389648438;BR-101/RJ;Norte;Colisão Traseira;1;7;;;;;1
03/12/2012;16:47:00;167;sem vítima;194;BR-101/RJ;Norte;Colisão Traseira;2;3;;;;;1
09/10/2014;08:02:00;59;sem vítima;194;BR-101/RJ;Norte;Colisão Traseira;1;3;;;;;1
13/05/2015;12:12:00;90;com vítima;194,981;BR-101/RJ;Norte;Tombamento;1;0;1;;;;1
04/05/2010;12:09:00;90;sem vítima;195;BR-101/RJ;Sul;Objeto lançado contra veículo;1;4;;;;;1
06/09/2010;15:14:00;105;com vítima;195;BR-101/RJ;Sul;Colisão Frontal;2;3;;;;1;3
02/10/2010;09:39:00;57;com vítima;195;BR-101/RJ;Norte;Colisão Lateral;5;6;1;2;;;2
14/12/2010;01:41:00;8;com vítima;195,5;BR-101/RJ;Norte;Colisão Frontal;1;2;;;;1;3
07/03/2011;09:55:00;46;sem vítima;124;BR-101/RJ;Sul;Colisão Lateral;1;5;;;;;1
10/11/2012;19:08:00;156;sem vítima;195;BR-101/RJ;Norte;Colisão Traseira;1;2;;;;;1
27/11/2012;02:16:00;11;com vítima;195,241;BR-101/RJ;Sul;Tombamento;1;0;1;;;;1
08/01/2013;06:47:00;37;com vítima;195,1;BR-101/RJ;Sul;Colisão Frontal;1;0;1;;;2;3
31/01/2013;01:34:00;7;sem vítima;195;BR-101/RJ;Norte;Colisão Lateral;1;2;;;;;1
23/07/2013;04:16:00;19;com vítima;195,446;BR-101/RJ;Sul;Tombamento;1;0;;1;;;2
18/03/2015;08:23:00;51;com vítima;195,744;BR-101/RJ;Norte;Colisão Frontal;1;1;3;0;0;0;1
21/06/2015;15:40:00;109;com vítima;195,78;BR-101/RJ;Sul;Tombamento;1;0;2;;;;1
11/09/2010;20:50:00;177;sem vítima;196;BR-101/RJ;Norte;Colisão Traseira;1;4;;;;;1
07/03/2011;10:31:00;50;com vítima;80;BR-101/RJ;Norte;Outros - Sequência;1;7;1;;1;;2
10/04/2013;14:40:00;108;com vítima;196,2;BR-101/RJ;Sul;Colisão Frontal;1;1;;;;2;3
13/07/2013;03:38:00;15;com vítima;196;BR-101/RJ;Norte;Saida de Pista;1;0;4;;;;1
20/08/2013;12:09:00;83;sem vítima;196;BR-101/RJ;Sul;Colisão Frontal;1;3;;;;;1
02/01/2014;19:01:00;179;com vítima;196,055;BR-101/RJ;Norte;Colisão Transversal;1;4;1;2;;1;3
21/02/2014;07:33:00;47;com vítima;196,5;BR-101/RJ;Sul;Tombamento;1;0;2;;;;1
29/09/2014;07:20:00;32;sem vítima;196;BR-101/RJ;Norte;Colisão Traseira;1;5;;;;;1
06/10/2014;10:44:00;89;com vítima;196,95;BR-101/RJ;Sul;Colisão Frontal;1;0;;1;;1;3
20/01/2015;14:44:00;124;sem vítima;196;BR-101/RJ;Norte;Colisão Traseira;1;2;;;;;1
18/12/2015;20:57:00;274;sem vítima;196;BR-101/RJ;Sul;Colisão Traseira;1;2;;;;;1
02/06/2010;08:22:00;47;sem vítima;197;BR-101/RJ;Norte;Atropelamento de Animal;1;1;;;;;1
25/06/2010;14:21:00;92;sem vítima;197;BR-101/RJ;Norte;Colisão Traseira;1;2;;;;;1
11/09/2010;19:07:00;161;com vítima;197;BR-101/RJ;Sul;Saida de Pista;1;1;;1;;;2
15/11/2010;15:06:00;108;sem vítima;197;BR-101/RJ;Norte;Colisão Lateral;1;5;;;;;1
24/05/2011;11:25:00;95;sem vítima;197;BR-101/RJ;Norte;Colisão Traseira;1;2;;;;;1
03/06/2011;19:34:00;183;sem vítima;197;BR-101/RJ;Norte;Colisão Lateral;2;2;;;;;1
07/08/2011;08:52:00;45;com vítima;197,1999969482422;BR-101/RJ;Norte;Colisão Lateral;1;4;1;;;;1
01/03/2014;17:49:00;304;com vítima;197,46;BR-101/RJ;Norte;Colisão Traseira;1;2;1;;;;1
02/08/2014;15:02:00;90;sem vítima;197;BR-101/RJ;Sul;Colisão Frontal;1;5;;;;;1
22/06/2010;01:53:00;9;sem vítima;198;BR-101/RJ;Sul;Atropelamento de Animal;1;2;;;;;1
29/07/2010;15:49:00;142;sem vítima;198;BR-101/RJ;Sul;Colisão Traseira;2;3;;;;;1
27/08/2010;06:40:00;27;sem vítima;198;BR-101/RJ;Norte;Colisão Traseira;1;3;;;;;1
01/09/2011;19:28:00;148;com vítima;198,5;BR-101/RJ;Sul;Outros - Sequência;4;5;2;;1;;2
29/11/2012;05:32:00;20;com vítima;198,7;BR-101/RJ;Norte;Colisão Frontal;1;1;;;;1;3
09/02/2015;17:32:00;154;sem vítima;198,8;BR-101/RJ;Sul;Saida de Pista;1;1;0;0;0;0;1
13/08/2010;17:40:00;156;sem vítima;199;BR-101/RJ;Norte;Colisão Traseira;1;2;;;;;1
16/06/2011;17:26:00;143;com vítima;199;BR-101/RJ;Norte;Outros - Sequência;1;2;;1;;;2
19/11/2011;18:21:00;104;com vítima;199;BR-101/RJ;Sul;Saida de Pista;1;0;1;;;;1
22/10/2012;00:18:00;4;sem vítima;199,37;BR-101/RJ;Sul;Atropelamento de Animal;1;1;;;;;1
04/01/2013;23:09:00;200;com vítima;199,8;BR-101/RJ;Norte;Colisão Frontal;1;1;3;1;1;3;3
24/09/2013;17:13:00;126;com vítima;199,8;BR-101/RJ;Sul;Colisão Frontal;1;2;2;;;;1
24/11/2013;20:34:00;158;sem vítima;199;BR-101/RJ;Norte;Colisão Lateral;1;6;;;;;1
01/03/2014;17:06:00;290;sem vítima;199;BR-101/RJ;Norte;Colisão Traseira;1;6;;;;;1
21/11/2014;02:18:00;16;sem vítima;199;BR-101/RJ;Norte;Colisão Lateral;1;2;;;;;1
18/02/2015;15:20:00;125;sem vítima;199;BR-101/RJ;Sul;Engavetamento;1;18;0;0;0;0;1
09/07/2015;13:48:00;136;com vítima;199,54;BR-101/RJ;Norte;Colisão Frontal;2;22;1;;;;1
12/05/2010;17:21:00;122;sem vítima;200;BR-101/RJ;Sul;Colisão Traseira;1;2;;;;;1
17/05/2010;16:54:00;116;sem vítima;200;BR-101/RJ;Sul;Colisão Traseira;2;5;;;;;1
06/10/2010;21:43:00;151;sem vítima;200;BR-101/RJ;Sul;Colisão Lateral;2;2;;;;;1
04/11/2010;18:12:00;150;sem vítima;200;BR-101/RJ;Sul;Saida de Pista;1;1;;;;;1
09/12/2010;00:26:00;4;sem vítima;200;BR-101/RJ;Sul;Colisão Traseira;2;2;;;;;1
21/01/2011;17:31:00;160;sem vítima;200;BR-101/RJ;Sul;Engavetamento;2;9;;;;;1
11/05/2011;05:34:00;8;sem vítima;200;BR-101/RJ;Sul;Atropelamento de Animal;1;1;;;;;1
16/06/2011;08:15:00;48;com vítima;200;BR-101/RJ;Sul;Colisão Frontal;1;1;6;2;;;2
03/09/2011;18:02:00;128;com vítima;200;BR-101/RJ;Norte;Atropelamento - Ciclista;1;1;;;1;;2
20/10/2011;14:24:00;116;sem vítima;200;BR-101/RJ;Sul;Colisão Traseira;1;2;;;;;1
07/04/2012;18:34:00;122;sem vítima;200,8;BR-101/RJ;Norte;Atropelamento de Animal;1;1;;;;;1
29/06/2012;06:42:00;17;sem vítima;200,5;BR-101/RJ;Norte;Colisão Traseira;2;2;;;;;1
29/11/2012;15:34:00;142;com vítima;200,05;BR-101/RJ;Sul;Tombamento;1;0;2;;;;1
08/12/2012;05:55:00;33;com vítima;200;BR-101/RJ;Norte;Colisão Lateral;1;1;1;;;;1
24/05/2013;21:43:00;173;sem vítima;200;BR-101/RJ;Norte;Saida de Pista;1;1;;;;;1
20/09/2013;12:03:00;90;com vítima;200,633;BR-101/RJ;Sul;Colisão Traseira;1;1;2;;;;1
18/01/2014;01:13:00;19;com vítima;200;BR-101/RJ;Sul;Tombamento;1;0;3;;;;1
04/11/2014;13:32:00;114;sem vítima;200;BR-101/RJ;Norte;Tombamento;1;1;;;;;1
27/06/2015;01:32:00;7;com vítima;200,09;BR-101/RJ;Sul;Colisão Transversal;1;1;1;;;;1
23/08/2015;23:50:00;200;sem vítima;200,5;BR-101/RJ;Sul;Atropelamento de Animal;1;1;;;;;1
30/08/2015;01:27:00;7;sem vítima;200,6;BR-101/RJ;Sul;Atropelamento de Animal;1;1;;;;;1
05/10/2015;09:18:00;77;sem vítima;200,583;BR-101/RJ;Norte;Colisão Frontal;1;2;;;;;1
10/02/2010;06:25:00;48;sem vítima;201;BR-101/RJ;Norte;Tombamento;1;2;;;;;1
14/04/2010;04:34:00;27;com vítima;201;BR-101/RJ;Norte;Colisão Lateral;1;3;;1;;;2
28/05/2010;12:26:00;106;com vítima;201;BR-101/RJ;Norte;Atropelamento - Ciclista;1;1;;;;1;3
28/10/2010;12:23:00;95;com vítima;201;BR-101/RJ;Sul;Saida de Pista;1;2;2;;;;1
29/08/2011;12:59:00;114;com vítima;201;BR-101/RJ;Sul;Colisão Frontal;3;1;3;1;;;2
31/10/2013;18:09:00;116;com vítima;201,4;BR-101/RJ;Sul;Colisão Lateral;2;1;1;1;;;2
18/01/2014;08:15:00;78;sem vítima;201;BR-101/RJ;Norte;Colisão Traseira;2;2;;;;;1
23/09/2014;13:48:00;96;sem vítima;201;BR-101/RJ;Sul;Saida de Pista;1;1;;;;;1
29/10/2015;18:47:00;185;com vítima;201,914;BR-101/RJ;Norte;Colisão Frontal;2;2;1;;;;1
07/03/2011;23:28:00;148;sem vítima;320;BR-101/RJ;Norte;Colisão Lateral;1;2;;;;;1
19/06/2011;15:02:00;97;com vítima;202;BR-101/RJ;Norte;Colisão Frontal;1;2;1;4;;1;3
01/09/2011;01:20:00;5;com vítima;202,5;BR-101/RJ;Norte;Saida de Pista;1;0;1;;;;1
16/09/2011;17:05:00;117;sem vítima;202;BR-101/RJ;Sul;Colisão Traseira;2;2;;;;;1
18/09/2013;15:31:00;131;com vítima;202,5;BR-101/RJ;Norte;Saida de Pista;1;1;1;;;;1
19/07/2014;09:31:00;39;com vítima;202,273;BR-101/RJ;Sul;Colisão Lateral;1;1;1;;;;1
23/09/2014;17:33:00;133;com vítima;202,9;BR-101/RJ;Sul;Colisão Traseira;2;1;;1;;;2
25/02/2010;17:53:00;147;sem vítima;203;BR-101/RJ;Sul;Colisão Lateral;1;2;;;;;1
27/11/2012;16:22:00;103;sem vítima;203;BR-101/RJ;Norte;Saida de Pista;1;1;;;;;1
29/01/2013;11:38:00;84;com vítima;203,494;BR-101/RJ;Sul;Outros - Sequência;1;3;1;1;;;2
13/03/2013;22:44:00;224;sem vítima;203,15;BR-101/RJ;Sul;Saida de Pista;1;1;;;;;1
05/09/2012;09:36:00;82;sem vítima;204;BR-101/RJ;Sul;Objeto lançado contra veículo;1;5;;;;;1
20/10/2012;01:53:00;8;sem vítima;204,3;BR-101/RJ;Sul;Colisão Lateral;2;2;;;;;1
26/11/2012;16:39:00;149;com vítima;204,289;BR-101/RJ;Sul;Queda de Moto;1;1;1;;;;1
12/12/2013;06:09:00;26;sem vítima;204,808;BR-101/RJ;Norte;Colisão Transversal;1;3;;;;;1
24/08/2010;16:14:00;147;sem vítima;205;BR-101/RJ;Sul;Colisão Traseira;1;3;;;;;1
13/12/2010;08:35:00;50;sem vítima;205;BR-101/RJ;Norte;Colisão Traseira;1;3;;;;;1
14/01/2011;17:26:00;156;sem vítima;205;BR-101/RJ;Norte;Colisão Lateral;2;7;;;;;1
27/09/2011;07:06:00;25;com vítima;205;BR-101/RJ;Norte;Colisão Traseira;1;1;;;1;;2
04/01/2012;13:26:00;110;sem vítima;205;BR-101/RJ;Sul;Colisão Traseira;1;2;;;;;1
07/03/2012;07:28:00;38;sem vítima;205;BR-101/RJ;Norte;Colisão Traseira;1;2;;;;;1
15/03/2012;11:57:00;83;sem vítima;205;BR-101/RJ;Norte;Colisão Lateral;1;5;;;;;1
20/03/2012;21:54:00;159;sem vítima;205;BR-101/RJ;Norte;Atropelamento de Animal;1;1;;;;;1
21/12/2012;10:17:00;98;sem vítima;205,7;BR-101/RJ;Norte;Colisão Traseira;2;2;;;;;1
23/03/2013;16:39:00;147;sem vítima;205;BR-101/RJ;Sul;Colisão Traseira;1;5;;;;;1
06/05/2013;08:04:00;40;com vítima;205,01;BR-101/RJ;Sul;Colisão Frontal;2;2;;;;1;3
07/06/2013;19:26:00;172;com vítima;205,3;BR-101/RJ;Norte;Colisão Frontal;1;2;1;2;1;;2
02/10/2013;16:21:00;113;sem vítima;205;BR-101/RJ;Norte;Colisão Lateral;1;2;;;;;1
03/12/2013;11:39:00;96;sem vítima;205,9;BR-101/RJ;Sul;Colisão Transversal;1;4;;;;;1
11/12/2013;17:45:00;158;sem vítima;205,422;BR-101/RJ;Sul;Colisão Lateral;1;3;;;;;1
15/10/2014;16:04:00;111;sem vítima;205;BR-101/RJ;Norte;Colisão Traseira;1;2;;;;;1
12/02/2010;00:39:00;6;com vítima;206;BR-101/RJ;Norte;Colisão Traseira;2;1;1;;;;1
25/10/2010;09:21:00;76;sem vítima;206,85000610351562;BR-101/RJ;Norte;Colisão Traseira;1;3;;;;;1
21/12/2010;17:15:00;163;com vítima;206;BR-101/RJ;Norte;Colisão Transversal;1;1;1;;;;1
21/02/2011;13:17:00;112;sem vítima;206;BR-101/RJ;Norte;Colisão Traseira;1;2;;;;;1
21/02/2011;16:18:00;152;sem vítima;206;BR-101/RJ;Sul;Colisão Traseira;1;2;;;;;1
23/02/2011;15:21:00;117;com vítima;206;BR-101/RJ;Sul;Queda de Moto;1;2;;;1;;2
20/05/2011;15:45:00;120;sem vítima;206;BR-101/RJ;Norte;Colisão Traseira;1;2;;;;;1
25/09/2011;17:21:00;102;sem vítima;206,6999969482422;BR-101/RJ;Norte;Colisão Traseira;1;2;;;;;1
25/01/2012;04:43:00;16;com vítima;206,8;BR-101/RJ;Sul;Colisão Traseira;2;1;1;;;;1
28/02/2012;17:44:00;145;com vítima;206;BR-101/RJ;Sul;Colisão Traseira;1;4;1;;;;1
16/03/2012;17:37:00;152;sem vítima;206;BR-101/RJ;Norte;Engavetamento;1;6;;;;;1
29/06/2012;17:58:00;172;sem vítima;206;BR-101/RJ;Sul;Colisão Lateral;1;5;;;;;1
10/09/2012;18:54:00;205;sem vítima;206,2;BR-101/RJ;Norte;Colisão Traseira;2;4;;;;;1
26/09/2012;12:53:00;79;sem vítima;206,7;BR-101/RJ;Norte;Colisão Traseira;2;4;;;;;1
17/11/2012;00:29:00;3;sem vítima;206,8;BR-101/RJ;Norte;Capotamento;2;4;;;;;1
21/11/2012;08:02:00;37;sem vítima;206;BR-101/RJ;Norte;Colisão Traseira;1;2;;;;;1
02/12/2012;15:14:00;116;sem vítima;206;BR-101/RJ;Norte;Saida de Pista;1;1;;;;;1
20/12/2012;00:45:00;5;sem vítima;206;BR-101/RJ;Norte;Colisão Traseira;1;2;;;;;1
20/12/2012;15:21:00;139;com vítima;206;BR-101/RJ;Norte;Colisão Traseira;1;3;1;;;;1
22/01/2013;12:55:00;111;com vítima;206,764;BR-101/RJ;Sul;Tombamento;1;0;1;;;;1
24/01/2013;20:11:00;161;sem vítima;206;BR-101/RJ;Sul;Colisão Lateral;1;2;;;;;1
25/01/2013;14:24:00;116;com vítima;206,8;BR-101/RJ;Norte;Outros - Sequência;2;7;1;;;;1
29/01/2013;12:57:00;99;sem vítima;206;BR-101/RJ;Norte;Colisão Traseira;1;3;;;;;1
11/06/2013;07:13:00;34;sem vítima;206;BR-101/RJ;Norte;Colisão Traseira;1;2;;;;;1
16/06/2013;20:14:00;152;com vítima;206;BR-101/RJ;Norte;Colisão Lateral;1;2;2;;;;1
13/08/2013;14:43:00;100;sem vítima;206;BR-101/RJ;Sul;Colisão Lateral;1;3;;;;;1
16/08/2013;12:29:00;104;com vítima;206;BR-101/RJ;Norte;Colisão Frontal;1;1;;1;;;2
04/09/2013;19:23:00;146;com vítima;206,76;BR-101/RJ;Norte;Saida de Pista;1;0;1;;;;1
13/09/2013;12:09:00;105;sem vítima;206,6;BR-101/RJ;Norte;Colisão Traseira;1;2;;;;;1
01/02/2014;13:51:00;118;sem vítima;206,35;BR-101/RJ;Sul;Colisão Traseira;1;2;;;;;1
18/07/2014;12:10:00;101;com vítima;206;BR-101/RJ;Norte;Atropelamento - Ciclista;1;1;;1;;;2
18/12/2014;18:02:00;150;sem vítima;206;BR-101/RJ;Sul;Engavetamento;1;3;;;;;1
24/02/2015;10:41:00;71;sem vítima;206;BR-101/RJ;Norte;Colisão Lateral;1;2;;;;;1
16/04/2015;12:47:00;119;sem vítima;206;BR-101/RJ;Norte;Colisão Lateral;1;3;;;;;1
18/06/2015;09:35:00;70;com vítima;206,02;BR-101/RJ;Norte;Outros - Sequência;1;1;1;1;;;2
01/07/2015;22:41:00;208;com vítima;206,825;BR-101/RJ;Norte;Colisão Traseira;2;0;2;;;;1
17/07/2015;07:40:00;49;sem vítima;206;BR-101/RJ;Norte;Colisão Traseira;1;2;;;;;1
30/07/2015;11:30:00;101;com vítima;206;BR-101/RJ;Norte;Engavetamento;1;1;2;;;;1
20/11/2015;11:17:00;99;sem vítima;206;BR-101/RJ;Sul;Colisão Traseira;1;2;;;;;1
25/11/2015;08:37:00;69;sem vítima;206,64;BR-101/RJ;Norte;Engavetamento;1;4;;;;;1
12/02/2010;12:13:00;124;sem vítima;207;BR-101/RJ;Sul;Colisão Lateral;1;2;;;;;1
26/02/2010;07:59:00;40;sem vítima;207;BR-101/RJ;Sul;Tombamento;1;1;;;;;1
09/05/2010;23:09:00;174;com vítima;207;BR-101/RJ;Sul;Colisão Lateral;1;1;2;;;;1
26/07/2010;00:25:00;8;sem vítima;207;BR-101/RJ;Sul;Colisão Traseira;1;2;;;;;1
05/08/2010;13:59:00;102;sem vítima;207;BR-101/RJ;Norte;Colisão Transversal;2;4;;;;;1
22/10/2010;17:53:00;144;sem vítima;207;BR-101/RJ;Norte;Colisão Traseira;1;3;;;;;1
29/11/2010;02:21:00;20;sem vítima;207;BR-101/RJ;Norte;Colisão Traseira;1;23;;;;;1