data;horario;n_da_ocorrencia;tipo_de_ocorrencia;km;trecho;sentido;tipo_de_acidente;caminhao;ilesos;levemente_feridos;moderadamente_feridos;gravemente_feridos;mortos;3
30/12/2010;16:43:00;139;sem vítima;207;BR-101/RJ;Norte;Colisão Traseira;1;5;;;;;1
03/01/2011;09:12:00;107;com vítima;207;BR-101/RJ;Norte;Colisão Lateral;1;1;3;;;;1
19/01/2011;17:19:00;174;sem vítima;207;BR-101/RJ;Norte;Colisão Traseira;1;8;;;;;1
10/12/2011;16:06:00;165;sem vítima;207;BR-101/RJ;Norte;Colisão Traseira;1;2;;;;;1
01/02/2012;08:04:00;38;sem vítima;207,5;BR-101/RJ;Norte;Tombamento;1;1;;;;;1
18/03/2012;20:26:00;140;sem vítima;207,5;BR-101/RJ;Norte;Colisão Traseira;1;7;;;;;1
22/04/2012;21:03:00;137;com vítima;207;BR-101/RJ;Norte;Colisão Frontal;3;2;1;;;;1
26/05/2012;11:51:00;89;sem vítima;207;BR-101/RJ;Sul;Colisão Traseira;1;7;;;;;1
23/01/2013;11:36:00;90;sem vítima;207;BR-101/RJ;Norte;Colisão Lateral;1;2;;;;;1
30/01/2013;14:52:00;117;sem vítima;207;BR-101/RJ;Norte;Engavetamento;2;6;;;;;1
18/12/2013;13:51:00;118;com vítima;207,118;BR-101/RJ;Sul;Colisão Frontal;1;0;1;;;2;3
23/01/2014;09:17:00;55;com vítima;207;BR-101/RJ;Sul;Colisão Frontal;1;2;2;;;;1
26/02/2014;04:11:00;23;sem vítima;207;BR-101/RJ;Norte;Colisão Traseira;2;2;;;;;1
09/07/2014;07:40:00;43;com vítima;207,3;BR-101/RJ;Norte;Engavetamento;4;0;3;;;1;3
07/08/2014;21:25:00;159;sem vítima;207;BR-101/RJ;Norte;Colisão Traseira;2;2;;;;;1
09/02/2015;17:13:00;151;sem vítima;207;BR-101/RJ;Norte;Engavetamento;1;7;0;0;0;0;1
02/04/2015;18:12:00;186;sem vítima;207;BR-101/RJ;Norte;Colisão Lateral;1;2;;;;;1
28/05/2015;14:14:00;141;com vítima;207,625;BR-101/RJ;Norte;Outros - Sequência;2;0;1;2;1;;2
24/10/2015;07:49:00;43;com vítima;207,12;BR-101/RJ;Sul;Colisão Frontal;1;1;1;;;;1
25/09/2010;09:20:00;54;com vítima;208;BR-101/RJ;Norte;Colisão Frontal;3;0;2;1;;;2
04/01/2011;10:47:00;97;sem vítima;208;BR-101/RJ;Norte;Colisão Traseira;2;2;;;;;1
14/01/2011;17:07:00;152;sem vítima;208;BR-101/RJ;Norte;Engavetamento;1;3;;;;;1
30/10/2011;20:16:00;143;sem vítima;208,10000610351562;BR-101/RJ;Norte;Colisão Traseira;1;5;;;;;1
14/03/2012;00:11:00;1;com vítima;208;BR-101/RJ;Sul;Colisão Frontal;1;2;;1;;;2
18/06/2012;06:41:00;76;sem vítima;208;BR-101/RJ;Norte;Saida de Pista;1;1;;;;;1
18/06/2012;06:40:00;36;com vítima;208,3;BR-101/RJ;Norte;Colisão Frontal;1;2;;1;1;2;3
24/07/2012;16:54:00;142;sem vítima;208;BR-101/RJ;Sul;Colisão Traseira;1;2;;;;;1
07/09/2012;15:58:00;189;sem vítima;208,7;BR-101/RJ;Norte;Colisão Traseira;1;2;;;;;1
20/10/2013;12:52:00;75;com vítima;208,32;BR-101/RJ;Sul;Colisão Frontal;1;2;;;1;2;3
17/02/2014;13:20:00;96;com vítima;208,55;BR-101/RJ;Norte;Colisão Traseira;2;1;2;;;;1
08/04/2014;12:35:00;96;com vítima;208,6;BR-101/RJ;Norte;Colisão Frontal;1;2;;1;1;1;3
07/07/2014;20:18:00;170;sem vítima;208;BR-101/RJ;Sul;Atropelamento de Animal;1;1;;;;;1
15/06/2015;14:44:00;123;com vítima;208;BR-101/RJ;Sul;Saida de Pista;1;0;1;;;;1
02/09/2015;18:27:00;165;com vítima;208,366;BR-101/RJ;Norte;Colisão Frontal;1;2;;1;;;2
30/09/2015;14:37:00;128;sem vítima;208;BR-101/RJ;Sul;Engavetamento;2;3;;;;;1
15/12/2015;13:06:00;140;sem vítima;208;BR-101/RJ;Sul;Colisão Frontal;1;2;;;;;1
30/06/2011;15:52:00;92;sem vítima;209,8000030517578;BR-101/RJ;Norte;Tombamento;1;1;;;;;1
12/01/2012;08:50:00;66;sem vítima;209;BR-101/RJ;Norte;Colisão Traseira;1;2;;;;;1
10/06/2012;11:11:00;74;sem vítima;209;BR-101/RJ;Sul;Colisão Lateral;1;2;;;;;1
11/01/2013;14:52:00;120;com vítima;209,88;BR-101/RJ;Sul;Colisão Frontal;1;0;3;;1;3;3
17/01/2013;10:01:00;68;sem vítima;209;BR-101/RJ;Sul;Colisão Lateral;1;3;;;;;1
03/02/2013;07:17:00;28;sem vítima;209,73;BR-101/RJ;Norte;Tombamento;1;1;;;;;1
05/04/2013;20:34:00;164;sem vítima;209,224;BR-101/RJ;Norte;Atropelamento de Animal;2;2;;;;;1
06/04/2013;23:48:00;220;sem vítima;209,65;BR-101/RJ;Norte;Tombamento;1;1;;;;;1
16/06/2013;22:14:00;170;sem vítima;209,935;BR-101/RJ;Norte;Colisão Lateral;1;2;;;;;1
09/07/2013;22:57:00;164;sem vítima;209,483;BR-101/RJ;Sul;Saida de Pista;1;1;;;;;1
14/07/2013;13:18:00;96;com vítima;209,1;BR-101/RJ;Norte;Colisão Traseira;1;1;1;;;;1
04/10/2013;14:53:00;117;sem vítima;209,767;BR-101/RJ;Norte;Tombamento;1;1;;;;;1
07/10/2013;21:33:00;160;sem vítima;209;BR-101/RJ;Sul;Colisão Lateral;1;4;;;;;1
03/12/2013;06:23:00;28;com vítima;209,754;BR-101/RJ;Norte;Colisão Frontal;3;0;2;2;1;;2
27/01/2014;08:50:00;66;com vítima;209,8;BR-101/RJ;Norte;Saida de Pista;1;0;;1;;;2
04/02/2014;02:30:00;13;com vítima;209,5;BR-101/RJ;Sul;Tombamento;1;0;2;;;;1
10/04/2014;20:29:00;189;com vítima;209,712;BR-101/RJ;Norte;Tombamento;1;0;1;;;;1
28/08/2014;02:37:00;9;com vítima;209,7;BR-101/RJ;Norte;Tombamento;1;0;;;1;;2
20/10/2014;12:02:00;105;sem vítima;209,893;BR-101/RJ;Norte;Colisão Lateral;1;5;;;;;1
20/06/2015;18:12:00;145;sem vítima;209,762;BR-101/RJ;Norte;Tombamento;1;1;;;;;1
27/04/2010;14:05:00;102;com vítima;210;BR-101/RJ;Norte;Colisão Lateral;2;2;3;2;2;1;3
23/06/2010;22:44:00;133;com vítima;210;BR-101/RJ;Sul;Colisão Frontal;1;4;;;;1;3
21/10/2010;15:45:00;126;sem vítima;210;BR-101/RJ;Sul;Objeto lançado contra veículo;2;2;;;;;1
18/11/2010;18:55:00;176;sem vítima;210;BR-101/RJ;Norte;Colisão Traseira;1;2;;;;;1
07/04/2012;17:01:00;104;com vítima;210,8;BR-101/RJ;Norte;Colisão Frontal;1;0;5;;;2;3
27/04/2012;15:50:00;129;com vítima;210;BR-101/RJ;Norte;Colisão Frontal;2;0;;1;;1;3
30/11/2012;17:56:00;181;sem vítima;210;BR-101/RJ;Norte;Colisão Traseira;1;2;;;;;1
01/11/2013;06:56:00;32;sem vítima;210,482;BR-101/RJ;Norte;Saida de Pista;1;1;;;;;1
27/11/2013;11:58:00;97;com vítima;210,95;BR-101/RJ;Norte;Colisão Traseira;2;2;;1;;;2
28/08/2014;13:43:00;72;com vítima;210,913;BR-101/RJ;Norte;Colisão Traseira;2;1;7;;;;1
09/10/2014;07:23:00;50;sem vítima;210;BR-101/RJ;Sul;Colisão Frontal;3;5;;;;;1
16/12/2014;16:29:00;108;sem vítima;210,3;BR-101/RJ;Norte;Colisão Traseira;2;2;;;;;1
22/01/2015;14:39:00;86;sem vítima;210;BR-101/RJ;Norte;Colisão Traseira;1;4;;;;;1
24/12/2015;00:24:00;7;sem vítima;210;BR-101/RJ;Norte;Tombamento;1;1;;;;;1
26/01/2010;08:08:00;54;sem vítima;211;BR-101/RJ;Sul;Saida de Pista;1;1;;;;;1
02/04/2010;16:12:00;162;sem vítima;211;BR-101/RJ;Norte;Saida de Pista;1;1;;;;;1
22/07/2010;07:42:00;43;sem vítima;211;BR-101/RJ;Sul;Colisão Traseira;1;4;;;;;1
21/10/2010;03:04:00;12;sem vítima;211;BR-101/RJ;Norte;Tombamento;2;2;;;;;1
27/11/2010;09:56:00;70;sem vítima;211;BR-101/RJ;Norte;Saida de Pista;1;2;;;;;1
13/12/2010;17:00:00;159;com vítima;211;BR-101/RJ;Norte;Colisão Lateral;1;5;3;;;;1
01/08/2011;18:50:00;181;sem vítima;211;BR-101/RJ;Norte;Colisão Lateral;2;2;;;;;1
10/05/2012;06:40:00;28;sem vítima;211;BR-101/RJ;Norte;Choque - Defensa, barreira ou "submarino";1;1;;;;;1
18/06/2012;14:04:00;115;sem vítima;211;BR-101/RJ;Norte;Engavetamento;1;4;;;;;1
22/06/2012;14:11:00;82;sem vítima;211,15;BR-101/RJ;Norte;Engavetamento;1;7;;;;;1
25/12/2012;18:05:00;144;com vítima;211,8;BR-101/RJ;Norte;Colisão Frontal;1;5;;;1;5;3
11/03/2013;10:06:00;92;com vítima;211,1;BR-101/RJ;Norte;Choque - Defensa, barreira ou "submarino";1;1;2;;;;1
24/05/2013;17:00:00;124;com vítima;211,115;BR-101/RJ;Norte;Saida de Pista;1;0;2;;;;1
15/10/2013;04:38:00;13;sem vítima;211,1;BR-101/RJ;Norte;Saida de Pista;1;1;;;;;1
26/12/2013;07:41:00;56;sem vítima;211,68;BR-101/RJ;Norte;Saida de Pista;1;1;;;;;1
11/12/2014;07:06:00;32;com vítima;211;BR-101/RJ;Norte;Tombamento;1;0;;1;;;2
13/12/2014;01:44:00;13;sem vítima;211;BR-101/RJ;Sul;Saida de Pista;1;1;;;;;1
05/02/2015;09:00:00;49;sem vítima;211;BR-101/RJ;Sul;Saida de Pista;1;1;0;0;0;0;1
10/02/2010;10:12:00;87;com vítima;212;BR-101/RJ;Norte;Saida de Pista;1;3;3;;;;1
26/05/2011;13:03:00;94;com vítima;212;BR-101/RJ;Norte;Colisão Frontal;1;4;1;;;;1
06/06/2011;23:06:00;190;sem vítima;212;BR-101/RJ;Sul;Colisão Lateral;1;1;;;;;1
29/12/2011;13:55:00;108;com vítima;212;BR-101/RJ;Norte;Colisão Frontal;1;2;3;;;;1
29/02/2012;17:08:00;115;sem vítima;212;BR-101/RJ;Norte;Colisão Traseira;3;3;;;;;1
09/04/2012;11:30:00;97;com vítima;212;BR-101/RJ;Sul;Engavetamento;1;7;;1;;;2
24/05/2012;07:34:00;30;sem vítima;212;BR-101/RJ;Norte;Colisão Traseira;1;2;;;;;1
20/12/2012;22:00:00;224;sem vítima;212;BR-101/RJ;Sul;Saida de Pista;1;3;;;;;1
22/12/2012;16:04:00;164;sem vítima;212;BR-101/RJ;Sul;Colisão Lateral;1;3;;;;;1
04/04/2013;19:05:00;153;com vítima;212;BR-101/RJ;Norte;Colisão Traseira;2;3;3;;;;1
27/04/2013;13:40:00;98;sem vítima;212;BR-101/RJ;Sul;Colisão Traseira;1;8;;;;;1
28/06/2013;09:15:00;56;sem vítima;212,9;BR-101/RJ;Sul;Colisão Lateral;1;2;;;;;1
19/12/2014;21:34:00;194;sem vítima;212;BR-101/RJ;Sul;Colisão Frontal;1;3;;;;;1
06/04/2015;04:52:00;28;com vítima;212,215;BR-101/RJ;Norte;Colisão Frontal;1;0;1;;1;;2
09/01/2010;02:18:00;17;sem vítima;213;BR-101/RJ;Sul;Colisão Traseira;1;2;;;;;1
25/05/2010;01:13:00;5;com vítima;213;BR-101/RJ;Norte;Saida de Pista;1;0;3;;;;1
11/08/2010;09:11:00;51;sem vítima;213;BR-101/RJ;Norte;Engavetamento;2;7;;;;;1
16/08/2011;10:20:00;68;sem vítima;213;BR-101/RJ;Norte;Colisão Traseira;1;2;;;;;1
29/08/2011;10:57:00;91;com vítima;213;BR-101/RJ;Sul;Colisão Frontal;1;3;;1;;;2
30/03/2012;15:54:00;141;sem vítima;213,8;BR-101/RJ;Sul;Colisão Lateral;1;5;;;;;1
05/08/2012;07:55:00;29;com vítima;213;BR-101/RJ;Norte;Colisão Frontal;1;1;;2;;;2
13/09/2012;10:30:00;77;sem vítima;213;BR-101/RJ;Norte;Saida de Pista;1;5;;;;;1
25/12/2012;22:54:00;221;sem vítima;213;BR-101/RJ;Norte;Colisão Traseira;1;3;;;;;1
19/01/2013;16:21:00;152;sem vítima;213;BR-101/RJ;Norte;Colisão Traseira;1;6;;;;;1
19/01/2013;10:54:00;89;com vítima;213,9;BR-101/RJ;Sul;Colisão Frontal;1;0;1;;1;4;3
29/01/2015;07:48:00;27;sem vítima;213;BR-101/RJ;Sul;Engavetamento;1;4;;;;;1
04/02/2010;09:07:00;58;com vítima;214;BR-101/RJ;Norte;Engavetamento;2;4;3;1;;1;3
12/02/2010;08:49:00;77;com vítima;214;BR-101/RJ;Norte;Colisão Transversal;1;0;4;;2;;2
21/03/2010;06:23:00;26;sem vítima;214;BR-101/RJ;Sul;Choque - Defensa, barreira ou "submarino";1;1;;;;;1
16/12/2011;20:59:00;220;com vítima;214,8000030517578;BR-101/RJ;Norte;Colisão Frontal;1;1;;2;;;2
29/01/2012;12:38:00;81;sem vítima;214;BR-101/RJ;Sul;Engavetamento;1;19;;;;;1
09/03/2012;13:32:00;99;sem vítima;214;BR-101/RJ;Norte;Colisão Traseira;1;3;;;;;1
20/03/2012;17:02:00;103;sem vítima;214,4;BR-101/RJ;Norte;Colisão Traseira;3;5;;;;;1
04/04/2012;10:28:00;83;sem vítima;214;BR-101/RJ;Sul;Colisão Frontal;1;2;;;;;1
20/07/2012;09:38:00;65;com vítima;214;BR-101/RJ;Norte;Colisão Traseira;1;53;1;;1;;2
24/11/2012;19:37:00;169;com vítima;214,968;BR-101/RJ;Norte;Colisão Traseira;1;3;2;;;;1
17/12/2012;15:53:00;135;com vítima;214,5;BR-101/RJ;Sul;Colisão Lateral;2;2;;;1;;2
18/12/2012;07:23:00;41;sem vítima;214;BR-101/RJ;Norte;Engavetamento;2;4;;;;;1
18/01/2013;14:19:00;123;com vítima;214,9;BR-101/RJ;Norte;Colisão Frontal;1;0;1;;;3;3
10/05/2013;23:57:00;202;com vítima;214,474;BR-101/RJ;Sul;Colisão Traseira;1;1;;1;;1;3
29/06/2013;08:02:00;44;sem vítima;214;BR-101/RJ;Norte;Colisão Traseira;2;2;;;;;1
10/07/2013;03:22:00;13;com vítima;214;BR-101/RJ;Norte;Colisão Lateral;2;1;1;;;;1
27/09/2013;12:58:00;103;sem vítima;214;BR-101/RJ;Norte;Colisão Transversal;1;2;;;;;1
23/04/2014;22:46:00;186;sem vítima;214;BR-101/RJ;Norte;Colisão Traseira;2;2;;;;;1
08/07/2014;07:50:00;27;sem vítima;214;BR-101/RJ;Norte;Saida de Pista;1;1;;;;;1
23/06/2015;12:30:00;98;sem vítima;214;BR-101/RJ;Sul;Colisão Lateral;1;2;;;;;1
29/11/2015;19:36:00;177;sem vítima;214,9;BR-101/RJ;Norte;Colisão Frontal;1;2;;;;;1
01/12/2015;05:20:00;27;com vítima;214;BR-101/RJ;Norte;Choque - Defensa, barreira ou "submarino";1;1;2;;;;1
19/12/2015;17:37:00;213;sem vítima;214;BR-101/RJ;Norte;Engavetamento;2;3;;;;;1
04/02/2010;10:37:00;81;sem vítima;215;BR-101/RJ;Norte;Colisão Traseira;1;6;;;;;1
18/12/2011;03:22:00;15;sem vítima;215;BR-101/RJ;Sul;Colisão Lateral;2;3;;;;;1
04/01/2012;15:33:00;132;sem vítima;215;BR-101/RJ;Norte;Engavetamento;2;3;;;;;1
19/01/2012;14:36:00;122;sem vítima;215;BR-101/RJ;Norte;Colisão Traseira;1;2;;;;;1
08/02/2013;09:36:00;106;com vítima;215,661;BR-101/RJ;Sul;Colisão Frontal;1;2;1;2;1;1;3
09/04/2013;03:15:00;15;sem vítima;215;BR-101/RJ;Norte;Colisão Traseira;1;2;;;;;1
12/07/2013;10:37:00;70;sem vítima;215,647;BR-101/RJ;Norte;Saida de Pista;1;1;;;;;1
30/07/2013;07:31:00;35;com vítima;215,74;BR-101/RJ;Norte;Outros - Sequência;2;3;2;;;;1
28/07/2014;18:32:00;141;sem vítima;215,713;BR-101/RJ;Norte;Colisão Traseira;2;2;;;;;1
30/01/2015;10:31:00;86;com vítima;215;BR-101/RJ;Sul;Colisão Frontal;1;1;4;;;;1
06/09/2010;18:50:00;134;sem vítima;216;BR-101/RJ;Sul;Atropelamento de Animal;2;4;;;;;1
16/06/2011;23:56:00;193;sem vítima;216;BR-101/RJ;Norte;Colisão Traseira;2;2;;;;;1
23/06/2011;10:24:00;66;sem vítima;216;BR-101/RJ;Sul;Colisão Traseira;1;2;;;;;1
28/12/2011;15:26:00;145;sem vítima;216;BR-101/RJ;Sul;Colisão Frontal;1;4;;;;;1
11/04/2012;12:59:00;93;com vítima;216,3;BR-101/RJ;Norte;Outros - Sequência;1;2;1;1;;;2
17/04/2012;09:22:00;59;sem vítima;216;BR-101/RJ;Norte;Colisão Lateral;1;2;;;;;1
19/04/2012;11:35:00;71;sem vítima;216;BR-101/RJ;Norte;Engavetamento;3;4;;;;;1
06/06/2012;07:35:00;40;sem vítima;216;BR-101/RJ;Norte;Colisão Traseira;2;3;;;;;1
20/07/2012;11:09:00;78;sem vítima;216;BR-101/RJ;Sul;Choque - Arvore;1;3;;;;;1
31/10/2013;15:34:00;89;sem vítima;216;BR-101/RJ;Norte;Engavetamento;3;4;;;;;1
06/03/2014;15:06:00;146;com vítima;216,4;BR-101/RJ;Sul;Colisão Transversal;1;1;4;;;;1
05/06/2014;07:20:00;43;sem vítima;216;BR-101/RJ;Norte;Engavetamento;2;3;;;;;1
17/02/2015;18:20:00;120;com vítima;216,8;BR-101/RJ;Sul;Outros - Sequência;1;1;8;1;1;1;3
01/07/2015;08:38:00;77;com vítima;216,271;BR-101/RJ;Sul;Tombamento;1;2;1;;;;1
23/12/2015;08:21:00;65;sem vítima;216;BR-101/RJ;Norte;Colisão Traseira;1;7;;;;;1
11/09/2010;07:39:00;40;com vítima;217;BR-101/RJ;Sul;Tombamento;1;1;2;;;;1
06/12/2011;00:06:00;2;sem vítima;217;BR-101/RJ;Sul;Colisão Lateral;1;2;;;;;1
31/01/2012;01:14:00;10;sem vítima;217;BR-101/RJ;Sul;Engavetamento;2;3;;;;;1
13/09/2013;12:29:00;108;sem vítima;217;BR-101/RJ;Sul;Colisão Lateral;1;7;;;;;1
22/05/2015;15:59:00;152;sem vítima;217;BR-101/RJ;Norte;Colisão Traseira;1;8;;;;;1
23/05/2015;16:54:00;138;sem vítima;217,73;BR-101/RJ;Sul;Saida de Pista;1;1;;;;;1
08/03/2010;01:25:00;8;sem vítima;218;BR-101/RJ;Sul;Atropelamento de Animal;1;1;;;;;1
11/12/2010;18:03:00;161;sem vítima;218;BR-101/RJ;Sul;Objeto lançado contra veículo;2;2;;;;;1
11/12/2011;06:13:00;24;com vítima;218;BR-101/RJ;Sul;Colisão Frontal;1;2;;;;2;3
12/01/2012;13:44:00;120;sem vítima;218;BR-101/RJ;Norte;Colisão Lateral;1;2;;;;;1
31/03/2012;09:15:00;54;sem vítima;218;BR-101/RJ;Sul;Objeto lançado contra veículo;2;3;;;;;1
07/07/2012;07:19:00;37;com vítima;218,08;BR-101/RJ;Norte;Capotamento;1;0;1;;;;1
04/10/2013;13:44:00;111;sem vítima;218;BR-101/RJ;Norte;Tombamento;1;1;;;;;1
10/12/2013;08:42:00;72;sem vítima;218,5;BR-101/RJ;Sul;Engavetamento;1;6;;;;;1
02/02/2014;06:59:00;29;com vítima;218;BR-101/RJ;Sul;Colisão Frontal;1;1;1;;;;1
26/11/2014;05:32:00;19;sem vítima;218,8;BR-101/RJ;Norte;Saida de Pista;1;1;;;;;1
15/01/2010;08:38:00;55;sem vítima;219;BR-101/RJ;Norte;Colisão Traseira;1;2;;;;;1
13/01/2011;12:08:00;74;sem vítima;219;BR-101/RJ;Sul;Colisão Lateral;1;2;;;;;1
12/05/2011;16:16:00;128;sem vítima;219;BR-101/RJ;Norte;Saida de Pista;1;1;;;;;1
07/02/2012;08:57:00;57;com vítima;219,9;BR-101/RJ;Sul;Tombamento;1;0;;1;;;2
06/03/2012;00:09:00;3;sem vítima;219,5;BR-101/RJ;Sul;Colisão Frontal;2;5;;;;;1
11/03/2015;21:10:00;161;com vítima;219;BR-101/RJ;Norte;Objeto lançado contra veículo;1;0;2;0;0;0;1
24/06/2015;08:19:00;46;com vítima;219,988;BR-101/RJ;Sul;Colisão Frontal;1;1;;;;1;3
21/03/2010;23:45:00;170;sem vítima;220;BR-101/RJ;Sul;Choque - Outros;2;3;;;;;1
03/06/2011;15:23:00;126;com vítima;220;BR-101/RJ;Sul;Colisão Traseira;2;1;4;;;;1
30/08/2011;09:05:00;56;com vítima;220;BR-101/RJ;Norte;Colisão Lateral;2;2;1;;;;1
18/11/2011;16:08:00;112;sem vítima;220;BR-101/RJ;Sul;Colisão Traseira;2;3;;;;;1
25/11/2011;15:02:00;101;com vítima;220;BR-101/RJ;Norte;Colisão Lateral;1;1;3;;;;1
29/12/2011;08:35:00;50;sem vítima;220;BR-101/RJ;Sul;Colisão Traseira;2;4;;;;;1
28/02/2012;00:17:00;4;com vítima;220;BR-101/RJ;Norte;Saida de Pista;1;0;1;;;;1
12/07/2012;00:41:00;4;com vítima;220,9;BR-101/RJ;Norte;Colisão Lateral;4;5;;1;;1;3
07/09/2012;04:44:00;39;com vítima;220,7;BR-101/RJ;Sul;Colisão Frontal;1;0;1;;1;1;3
15/09/2012;04:28:00;28;com vítima;220,483;BR-101/RJ;Norte;Colisão Frontal;1;1;;;;1;3
21/12/2012;12:08:00;133;sem vítima;220;BR-101/RJ;Norte;Colisão Traseira;1;7;;;;;1
05/02/2013;09:58:00;67;com vítima;220,8;BR-101/RJ;Norte;Colisão Frontal;2;1;1;;;2;3
18/07/2013;01:06:00;8;sem vítima;220,952;BR-101/RJ;Sul;Engavetamento;3;42;;;;;1
31/07/2013;09:25:00;63;sem vítima;220,74;BR-101/RJ;Norte;Colisão Frontal;1;3;;;;;1
03/08/2013;03:45:00;19;sem vítima;220,72;BR-101/RJ;Sul;Colisão Lateral;1;2;;;;;1
31/10/2013;01:23:00;6;sem vítima;220,727;BR-101/RJ;Sul;Saida de Pista;1;1;;;;;1
29/01/2014;00:46:00;2;com vítima;220,793;BR-101/RJ;Sul;Saida de Pista;1;0;1;;;;1
27/03/2014;04:13:00;25;sem vítima;220,8;BR-101/RJ;Sul;Saida de Pista;1;1;;;;;1
01/06/2014;14:38:00;95;sem vítima;220;BR-101/RJ;Norte;Colisão Traseira;1;2;;;;;1
17/12/2014;19:10:00;170;sem vítima;220;BR-101/RJ;Norte;Colisão Lateral;1;2;;;;;1
09/10/2015;08:07:00;62;sem vítima;220,01;BR-101/RJ;Norte;Colisão Lateral;1;6;;;;;1
22/12/2015;16:09:00;172;com vítima;220;BR-101/RJ;Norte;Saida de Pista;1;1;2;;;;1
31/03/2010;16:13:00;130;com vítima;221;BR-101/RJ;Sul;Colisão Lateral;1;1;2;;;;1
28/07/2010;11:24:00;86;com vítima;221;BR-101/RJ;Norte;Colisão Lateral;1;2;3;;;;1
04/09/2010;04:56:00;24;com vítima;221;BR-101/RJ;Norte;Colisão Lateral;2;2;1;;;;1
11/09/2010;10:24:00;65;sem vítima;221;BR-101/RJ;Sul;Colisão Traseira;1;5;;;;;1
27/09/2010;05:53:00;18;com vítima;221;BR-101/RJ;Norte;Colisão Frontal;1;3;;1;;;2
28/10/2010;21:26:00;186;com vítima;221;BR-101/RJ;Sul;Colisão Lateral;2;0;;2;;;2
01/08/2011;05:22:00;25;sem vítima;221,5;BR-101/RJ;Norte;Saida de Pista;1;4;;;;;1
03/08/2011;14:50:00;95;com vítima;221;BR-101/RJ;Norte;Colisão Frontal;2;2;2;1;;;2
20/01/2012;14:16:00;138;sem vítima;221;BR-101/RJ;Sul;Colisão Traseira;1;5;;;;;1
05/07/2012;00:57:00;8;sem vítima;221;BR-101/RJ;Sul;Colisão Lateral;1;2;;;;;1
16/09/2012;13:46:00;91;sem vítima;221;BR-101/RJ;Norte;Colisão Lateral;1;4;;;;;1
19/12/2012;23:54:00;207;sem vítima;221;BR-101/RJ;Sul;Engavetamento;1;5;;;;;1
27/03/2013;22:20:00;193;sem vítima;221;BR-101/RJ;Norte;Colisão Lateral;1;2;;;;;1
26/11/2013;06:14:00;24;sem vítima;221,857;BR-101/RJ;Norte;Colisão Frontal;1;4;;;;;1
28/04/2014;23:51:00;164;com vítima;221,553;BR-101/RJ;Norte;Colisão Lateral;2;1;2;1;;;2
06/06/2014;13:26:00;92;sem vítima;221;BR-101/RJ;Sul;Colisão Lateral;2;2;;;;;1
04/02/2015;08:19:00;47;sem vítima;221;BR-101/RJ;Norte;Colisão Lateral;2;2;0;0;0;0;1
17/07/2015;21:13:00;232;sem vítima;221;BR-101/RJ;Norte;Colisão Traseira;1;2;;;;;1
18/12/2015;22:08:00;287;sem vítima;221;BR-101/RJ;Sul;Colisão Traseira;1;2;;;;;1
22/06/2010;03:55:00;18;sem vítima;222;BR-101/RJ;Sul;Saida de Pista;1;1;;;;;1
23/06/2010;01:08:00;4;sem vítima;222;BR-101/RJ;Sul;Colisão Transversal;1;2;;;;;1
16/05/2011;16:08:00;118;sem vítima;222;BR-101/RJ;Norte;Objeto lançado contra veículo;1;3;;;;;1
22/03/2012;16:28:00;123;sem vítima;222;BR-101/RJ;Sul;Colisão Lateral;1;2;;;;;1
06/08/2012;08:50:00;53;com vítima;222;BR-101/RJ;Norte;Colisão Traseira;1;1;1;;;;1
26/11/2012;11:53:00;99;sem vítima;222;BR-101/RJ;Norte;Outros - Sequência;2;3;;;;;1
18/12/2012;10:33:00;93;com vítima;222,2;BR-101/RJ;Norte;Outros - Sequência;3;4;;;;2;3
02/02/2013;02:55:00;15;com vítima;222,7;BR-101/RJ;Sul;Colisão Frontal;2;1;;1;;1;3
20/07/2013;06:19:00;42;com vítima;222,466;BR-101/RJ;Sul;Outros - Sequência;2;9;2;1;;;2
07/11/2013;05:19:00;15;sem vítima;222;BR-101/RJ;Norte;Colisão Lateral;1;4;;;;;1
13/11/2013;01:18:00;8;sem vítima;222;BR-101/RJ;Norte;Colisão Traseira;2;2;;;;;1
17/01/2014;17:11:00;131;sem vítima;222,954;BR-101/RJ;Norte;Colisão Lateral;1;6;;;;;1
04/02/2014;20:35:00;190;com vítima;222;BR-101/RJ;Norte;Colisão Lateral;1;2;1;;;;1
13/01/2015;13:46:00;100;com vítima;222,4;BR-101/RJ;Sul;Outros - Sequência;3;0;2;2;;;2
27/05/2010;23:24:00;169;sem vítima;223;BR-101/RJ;Norte;Colisão Transversal;1;2;;;;;1
10/01/2012;21:49:00;230;sem vítima;223;BR-101/RJ;Sul;Colisão Traseira;1;2;;;;;1
15/02/2012;07:33:00;36;sem vítima;223,1;BR-101/RJ;Norte;Colisão Traseira;2;3;;;;;1
10/03/2012;07:05:00;32;sem vítima;223,25;BR-101/RJ;Norte;Colisão Lateral;1;2;;;;;1
14/07/2012;23:17:00;180;com vítima;223,55;BR-101/RJ;Norte;Colisão Transversal;2;4;;;;2;3
04/09/2012;00:09:00;2;com vítima;223,5;BR-101/RJ;Norte;Colisão Frontal;1;0;2;;1;1;3
06/09/2012;16:22:00;125;com vítima;223,079;BR-101/RJ;Sul;Queda de Moto;1;2;;;;1;3
06/09/2012;11:44:00;78;sem vítima;223,21;BR-101/RJ;Norte;Colisão Traseira;1;2;;;;;1
04/01/2013;07:48:00;41;com vítima;223,526;BR-101/RJ;Norte;Colisão Frontal;1;4;;;;1;3
11/07/2013;12:52:00;92;com vítima;223,57;BR-101/RJ;Sul;Colisão Frontal;4;3;1;;2;;2
15/04/2014;04:44:00;17;sem vítima;223;BR-101/RJ;Norte;Outros;1;1;;;;;1