data;horario;n_da_ocorrencia;tipo_de_ocorrencia;km;trecho;sentido;tipo_de_acidente;caminhao;ilesos;levemente_feridos;moderadamente_feridos;gravemente_feridos;mortos;3
01/04/2013;12:33:00;122;sem vítima;254,3;BR-101/RJ;Sul;Colisão Traseira;2;2;;;;;1
13/09/2013;01:17:00;4;com vítima;254,404;BR-101/RJ;Norte;Saida de Pista;1;0;2;;;;1
02/12/2013;00:03:00;1;sem vítima;254;BR-101/RJ;Sul;Colisão Lateral;2;3;;;;;1
21/11/2014;04:38:00;21;com vítima;254,578;BR-101/RJ;Sul;Colisão Frontal;1;0;1;;;3;3
30/04/2015;19:08:00;194;sem vítima;254,49;BR-101/RJ;Norte;Saida de Pista;1;1;;;;;1
24/09/2015;21:58:00;218;com vítima;254;BR-101/RJ;Sul;Capotamento;1;0;1;;;;1
08/11/2015;23:14:00;196;sem vítima;254;BR-101/RJ;Norte;Choque - Defensa, barreira ou "submarino";1;4;;;;;1
16/12/2010;13:57:00;141;sem vítima;255;BR-101/RJ;Norte;Colisão Traseira;1;2;;;;;1
25/02/2011;01:53:00;11;com vítima;255;BR-101/RJ;Norte;Colisão Lateral;1;1;1;1;;;2
11/03/2011;07:41:00;28;com vítima;246;BR-101/RJ;Norte;Colisão Lateral;1;5;1;;;;1
06/10/2011;16:29:00;150;sem vítima;255;BR-101/RJ;Norte;Colisão Lateral;1;2;;;;;1
26/03/2012;07:11:00;33;sem vítima;255;BR-101/RJ;Sul;Saida de Pista;1;1;;;;;1
31/05/2012;20:34:00;174;sem vítima;255;BR-101/RJ;Sul;Colisão Lateral;2;2;;;;;1
02/06/2012;14:39:00;123;com vítima;255,1;BR-101/RJ;Sul;Colisão Lateral;1;11;;1;;;2
06/06/2012;14:40:00;115;com vítima;255;BR-101/RJ;Sul;Colisão Frontal;1;2;1;;;;1
10/11/2012;08:54:00;59;sem vítima;255;BR-101/RJ;Norte;Colisão Traseira;1;10;;;;;1
17/11/2012;23:16:00;155;com vítima;255;BR-101/RJ;Norte;Colisão Traseira;1;1;;1;;;2
14/10/2013;18:09:00;180;com vítima;255,765;BR-101/RJ;Norte;Colisão Frontal;1;1;3;;;;1
11/04/2014;06:52:00;35;com vítima;255,575;BR-101/RJ;Norte;Colisão Lateral;1;1;2;;1;1;3
15/04/2014;07:18:00;36;com vítima;255,81;BR-101/RJ;Sul;Colisão Traseira;2;1;1;;;;1
18/04/2014;04:25:00;28;sem vítima;255;BR-101/RJ;Sul;Colisão Lateral;1;2;;;;;1
26/08/2014;18:21:00;140;com vítima;255,392;BR-101/RJ;Norte;Colisão Transversal;2;0;3;;;;1
08/11/2014;14:45:00;107;sem vítima;255,284;BR-101/RJ;Norte;Colisão Traseira;1;3;;;;;1
21/07/2015;13:59:00;132;sem vítima;255;BR-101/RJ;Sul;Colisão Traseira;1;5;;;;;1
03/12/2015;22:40:00;249;sem vítima;255;BR-101/RJ;Sul;Colisão Traseira;1;2;;;;;1
21/12/2015;18:21:00;183;com vítima;255;BR-101/RJ;Sul;Colisão Traseira;2;2;;1;;;2
05/09/2010;18:55:00;144;com vítima;256;BR-101/RJ;Sul;Colisão Traseira;1;0;1;2;;;2
07/12/2010;11:07:00;90;com vítima;256,94000244140625;BR-101/RJ;Sul;Colisão Traseira;1;6;1;;;;1
19/01/2011;03:56:00;19;sem vítima;256;BR-101/RJ;Norte;Colisão Lateral;1;8;;;;;1
11/03/2011;10:48:00;62;sem vítima;65;BR-101/RJ;Sul;Colisão Traseira;1;4;;;;;1
13/08/2011;01:12:00;13;com vítima;256,79998779296875;BR-101/RJ;Sul;Colisão Lateral;1;10;2;1;;;2
16/02/2012;16:19:00;155;sem vítima;256;BR-101/RJ;Norte;Colisão Traseira;1;2;;;;;1
07/03/2013;16:15:00;161;sem vítima;256;BR-101/RJ;Sul;Colisão Traseira;1;2;;;;;1
02/10/2013;20:09:00;155;sem vítima;256;BR-101/RJ;Norte;Colisão Transversal;1;2;;;;;1
26/10/2013;11:51:00;83;com vítima;256,304;BR-101/RJ;Sul;Colisão Frontal;1;2;;1;1;1;3
05/11/2013;10:23:00;73;com vítima;256,33;BR-101/RJ;Sul;Colisão Frontal;1;3;1;1;;;2
14/11/2013;06:20:00;34;sem vítima;256;BR-101/RJ;Norte;Colisão Traseira;2;2;;;;;1
20/12/2013;20:22:00;191;com vítima;256,831;BR-101/RJ;Sul;Colisão Traseira;1;1;1;;;;1
08/02/2014;09:05:00;54;com vítima;256,177;BR-101/RJ;Sul;Colisão Frontal;1;5;2;2;;;2
22/02/2014;06:17:00;21;com vítima;256,772;BR-101/RJ;Sul;Colisão Lateral;1;3;1;;;;1
18/04/2014;07:00:00;54;sem vítima;256;BR-101/RJ;Norte;Engavetamento;1;6;;;;;1
27/11/2014;21:41:00;160;sem vítima;256;BR-101/RJ;Sul;Colisão Lateral;1;4;;;;;1
12/05/2015;21:28:00;177;sem vítima;256;BR-101/RJ;Sul;Colisão Transversal;1;3;;;;;1
01/08/2015;12:28:00;81;com vítima;256,317;BR-101/RJ;Norte;Engavetamento;2;7;;1;2;;2
21/03/2010;22:31:00;162;com vítima;257;BR-101/RJ;Sul;Colisão Frontal;1;3;;;;1;3
21/01/2011;22:02:00;221;sem vítima;257;BR-101/RJ;Sul;Colisão Traseira;1;2;;;;;1
21/10/2011;10:09:00;60;sem vítima;257;BR-101/RJ;Sul;Colisão Lateral;1;3;;;;;1
19/11/2015;18:05:00;194;sem vítima;257;BR-101/RJ;Norte;Colisão Lateral;1;2;;;;;1
30/04/2010;02:06:00;11;com vítima;258;BR-101/RJ;Sul;Colisão Transversal;1;1;;1;;;2
29/05/2010;02:16:00;12;sem vítima;258;BR-101/RJ;Sul;Saida de Pista;1;1;;;;;1
04/10/2011;15:22:00;117;sem vítima;258;BR-101/RJ;Sul;Colisão Lateral;2;2;;;;;1
04/10/2011;11:57:00;78;com vítima;258,8999938964844;BR-101/RJ;Norte;Tombamento;2;1;2;;1;;2
25/11/2011;16:39:00;128;sem vítima;258;BR-101/RJ;Norte;Colisão Traseira;1;2;;;;;1
21/04/2012;22:31:00;172;com vítima;258,9;BR-101/RJ;Norte;Colisão Frontal;1;1;;1;;;2
09/11/2012;14:37:00;123;sem vítima;258,2;BR-101/RJ;Sul;Colisão Frontal;1;7;;;;;1
23/11/2012;16:36:00;162;sem vítima;258;BR-101/RJ;Sul;Colisão Traseira;2;4;;;;;1
19/06/2013;08:23:00;47;sem vítima;258;BR-101/RJ;Norte;Colisão Lateral;1;2;;;;;1
19/07/2013;08:29:00;59;com vítima;258,08;BR-101/RJ;Norte;Colisão Traseira;1;1;2;;;;1
06/10/2014;00:51:00;9;sem vítima;258;BR-101/RJ;Sul;Colisão Traseira;2;2;;;;;1
10/02/2015;10:54:00;94;sem vítima;258;BR-101/RJ;Sul;Colisão Traseira;1;4;0;0;0;0;1
22/09/2015;08:27:00;60;com vítima;258,248;BR-101/RJ;Norte;Colisão Frontal;1;2;;;;1;3
14/10/2015;23:23:00;222;sem vítima;258;BR-101/RJ;Norte;Atropelamento de Animal;1;1;;;;;1
08/11/2015;17:41:00;149;com vítima;258,507;BR-101/RJ;Sul;Colisão Traseira;1;2;;;;2;3
04/03/2010;13:07:00;101;com vítima;259;BR-101/RJ;Sul;Colisão Frontal;2;0;;2;1;;2
09/03/2010;17:35:00;169;sem vítima;259;BR-101/RJ;Sul;Colisão Lateral;2;4;;;;;1
11/03/2010;15:47:00;120;com vítima;259;BR-101/RJ;Sul;Colisão Lateral;1;2;1;;;;1
06/05/2010;08:24:00;47;com vítima;259;BR-101/RJ;Norte;Colisão Lateral;2;3;;;2;1;3
26/06/2010;23:08:00;165;com vítima;259;BR-101/RJ;Sul;Colisão Transversal;1;1;2;;1;;2
20/09/2010;19:20:00;155;sem vítima;259;BR-101/RJ;Sul;Colisão Transversal;1;2;;;;;1
02/10/2010;21:56:00;176;com vítima;259;BR-101/RJ;Sul;Colisão Transversal;1;1;2;;;;1
07/10/2010;10:09:00;66;sem vítima;259;BR-101/RJ;Sul;Colisão Lateral;1;2;;;;;1
19/10/2010;07:01:00;34;sem vítima;259;BR-101/RJ;Norte;Colisão Frontal;2;6;;;;;1
13/11/2010;14:01:00;138;com vítima;259;BR-101/RJ;Norte;Colisão Lateral;1;1;1;;;;1
23/11/2010;19:42:00;184;sem vítima;259;BR-101/RJ;Norte;Colisão Lateral;1;3;;;;;1
10/02/2011;09:13:00;71;sem vítima;259;BR-101/RJ;Sul;Engavetamento;2;5;;;;;1
29/11/2011;12:20:00;94;sem vítima;259,5;BR-101/RJ;Norte;Colisão Lateral;1;5;;;;;1
21/03/2012;06:21:00;21;com vítima;259,5;BR-101/RJ;Norte;Colisão Traseira;1;1;3;;;;1
29/06/2012;15:49:00;144;com vítima;259;BR-101/RJ;Norte;Colisão Transversal;1;2;1;;;;1
19/07/2012;03:44:00;12;com vítima;259,6;BR-101/RJ;Norte;Colisão Transversal;1;1;;2;;;2
05/08/2012;17:17:00;132;com vítima;259,59;BR-101/RJ;Norte;Colisão Transversal;1;1;;1;;;2
09/08/2012;14:14:00;91;com vítima;259,5;BR-101/RJ;Norte;Colisão Frontal;1;2;;1;;;2
20/10/2012;23:09:00;218;com vítima;259,559;BR-101/RJ;Norte;Atropelamento - Morador;1;1;;;;1;3
22/01/2013;16:55:00;155;sem vítima;259,6;BR-101/RJ;Norte;Colisão Transversal;2;4;;;;;1
13/03/2013;20:17:00;210;com vítima;259,7;BR-101/RJ;Sul;Colisão Transversal;1;1;3;;;;1
30/03/2013;00:02:00;1;sem vítima;259;BR-101/RJ;Norte;Colisão Traseira;1;2;;;;;1
05/05/2013;18:22:00;112;sem vítima;259,6;BR-101/RJ;Norte;Colisão Transversal;1;4;;;;;1
10/05/2013;07:17:00;30;sem vítima;259,7;BR-101/RJ;Sul;Colisão Lateral;1;5;;;;;1
08/07/2013;11:59:00;78;com vítima;259,4;BR-101/RJ;Norte;Colisão Transversal;1;1;5;2;;;2
25/10/2013;18:15:00;176;com vítima;259;BR-101/RJ;Sul;Engavetamento;1;12;1;;;;1
05/11/2013;21:37:00;165;com vítima;259,7;BR-101/RJ;Norte;Colisão Lateral;1;1;;;;1;3
13/11/2013;20:30:00;162;com vítima;259,604;BR-101/RJ;Norte;Colisão Lateral;1;2;1;;;;1
02/01/2014;16:38:00;156;sem vítima;259,639;BR-101/RJ;Norte;Colisão Transversal;1;6;;;;;1
31/01/2014;10:13:00;73;sem vítima;259;BR-101/RJ;Norte;Colisão Traseira;2;2;;;;;1
28/03/2014;02:16:00;10;com vítima;259,574;BR-101/RJ;Sul;Colisão Frontal;1;2;3;;;;1
28/05/2014;20:59:00;162;sem vítima;259,497;BR-101/RJ;Norte;Colisão Transversal;1;3;;;;;1
25/06/2014;13:41:00;98;com vítima;259,569;BR-101/RJ;Norte;Colisão Transversal;1;2;;;;1;3
04/11/2014;00:44:00;3;sem vítima;259;BR-101/RJ;Sul;Atropelamento de Animal;1;1;;;;;1
24/01/2015;07:56:00;38;com vítima;259,594;BR-101/RJ;Norte;Colisão Transversal;1;1;;1;1;1;3
16/04/2015;10:45:00;88;com vítima;259,579;BR-101/RJ;Norte;Colisão Transversal;1;0;1;;;2;3
20/08/2015;21:52:00;182;sem vítima;259,667;BR-101/RJ;Norte;Colisão Traseira;2;2;;;;;1
22/08/2015;03:07:00;22;com vítima;259,63;BR-101/RJ;Norte;Colisão Transversal;2;0;1;;1;2;3
17/02/2010;12:15:00;124;com vítima;260;BR-101/RJ;Norte;Colisão Transversal;1;0;1;1;;;2
06/03/2010;05:30:00;33;com vítima;260;BR-101/RJ;Sul;Colisão Frontal;1;1;;;1;;2
17/03/2010;20:46:00;173;sem vítima;260;BR-101/RJ;Sul;Tombamento;1;1;;;;;1
21/05/2010;23:33:00;177;sem vítima;260;BR-101/RJ;Sul;Colisão Traseira;2;2;;;;;1
22/05/2010;11:25:00;70;com vítima;260;BR-101/RJ;Norte;Colisão Lateral;1;2;1;;;;1
08/06/2010;16:26:00;122;com vítima;260;BR-101/RJ;Sul;Colisão Transversal;1;1;1;;;;1
26/08/2010;09:37:00;64;sem vítima;260;BR-101/RJ;Sul;Explosão;2;4;;;;;1
28/08/2010;16:26:00;127;com vítima;260;BR-101/RJ;Norte;Colisão Transversal;1;0;3;1;;;2
21/09/2010;01:06:00;4;sem vítima;260;BR-101/RJ;Sul;Colisão Lateral;1;2;;;;;1
06/10/2010;08:33:00;48;com vítima;260;BR-101/RJ;Sul;Colisão Lateral;1;1;2;;;;1
10/10/2010;05:08:00;45;com vítima;260;BR-101/RJ;Norte;Colisão Frontal;1;1;;1;;1;3
16/10/2010;23:18:00;165;com vítima;260;BR-101/RJ;Norte;Colisão Lateral;1;1;39;5;1;1;3
11/12/2010;20:12:00;183;sem vítima;260;BR-101/RJ;Sul;Colisão Traseira;1;5;;;;;1
11/01/2011;00:39:00;5;com vítima;260;BR-101/RJ;Norte;Colisão Lateral;1;2;4;;;;1
17/06/2011;02:40:00;13;com vítima;260;BR-101/RJ;Norte;Colisão Lateral;1;1;1;;;;1
19/06/2011;06:21:00;21;com vítima;260;BR-101/RJ;Sul;Colisão Traseira;1;3;1;1;;;2
08/08/2011;16:47:00;165;sem vítima;260;BR-101/RJ;Sul;Colisão Traseira;1;2;;;;;1
29/09/2011;01:59:00;10;com vítima;260;BR-101/RJ;Norte;Colisão Traseira;1;1;;;1;;2
14/02/2012;13:02:00;88;sem vítima;260,8;BR-101/RJ;Norte;Colisão Traseira;1;5;;;;;1
01/03/2012;23:27:00;178;com vítima;260,5;BR-101/RJ;Norte;Colisão Frontal;2;0;2;;;;1
03/05/2012;12:18:00;99;sem vítima;260;BR-101/RJ;Norte;Colisão Lateral;2;2;;;;;1
30/05/2012;07:57:00;33;com vítima;260;BR-101/RJ;Sul;Colisão Traseira;1;2;2;;;;1
12/06/2012;13:43:00;135;sem vítima;260;BR-101/RJ;Sul;Colisão Frontal;1;2;;;;;1
06/08/2012;04:43:00;16;com vítima;260;BR-101/RJ;Sul;Colisão Lateral;1;1;1;;;;1
29/08/2012;22:44:00;173;com vítima;260,502;BR-101/RJ;Sul;Colisão Traseira;2;1;1;;;;1
21/09/2012;16:48:00;140;com vítima;260,17;BR-101/RJ;Norte;Colisão Frontal;4;6;2;1;;;2
21/09/2012;20:39:00;181;sem vítima;260,85;BR-101/RJ;Sul;Tombamento;1;1;;;;;1
06/11/2012;00:19:00;2;sem vítima;260,768;BR-101/RJ;Sul;Tombamento;1;1;;;;;1
12/11/2012;11:31:00;99;sem vítima;260;BR-101/RJ;Norte;Colisão Lateral;1;2;;;;;1
13/11/2012;02:48:00;14;sem vítima;260;BR-101/RJ;Norte;Saida de Pista;1;1;;;;;1
07/12/2012;01:02:00;5;sem vítima;260,787;BR-101/RJ;Sul;Tombamento;1;1;;;;;1
11/01/2013;12:13:00;95;sem vítima;260,616;BR-101/RJ;Sul;Colisão Traseira;1;6;;;;;1
08/02/2013;22:41:00;281;sem vítima;260;BR-101/RJ;Norte;Colisão Traseira;1;2;;;;;1
08/02/2013;05:35:00;56;sem vítima;260,5;BR-101/RJ;Norte;Colisão Lateral;1;4;;;;;1
27/02/2013;01:51:00;8;sem vítima;260;BR-101/RJ;Sul;Colisão Traseira;2;6;;;;;1
29/03/2013;05:01:00;33;com vítima;260,13;BR-101/RJ;Norte;Colisão Frontal;1;2;2;;1;3;3
01/04/2013;11:43:00;111;com vítima;260;BR-101/RJ;Sul;Colisão Traseira;2;20;2;;;;1
17/05/2013;19:03:00;166;sem vítima;260;BR-101/RJ;Norte;Colisão Traseira;1;3;;;;;1
19/07/2013;13:55:00;121;sem vítima;260,844;BR-101/RJ;Norte;Colisão Traseira;1;2;;;;;1
13/12/2013;21:00:00;187;com vítima;260,171;BR-101/RJ;Norte;Colisão Frontal;1;1;;1;;;2
08/03/2014;17:12:00;140;sem vítima;260,573;BR-101/RJ;Norte;Choque - Defensa, barreira ou "submarino";1;3;;;;;1
26/03/2014;12:03:00;100;sem vítima;260;BR-101/RJ;Norte;Colisão Lateral;3;4;;;;;1
28/06/2014;00:20:00;4;com vítima;260;BR-101/RJ;Norte;Colisão Frontal;1;1;3;;;;1
10/01/2010;22:07:00;246;sem vítima;261;BR-101/RJ;Sul;Colisão Traseira;1;7;;;;;1
31/01/2010;20:36:00;192;sem vítima;261;BR-101/RJ;Sul;Tombamento;1;1;;;;;1
22/02/2010;00:45:00;6;sem vítima;261;BR-101/RJ;Sul;Colisão Traseira;1;4;;;;;1
11/03/2010;13:00:00;95;sem vítima;261;BR-101/RJ;Norte;Colisão Traseira;1;2;;;;;1
21/07/2010;12:03:00;106;sem vítima;261;BR-101/RJ;Sul;Colisão Traseira;1;3;;;;;1
04/08/2010;04:20:00;9;com vítima;261;BR-101/RJ;Sul;Colisão Frontal;1;0;1;;1;;2
27/10/2010;01:42:00;14;com vítima;261;BR-101/RJ;Sul;Tombamento;1;0;1;;;;1
29/10/2010;16:58:00;149;sem vítima;261;BR-101/RJ;Norte;Colisão Lateral;1;4;;;;;1
01/11/2010;13:54:00;85;sem vítima;261;BR-101/RJ;Norte;Saida de Pista;1;1;;;;;1
22/12/2010;21:47:00;217;com vítima;261;BR-101/RJ;Sul;Tombamento;1;0;2;;;;1
28/11/2011;17:31:00;133;sem vítima;261;BR-101/RJ;Sul;Colisão Traseira;2;4;;;;;1
15/12/2011;15:25:00;104;com vítima;261;BR-101/RJ;Sul;Colisão Traseira;1;1;1;;;;1
15/12/2011;16:02:00;111;sem vítima;261;BR-101/RJ;Sul;Colisão Traseira;1;4;;;;;1
03/01/2012;02:06:00;8;sem vítima;261;BR-101/RJ;Sul;Colisão Traseira;1;5;;;;;1
01/03/2012;23:54:00;181;com vítima;261;BR-101/RJ;Norte;Colisão Traseira;3;2;1;;;;1
07/05/2012;09:00:00;62;com vítima;261;BR-101/RJ;Sul;Colisão Lateral;2;3;1;;;;1
18/07/2012;12:05:00;89;com vítima;261;BR-101/RJ;Sul;Colisão Transversal;1;1;;;1;;2
23/10/2012;11:44:00;89;sem vítima;261;BR-101/RJ;Norte;Colisão Lateral;1;4;;;;;1
09/11/2012;20:44:00;189;sem vítima;261;BR-101/RJ;Sul;Tombamento;1;1;;;;;1
29/11/2012;09:46:00;73;sem vítima;261;BR-101/RJ;Norte;Colisão Traseira;1;2;;;;;1
06/12/2012;23:38:00;237;sem vítima;261,586;BR-101/RJ;Sul;Tombamento;1;1;;;;;1
27/03/2013;11:04:00;78;sem vítima;261,45;BR-101/RJ;Norte;Colisão Lateral;1;4;;;;;1
30/03/2013;10:18:00;61;com vítima;261,3;BR-101/RJ;Sul;Colisão Transversal;1;2;3;;;;1
11/05/2013;12:40:00;94;com vítima;261,6;BR-101/RJ;Norte;Colisão Traseira;2;6;;1;;;2
13/06/2013;06:34:00;23;sem vítima;261,56;BR-101/RJ;Norte;Colisão Lateral;1;2;;;;;1
20/09/2013;21:46:00;196;sem vítima;261,64;BR-101/RJ;Sul;Colisão Lateral;2;3;;;;;1
07/01/2014;23:52:00;195;com vítima;261,81;BR-101/RJ;Sul;Choque - Outros;1;0;1;1;;;2
27/03/2014;12:28:00;104;com vítima;261;BR-101/RJ;Norte;Saida de Pista;1;0;1;;;;1
19/12/2015;18:47:00;230;sem vítima;261;BR-101/RJ;Norte;Colisão Traseira;1;2;;;;;1
13/01/2010;17:55:00;143;sem vítima;262;BR-101/RJ;Norte;Colisão Lateral;1;7;;;;;1
04/03/2010;08:27:00;59;sem vítima;262;BR-101/RJ;Norte;Colisão Lateral;1;2;;;;;1
28/03/2010;13:59:00;78;sem vítima;262;BR-101/RJ;Norte;Colisão Traseira;1;4;;;;;1
07/11/2010;19:22:00;153;com vítima;262;BR-101/RJ;Norte;Atropelamento - Ciclista;1;1;;1;;;2
15/11/2010;03:23:00;8;com vítima;262;BR-101/RJ;Sul;Tombamento;1;0;1;;;;1
03/01/2011;14:55:00;186;sem vítima;262;BR-101/RJ;Sul;Colisão Lateral;1;5;;;;;1
18/01/2011;06:29:00;19;sem vítima;262;BR-101/RJ;Sul;Colisão Lateral;1;2;;;;;1
31/01/2011;18:42:00;173;sem vítima;262;BR-101/RJ;Sul;Colisão Lateral;1;3;;;;;1
01/02/2011;08:49:00;52;com vítima;262;BR-101/RJ;Norte;Tombamento;1;0;;1;;;2
07/02/2011;15:53:00;142;sem vítima;262;BR-101/RJ;Norte;Colisão Lateral;1;2;;;;;1
30/05/2011;07:37:00;38;sem vítima;262;BR-101/RJ;Sul;Colisão Lateral;1;2;;;;;1
05/10/2011;15:31:00;109;sem vítima;262;BR-101/RJ;Sul;Colisão Lateral;1;5;;;;;1
20/10/2011;16:42:00;140;sem vítima;262;BR-101/RJ;Norte;Colisão Lateral;1;2;;;;;1
13/01/2012;13:00:00;101;com vítima;262;BR-101/RJ;Norte;Tombamento;1;2;;1;;;2
16/01/2012;17:02:00;159;sem vítima;262,8;BR-101/RJ;Sul;Colisão Traseira;1;2;;;;;1
16/02/2012;10:01:00;74;sem vítima;262;BR-101/RJ;Sul;Colisão Lateral;1;3;;;;;1
23/04/2012;08:01:00;38;com vítima;262;BR-101/RJ;Sul;Colisão Traseira;1;1;1;;;;1
02/08/2012;02:25:00;18;sem vítima;262,75;BR-101/RJ;Norte;Choque - Defensa, barreira ou "submarino";1;1;;;;;1
05/08/2012;09:57:00;44;sem vítima;262,3;BR-101/RJ;Norte;Colisão Lateral;2;2;;;;;1
28/09/2012;08:56:00;59;sem vítima;262;BR-101/RJ;Norte;Colisão Lateral;1;3;;;;;1
13/10/2012;08:31:00;36;sem vítima;262;BR-101/RJ;Norte;Colisão Lateral;2;3;;;;;1
28/11/2012;17:22:00;147;sem vítima;262;BR-101/RJ;Sul;Colisão Lateral;1;2;;;;;1
04/01/2013;17:13:00;147;sem vítima;262;BR-101/RJ;Sul;Colisão Lateral;1;2;;;;;1
10/01/2013;06:53:00;35;sem vítima;262;BR-101/RJ;Norte;Colisão Traseira;2;2;;;;;1
14/08/2013;11:31:00;92;sem vítima;262;BR-101/RJ;Norte;Engavetamento;1;5;;;;;1
07/10/2013;10:17:00;59;com vítima;262,093;BR-101/RJ;Norte;Engavetamento;1;10;1;;;;1
07/10/2013;10:29:00;61;sem vítima;262,133;BR-101/RJ;Norte;Colisão Traseira;1;3;;;;;1
16/10/2013;15:01:00;119;sem vítima;262,355;BR-101/RJ;Sul;Engavetamento;1;5;;;;;1
15/02/2014;16:39:00;152;com vítima;262,105;BR-101/RJ;Norte;Choque - Defensa, barreira ou "submarino";1;0;1;;;;1
27/02/2014;17:21:00;185;sem vítima;262,044;BR-101/RJ;Sul;Colisão Lateral;1;2;;;;;1
20/03/2014;04:49:00;20;sem vítima;262,102;BR-101/RJ;Norte;Colisão Lateral;3;4;;;;;1
22/03/2014;01:34:00;12;sem vítima;262,528;BR-101/RJ;Sul;Colisão Lateral;2;2;;;;;1
08/04/2014;02:57:00;10;sem vítima;262,5;BR-101/RJ;Norte;Choque - Defensa, barreira ou "submarino";1;1;;;;;1
28/04/2014;21:15:00;152;sem vítima;262,778;BR-101/RJ;Sul;Choque - Defensa, barreira ou "submarino";1;2;;;;;1
15/06/2014;08:35:00;40;sem vítima;262;BR-101/RJ;Norte;Colisão Lateral;1;2;;;;;1
26/07/2014;18:36:00;107;sem vítima;262,9;BR-101/RJ;Norte;Choque - Defensa, barreira ou "submarino";1;1;;;;;1
07/08/2014;12:04:00;95;com vítima;262;BR-101/RJ;Norte;Colisão Frontal;1;1;;;1;;2
07/11/2014;04:13:00;22;sem vítima;262;BR-101/RJ;Norte;Choque - Defensa, barreira ou "submarino";1;2;;;;;1
19/03/2015;19:26:00;161;sem vítima;262,3;BR-101/RJ;Norte;Saida de Pista;1;1;0;0;0;0;1
20/03/2015;17:36:00;142;sem vítima;262;BR-101/RJ;Sul;Colisão Lateral;1;2;0;0;0;0;1
11/05/2015;21:58:00;199;sem vítima;262;BR-101/RJ;Norte;Choque - Defensa, barreira ou "submarino";1;1;;;;;1
30/05/2015;00:22:00;2;com vítima;262,099;BR-101/RJ;Norte;Tombamento;1;0;1;;;;1
05/06/2015;19:47:00;156;sem vítima;262;BR-101/RJ;Sul;Outros - Sequência;1;2;;;;;1
23/12/2015;13:00:00;138;com vítima;262,5;BR-101/RJ;Sul;Engavetamento;1;5;1;;;;1
19/02/2010;15:04:00;100;sem vítima;263;BR-101/RJ;Sul;Colisão Lateral;1;4;;;;;1
15/04/2010;18:48:00;168;sem vítima;263;BR-101/RJ;Norte;Colisão Lateral;2;2;;;;;1
01/02/2011;10:43:00;76;sem vítima;263;BR-101/RJ;Norte;Colisão Lateral;1;2;;;;;1
13/01/2012;09:30:00;62;sem vítima;263;BR-101/RJ;Norte;Choque - Defensa, barreira ou "submarino";1;2;;;;;1
07/11/2012;08:57:00;45;com vítima;263;BR-101/RJ;Sul;Colisão Lateral;2;24;;1;;;2
07/03/2013;18:47:00;187;sem vítima;263;BR-101/RJ;Norte;Colisão Lateral;1;4;;;;;1
06/09/2013;15:59:00;129;sem vítima;263;BR-101/RJ;Norte;Colisão Traseira;1;3;;;;;1
14/11/2013;00:34:00;8;sem vítima;263,7;BR-101/RJ;Sul;Colisão Traseira;2;4;;;;;1
17/11/2013;23:23:00;251;sem vítima;263;BR-101/RJ;Sul;Colisão Traseira;3;3;;;;;1
17/04/2014;18:11:00;173;sem vítima;263;BR-101/RJ;Norte;Colisão Lateral;1;2;;;;;1
18/06/2014;22:54:00;182;sem vítima;263,954;BR-101/RJ;Norte;Tombamento;1;1;;;;;1
16/07/2014;02:48:00;13;sem vítima;263,654;BR-101/RJ;Sul;Colisão Traseira;2;2;;;;;1
10/11/2014;14:39:00;112;com vítima;263;BR-101/RJ;Sul;Colisão Lateral;1;1;1;;;;1
14/12/2014;11:40:00;71;sem vítima;263;BR-101/RJ;Sul;Outros - Sequência;1;2;;;;;1
21/01/2015;17:56:00;174;sem vítima;263;BR-101/RJ;Norte;Colisão Lateral;1;7;;;;;1
21/02/2015;05:05:00;25;com vítima;263;BR-101/RJ;Norte;Colisão Traseira;1;5;3;0;0;0;1
14/04/2015;13:29:00;111;sem vítima;263,263;BR-101/RJ;Norte;Colisão Lateral;1;2;;;;;1
15/12/2015;17:08:00;215;sem vítima;263;BR-101/RJ;Sul;Engavetamento;1;7;;;;;1
24/08/2010;05:27:00;22;sem vítima;264;BR-101/RJ;Sul;Colisão Lateral;2;5;;;;;1
10/03/2012;13:31:00;88;sem vítima;264;BR-101/RJ;Norte;Colisão Traseira;1;3;;;;;1
08/09/2012;19:43:00;154;sem vítima;264,15;BR-101/RJ;Norte;Saida de Pista;1;1;;;;;1
05/10/2012;08:50:00;72;sem vítima;264;BR-101/RJ;Norte;Colisão Lateral;2;2;;;;;1
02/06/2014;14:02:00;108;com vítima;264;BR-101/RJ;Norte;Capotamento;1;2;2;;;;1
12/11/2014;20:58:00;166;sem vítima;264,5;BR-101/RJ;Norte;Colisão Lateral;1;5;;;;;1
18/04/2015;19:59:00;180;com vítima;264;BR-101/RJ;Norte;Tombamento;1;0;1;;;;1
05/08/2015;21:08:00;173;com vítima;264;BR-101/RJ;Norte;Colisão Traseira;1;1;;1;;;2
31/03/2010;06:53:00;30;com vítima;265;BR-101/RJ;Norte;Colisão Traseira;1;7;2;;;;1
21/05/2010;15:49:00;115;com vítima;265;BR-101/RJ;Norte;Colisão Lateral;1;1;1;;;;1
27/06/2010;16:40:00;103;sem vítima;265;BR-101/RJ;Sul;Colisão Lateral;1;3;;;;;1
15/09/2010;11:44:00;98;sem vítima;265;BR-101/RJ;Sul;Colisão Lateral;1;2;;;;;1
27/09/2010;23:52:00;189;com vítima;265;BR-101/RJ;Norte;Colisão Traseira;1;3;;1;;;2
14/02/2011;09:22:00;81;sem vítima;265;BR-101/RJ;Sul;Colisão Lateral;1;6;;;;;1