data;horario;n_da_ocorrencia;tipo_de_ocorrencia;km;trecho;sentido;tipo_de_acidente;caminhao;ilesos;levemente_feridos;moderadamente_feridos;gravemente_feridos;mortos;3
06/01/2015;12:08:00;66;sem vítima;280;BR-101/RJ;Sul;Colisão Traseira;1;3;;;;;1
07/04/2010;12:29:00;88;sem vítima;281;BR-101/RJ;Norte;Colisão Lateral;1;2;;;;;1
23/09/2011;13:40:00;89;com vítima;281,6000061035156;BR-101/RJ;Norte;Colisão Traseira;1;2;8;2;;;2
18/10/2012;17:51:00;157;com vítima;281,701;BR-101/RJ;Norte;Colisão Traseira;2;4;1;;;;1
24/06/2013;19:38:00;142;com vítima;281,339;BR-101/RJ;Norte;Atropelamento - Morador;1;1;;;;1;3
31/10/2013;17:26:00;109;sem vítima;281;BR-101/RJ;Sul;Colisão Lateral;1;2;;;;;1
20/11/2013;17:33:00;109;com vítima;281,8;BR-101/RJ;Sul;Colisão Traseira;1;1;2;;;;1
09/01/2014;15:56:00;140;sem vítima;281;BR-101/RJ;Sul;Colisão Traseira;2;4;;;;;1
20/07/2014;18:03:00;133;com vítima;281,955;BR-101/RJ;Sul;Colisão Lateral;1;2;;2;;;2
09/11/2015;11:33:00;107;com vítima;281;BR-101/RJ;Sul;Colisão Traseira;1;2;1;;;;1
19/12/2015;15:25:00;188;sem vítima;281;BR-101/RJ;Norte;Colisão Traseira;1;2;;;;;1
18/06/2010;13:03:00;110;sem vítima;282;BR-101/RJ;Norte;Colisão Traseira;1;2;;;;;1
13/10/2010;01:55:00;3;com vítima;282;BR-101/RJ;Sul;Colisão Traseira;2;1;3;;;;1
21/12/2010;21:42:00;219;com vítima;282;BR-101/RJ;Sul;Colisão Transversal;1;1;;1;;;2
25/10/2011;00:55:00;4;sem vítima;282;BR-101/RJ;Sul;Colisão Traseira;1;3;;;;;1
16/11/2011;20:10:00;145;sem vítima;282,79998779296875;BR-101/RJ;Norte;Colisão Frontal;1;2;;;;;1
27/12/2011;19:05:00;191;com vítima;282,5;BR-101/RJ;Norte;Capotamento;1;0;;;2;;2
18/02/2012;10:21:00;138;sem vítima;282;BR-101/RJ;Norte;Engavetamento;2;10;;;;;1
02/05/2012;14:38:00;136;sem vítima;282;BR-101/RJ;Norte;Colisão Lateral;2;4;;;;;1
22/05/2012;06:21:00;23;com vítima;282;BR-101/RJ;Norte;Tombamento;1;0;1;;;;1
31/05/2012;11:23:00;92;sem vítima;282,7;BR-101/RJ;Sul;Colisão Lateral;1;3;;;;;1
20/06/2012;21:19:00;173;sem vítima;282,5;BR-101/RJ;Norte;Tombamento;1;1;;;;;1
31/08/2012;18:32:00;181;sem vítima;282;BR-101/RJ;Norte;Colisão Lateral;1;5;;;;;1
03/04/2013;19:14:00;142;com vítima;282,8;BR-101/RJ;Norte;Saida de Pista;1;0;1;1;;;2
31/10/2013;02:10:00;8;com vítima;282,734;BR-101/RJ;Sul;Tombamento;1;0;;;1;;2
24/11/2013;08:55:00;49;sem vítima;282;BR-101/RJ;Sul;Colisão Lateral;1;2;;;;;1
21/03/2014;03:49:00;10;sem vítima;282,654;BR-101/RJ;Sul;Saida de Pista;1;1;;;;;1
09/04/2014;02:34:00;14;sem vítima;282,694;BR-101/RJ;Norte;Choque - Defensa, barreira ou "submarino";1;1;;;;;1
31/05/2014;16:05:00;108;sem vítima;282;BR-101/RJ;Norte;Colisão Lateral;1;5;;;;;1
28/08/2015;14:43:00;127;sem vítima;282;BR-101/RJ;Sul;Colisão Lateral;1;5;;;;;1
05/01/2010;15:20:00;121;sem vítima;283;BR-101/RJ;Norte;Colisão Lateral;1;4;;;;;1
18/01/2010;23:03:00;197;sem vítima;283;BR-101/RJ;Norte;Colisão Lateral;1;6;;;;;1
14/02/2010;22:57:00;248;sem vítima;283;BR-101/RJ;Norte;Tombamento;1;3;;;;;1
12/03/2010;15:31:00;126;sem vítima;283;BR-101/RJ;Norte;Saida de Pista;1;5;;;;;1
22/04/2010;17:21:00;156;sem vítima;283;BR-101/RJ;Sul;Colisão Lateral;1;3;;;;;1
30/04/2010;21:15:00;163;sem vítima;283;BR-101/RJ;Sul;Colisão Lateral;1;5;;;;;1
03/05/2010;14:16:00;103;sem vítima;283;BR-101/RJ;Sul;Colisão Lateral;1;4;;;;;1
03/05/2010;15:57:00;129;sem vítima;283;BR-101/RJ;Sul;Colisão Traseira;1;2;;;;;1
13/05/2010;16:38:00;113;sem vítima;283;BR-101/RJ;Sul;Colisão Lateral;1;4;;;;;1
25/05/2010;18:03:00;134;sem vítima;283;BR-101/RJ;Sul;Colisão Lateral;1;3;;;;;1
03/07/2010;20:57:00;155;sem vítima;283;BR-101/RJ;Norte;Colisão Transversal;1;2;;;;;1
26/08/2010;06:30:00;39;sem vítima;283;BR-101/RJ;Norte;Colisão Traseira;1;3;;;;;1
20/09/2010;06:43:00;45;sem vítima;283;BR-101/RJ;Norte;Colisão Traseira;1;2;;;;;1
16/03/2011;18:53:00;144;com vítima;319;BR-101/RJ;Norte;Queda de Moto;1;3;;;1;;2
12/08/2011;15:21:00;128;sem vítima;283;BR-101/RJ;Norte;Colisão Traseira;1;5;;;;;1
27/08/2011;18:53:00;139;sem vítima;283;BR-101/RJ;Sul;Colisão Traseira;1;3;;;;;1
14/09/2011;10:25:00;63;sem vítima;283;BR-101/RJ;Norte;Choque - Defensa, barreira ou "submarino";1;2;;;;;1
28/09/2011;20:35:00;144;sem vítima;283;BR-101/RJ;Norte;Colisão Traseira;1;3;;;;;1
19/11/2011;15:18:00;79;com vítima;283;BR-101/RJ;Sul;Saida de Pista;1;0;;1;;;2
13/02/2012;20:29:00;186;com vítima;283;BR-101/RJ;Norte;Colisão Traseira;1;1;2;1;;;2
16/02/2012;13:29:00;111;com vítima;283;BR-101/RJ;Sul;Choque - Outros;1;3;1;;;;1
06/06/2012;11:37:00;91;sem vítima;283;BR-101/RJ;Sul;Colisão Transversal;1;2;;;;;1
24/07/2012;10:56:00;87;sem vítima;283,3;BR-101/RJ;Sul;Colisão Traseira;1;8;;;;;1
16/08/2012;08:17:00;50;sem vítima;283;BR-101/RJ;Norte;Colisão Lateral;1;4;;;;;1
13/09/2012;14:31:00;117;sem vítima;283;BR-101/RJ;Norte;Colisão Traseira;1;3;;;;;1
14/09/2012;04:39:00;17;sem vítima;283,312;BR-101/RJ;Norte;Colisão Traseira;2;2;;;;;1
26/11/2012;08:59:00;62;sem vítima;283;BR-101/RJ;Sul;Choque - Defensa, barreira ou "submarino";1;3;;;;;1
15/12/2012;12:46:00;95;sem vítima;283;BR-101/RJ;Norte;Tombamento;1;1;;;;;1
14/03/2013;12:54:00;95;sem vítima;283,086;BR-101/RJ;Norte;Colisão Lateral;1;2;;;;;1
19/09/2013;16:58:00;145;sem vítima;283,319;BR-101/RJ;Sul;Colisão Lateral;1;3;;;;;1
27/09/2013;10:44:00;81;sem vítima;283;BR-101/RJ;Norte;Colisão Traseira;1;2;;;;;1
28/10/2013;13:23:00;87;sem vítima;283;BR-101/RJ;Sul;Colisão Traseira;1;2;;;;;1
20/11/2013;15:21:00;88;com vítima;283;BR-101/RJ;Sul;Colisão Traseira;1;1;1;1;;;2
24/11/2013;22:04:00;167;com vítima;283,5;BR-101/RJ;Sul;Colisão Traseira;1;2;1;2;;;2
30/01/2014;18:03:00;180;com vítima;283;BR-101/RJ;Norte;Colisão Traseira;1;2;1;;;;1
24/04/2014;17:39:00;140;sem vítima;283;BR-101/RJ;Norte;Saida de Pista;1;1;;;;;1
13/05/2014;16:38:00;147;sem vítima;283;BR-101/RJ;Norte;Colisão Traseira;1;4;;;;;1
25/07/2014;08:31:00;43;sem vítima;283;BR-101/RJ;Norte;Colisão Lateral;2;2;;;;;1
01/11/2014;18:56:00;177;com vítima;283,23;BR-101/RJ;Sul;Engavetamento;1;5;;1;;;2
26/01/2015;17:06:00;159;com vítima;283;BR-101/RJ;Sul;Colisão Lateral;1;1;1;1;;;2
11/02/2015;13:59:00;116;sem vítima;283;BR-101/RJ;Norte;Colisão Lateral;1;2;0;0;0;0;1
02/07/2015;19:07:00;182;sem vítima;283;BR-101/RJ;Norte;Colisão Lateral;1;2;;;;;1
04/08/2015;13:21:00;114;sem vítima;283;BR-101/RJ;Norte;Colisão Traseira;1;2;;;;;1
05/10/2015;12:50:00;112;com vítima;283;BR-101/RJ;Norte;Tombamento;1;0;2;;;;1
22/11/2015;08:27:00;51;com vítima;283;BR-101/RJ;Sul;Choque - Defensa, barreira ou "submarino";1;0;;1;;;2
22/11/2015;08:46:00;56;sem vítima;283;BR-101/RJ;Norte;Colisão Traseira;1;3;;;;;1
28/12/2015;15:05:00;150;sem vítima;283;BR-101/RJ;Norte;Colisão Lateral;1;6;;;;;1
16/05/2010;16:47:00;109;sem vítima;284;BR-101/RJ;Sul;Colisão Lateral;1;2;;;;;1
25/05/2010;12:57:00;80;sem vítima;284;BR-101/RJ;Sul;Colisão Traseira;1;3;;;;;1
27/05/2010;18:24:00;141;sem vítima;284;BR-101/RJ;Sul;Colisão Traseira;1;4;;;;;1
18/07/2010;17:58:00;143;sem vítima;284;BR-101/RJ;Sul;Colisão Lateral;1;3;;;;;1
23/09/2010;14:41:00;113;sem vítima;284;BR-101/RJ;Norte;Engavetamento;2;5;;;;;1
22/10/2010;19:08:00;162;sem vítima;284;BR-101/RJ;Sul;Colisão Lateral;1;4;;;;;1
24/06/2011;01:27:00;4;com vítima;284,70001220703125;BR-101/RJ;Norte;Colisão Traseira;2;0;1;1;;;2
21/10/2011;04:28:00;12;com vítima;284;BR-101/RJ;Sul;Colisão Traseira;2;0;2;;;;1
23/01/2012;15:20:00;141;sem vítima;284;BR-101/RJ;Norte;Colisão Traseira;1;2;;;;;1
13/02/2012;22:07:00;203;com vítima;284;BR-101/RJ;Sul;Choque - Defensa, barreira ou "submarino";1;0;3;;;;1
10/04/2012;00:24:00;2;sem vítima;284;BR-101/RJ;Norte;Colisão Traseira;1;3;;;;;1
16/04/2012;09:09:00;54;com vítima;284,5;BR-101/RJ;Norte;Atropelamento - Morador;1;1;;1;;;2
04/08/2012;05:12:00;25;sem vítima;284;BR-101/RJ;Norte;Colisão Lateral;1;4;;;;;1
04/08/2012;00:22:00;2;sem vítima;284,197;BR-101/RJ;Sul;Saida de Pista;1;1;;;;;1
20/09/2012;12:23:00;87;sem vítima;284;BR-101/RJ;Norte;Colisão Lateral;2;3;;;;;1
10/11/2012;04:34:00;18;sem vítima;284;BR-101/RJ;Norte;Colisão Traseira;1;4;;;;;1
23/01/2013;06:26:00;26;com vítima;284,776;BR-101/RJ;Norte;Capotamento;1;1;1;;;;1
09/02/2013;12:36:00;182;sem vítima;284;BR-101/RJ;Norte;Colisão Traseira;1;3;;;;;1
13/04/2013;12:38:00;107;sem vítima;284;BR-101/RJ;Norte;Colisão Lateral;1;4;;;;;1
07/11/2013;16:18:00;123;sem vítima;284,2;BR-101/RJ;Sul;Colisão Traseira;1;3;;;;;1
06/12/2013;18:56:00;172;sem vítima;284;BR-101/RJ;Sul;Colisão Lateral;1;2;;;;;1
02/01/2014;08:22:00;53;sem vítima;284,302;BR-101/RJ;Sul;Colisão Traseira;1;10;;;;;1
15/01/2014;18:21:00;149;sem vítima;284;BR-101/RJ;Sul;Colisão Traseira;1;3;;;;;1
22/02/2014;06:44:00;16;com vítima;284,928;BR-101/RJ;Norte;Colisão Lateral;1;1;1;;;;1
11/04/2014;12:47:00;97;sem vítima;284,3;BR-101/RJ;Norte;Colisão Traseira;2;2;;;;;1
26/04/2014;13:36:00;95;sem vítima;284,227;BR-101/RJ;Sul;Colisão Lateral;1;2;;;;;1
03/06/2014;11:32:00;84;sem vítima;284,93;BR-101/RJ;Sul;Colisão Traseira;1;2;;;;;1
12/08/2014;10:48:00;80;com vítima;284,897;BR-101/RJ;Norte;Colisão Lateral;1;1;1;;;;1
17/11/2014;09:45:00;67;com vítima;284,975;BR-101/RJ;Sul;Colisão Traseira;1;38;2;2;;;2
16/03/2015;17:43:00;180;sem vítima;284;BR-101/RJ;Sul;Colisão Lateral;1;2;0;0;0;0;1
07/08/2015;14:42:00;138;sem vítima;284;BR-101/RJ;Norte;Engavetamento;2;6;;;;;1
29/08/2015;14:41:00;112;sem vítima;284;BR-101/RJ;Sul;Colisão Lateral;1;3;;;;;1
23/10/2015;05:28:00;17;com vítima;284,844;BR-101/RJ;Sul;Colisão Traseira;2;2;1;;;;1
15/04/2010;10:17:00;84;sem vítima;285;BR-101/RJ;Norte;Outros - Sequência;1;5;;;;;1
30/09/2010;10:53:00;59;com vítima;285;BR-101/RJ;Norte;Colisão Traseira;1;4;;2;;;2
04/11/2010;23:04:00;184;sem vítima;285;BR-101/RJ;Sul;Saida de Pista;1;1;;;;;1
16/03/2011;20:22:00;156;sem vítima;297;BR-101/RJ;Norte;Colisão Lateral;1;2;;;;;1
26/12/2011;14:55:00;118;sem vítima;285;BR-101/RJ;Sul;Colisão Lateral;2;2;;;;;1
28/01/2012;00:45:00;9;sem vítima;285;BR-101/RJ;Norte;Colisão Traseira;1;5;;;;;1
28/05/2012;13:11:00;110;sem vítima;285,83;BR-101/RJ;Norte;Choque - Defensa, barreira ou "submarino";1;1;;;;;1
21/07/2012;05:25:00;30;com vítima;285;BR-101/RJ;Norte;Colisão Traseira;1;1;1;;;;1
19/09/2012;11:19:00;93;sem vítima;285;BR-101/RJ;Norte;Tombamento;1;2;;;;;1
10/01/2013;18:49:00;174;sem vítima;285;BR-101/RJ;Norte;Colisão Traseira;1;7;;;;;1
12/04/2013;00:01:00;1;com vítima;285;BR-101/RJ;Norte;Colisão Transversal;1;1;3;;;;1
12/06/2013;00:19:00;4;com vítima;285,45;BR-101/RJ;Sul;Colisão Traseira;2;1;;;;1;3
04/07/2013;09:47:00;70;sem vítima;285,5;BR-101/RJ;Norte;Colisão Traseira;1;3;;;;;1
16/08/2013;12:33:00;105;com vítima;285;BR-101/RJ;Norte;Choque - Outros;1;11;1;;;;1
07/10/2013;17:18:00;121;sem vítima;285;BR-101/RJ;Norte;Engavetamento;2;6;;;;;1
14/11/2013;10:14:00;88;sem vítima;285,95;BR-101/RJ;Sul;Saida de Pista;1;1;;;;;1
22/11/2013;13:41:00;115;sem vítima;285;BR-101/RJ;Sul;Colisão Traseira;1;3;;;;;1
02/01/2014;03:34:00;20;sem vítima;285,65;BR-101/RJ;Sul;Colisão Lateral;1;7;;;;;1
14/02/2014;21:52:00;232;sem vítima;285;BR-101/RJ;Sul;Engavetamento;3;5;;;;;1
06/03/2014;15:20:00;153;sem vítima;285;BR-101/RJ;Sul;Colisão Traseira;1;6;;;;;1
09/04/2014;19:42:00;189;com vítima;285,624;BR-101/RJ;Sul;Colisão Traseira;1;3;3;;;;1
29/04/2014;16:47:00;133;sem vítima;285;BR-101/RJ;Sul;Colisão Lateral;1;2;;;;;1
16/05/2014;10:49:00;80;sem vítima;285;BR-101/RJ;Norte;Saida de Pista;1;3;;;;;1
11/06/2014;17:02:00;149;sem vítima;285;BR-101/RJ;Sul;Colisão Lateral;1;2;;;;;1
06/09/2014;12:36:00;85;sem vítima;285,365;BR-101/RJ;Sul;Colisão Traseira;1;2;;;;;1
19/09/2014;20:34:00;189;sem vítima;285,75;BR-101/RJ;Sul;Colisão Traseira;1;2;;;;;1
23/01/2015;06:45:00;20;sem vítima;285;BR-101/RJ;Norte;Colisão Traseira;1;2;;;;;1
15/07/2015;14:36:00;125;sem vítima;285;BR-101/RJ;Sul;Tombamento;1;1;;;;;1
20/08/2015;22:56:00;189;sem vítima;285;BR-101/RJ;Sul;Colisão Lateral;1;3;;;;;1
25/08/2015;02:20:00;6;com vítima;285,09;BR-101/RJ;Sul;Choque - Defensa, barreira ou "submarino";1;0;1;;;;1
22/01/2010;19:32:00;175;sem vítima;286;BR-101/RJ;Norte;Colisão Transversal;1;5;;;;;1
17/05/2010;19:56:00;143;sem vítima;286;BR-101/RJ;Sul;Colisão Transversal;1;2;;;;;1
25/08/2010;06:27:00;23;com vítima;286;BR-101/RJ;Norte;Colisão Traseira;2;3;;2;;;2
26/08/2010;11:35:00;90;sem vítima;286;BR-101/RJ;Norte;Colisão Traseira;2;3;;;;;1
09/06/2011;13:23:00;106;sem vítima;286;BR-101/RJ;Sul;Colisão Lateral;1;5;;;;;1
11/08/2011;18:29:00;148;com vítima;286;BR-101/RJ;Norte;Objeto lançado contra veículo;1;2;1;;;;1
26/08/2011;18:49:00;145;sem vítima;286;BR-101/RJ;Norte;Colisão Lateral;1;7;;;;;1
18/09/2011;14:33:00;89;sem vítima;286,5;BR-101/RJ;Sul;Colisão Lateral;1;5;;;;;1
27/10/2011;01:51:00;5;com vítima;286;BR-101/RJ;Sul;Colisão Traseira;2;4;;2;;1;3
25/11/2011;10:05:00;62;sem vítima;286;BR-101/RJ;Sul;Colisão Traseira;3;4;;;;;1
27/11/2011;05:03:00;27;sem vítima;286;BR-101/RJ;Sul;Colisão Traseira;2;3;;;;;1
23/12/2011;21:51:00;244;sem vítima;286;BR-101/RJ;Sul;Colisão Traseira;1;2;;;;;1
09/02/2012;10:57:00;55;sem vítima;286;BR-101/RJ;Norte;Colisão Lateral;1;2;;;;;1
13/02/2012;16:18:00;133;sem vítima;286;BR-101/RJ;Sul;Choque - Defensa, barreira ou "submarino";1;3;;;;;1
11/03/2012;12:30:00;65;sem vítima;286,6;BR-101/RJ;Sul;Colisão Lateral;1;3;;;;;1
31/05/2012;13:02:00;110;sem vítima;286,5;BR-101/RJ;Norte;Colisão Traseira;1;3;;;;;1
31/05/2012;13:24:00;115;sem vítima;286,9;BR-101/RJ;Norte;Engavetamento;2;6;;;;;1
07/11/2012;10:07:00;60;sem vítima;286,5;BR-101/RJ;Sul;Colisão Traseira;1;6;;;;;1
13/12/2012;10:49:00;77;com vítima;286;BR-101/RJ;Norte;Saida de Pista;1;0;2;;1;;2
19/12/2012;18:22:00;152;sem vítima;286;BR-101/RJ;Norte;Colisão Lateral;1;5;;;;;1
23/01/2013;07:19:00;38;sem vítima;286,555;BR-101/RJ;Norte;Engavetamento;1;12;;;;;1
13/04/2013;05:41:00;28;sem vítima;286,7;BR-101/RJ;Norte;Tombamento;1;1;;;;;1
20/08/2013;10:33:00;69;sem vítima;286;BR-101/RJ;Sul;Colisão Lateral;1;2;;;;;1
04/09/2013;17:33:00;125;sem vítima;286;BR-101/RJ;Sul;Engavetamento;2;7;;;;;1
06/09/2013;12:34:00;88;sem vítima;286;BR-101/RJ;Sul;Colisão Lateral;1;2;;;;;1
04/10/2013;15:28:00;125;sem vítima;286;BR-101/RJ;Sul;Colisão Lateral;1;2;;;;;1
21/10/2013;20:04:00;191;sem vítima;286,159;BR-101/RJ;Sul;Colisão Lateral;1;4;;;;;1
07/11/2013;11:46:00;82;sem vítima;286;BR-101/RJ;Sul;Engavetamento;1;5;;;;;1
18/12/2013;03:53:00;17;com vítima;286;BR-101/RJ;Sul;Colisão Traseira;1;6;1;;;;1
21/12/2013;20:27:00;192;sem vítima;286;BR-101/RJ;Sul;Colisão Lateral;2;5;;;;;1
08/03/2014;22:42:00;216;sem vítima;286;BR-101/RJ;Sul;Colisão Lateral;1;5;;;;;1
26/03/2014;11:27:00;90;sem vítima;286;BR-101/RJ;Sul;Colisão Lateral;1;5;;;;;1
06/05/2014;07:16:00;31;sem vítima;286;BR-101/RJ;Sul;Colisão Traseira;1;4;;;;;1
24/06/2014;23:38:00;193;sem vítima;286,16;BR-101/RJ;Norte;Choque - Defensa, barreira ou "submarino";1;1;;;;;1
30/10/2014;02:39:00;15;sem vítima;286;BR-101/RJ;Norte;Choque - Defensa, barreira ou "submarino";1;1;;;;;1
01/11/2014;15:30:00;138;com vítima;286,297;BR-101/RJ;Sul;Colisão Frontal;1;2;;;2;2;3
09/11/2014;06:11:00;24;sem vítima;286;BR-101/RJ;Norte;Choque - Defensa, barreira ou "submarino";1;1;;;;;1
12/11/2014;15:12:00;119;sem vítima;286;BR-101/RJ;Norte;Engavetamento;2;4;;;;;1
10/12/2014;15:01:00;117;sem vítima;286,2;BR-101/RJ;Sul;Colisão Traseira;2;2;;;;;1
04/03/2015;00:38:00;4;sem vítima;286;BR-101/RJ;Sul;Colisão Traseira;2;3;0;0;0;0;1
10/07/2015;01:12:00;6;com vítima;286,3;BR-101/RJ;Sul;Choque - Defensa, barreira ou "submarino";1;0;1;;;;1
05/09/2015;05:23:00;32;com vítima;286;BR-101/RJ;Sul;Colisão Traseira;1;0;7;1;;;2
28/01/2010;07:21:00;49;sem vítima;287,00299072265625;BR-101/RJ;Sul;Colisão Lateral;1;4;;;;;1
18/02/2010;17:50:00;205;sem vítima;287;BR-101/RJ;Sul;Colisão Lateral;1;2;;;;;1
26/02/2010;11:57:00;84;com vítima;287;BR-101/RJ;Norte;Outros - Sequência;1;1;;2;;;2
17/03/2010;11:35:00;79;com vítima;287;BR-101/RJ;Norte;Saida de Pista;1;0;;2;;;2
06/08/2010;12:10:00;85;com vítima;287;BR-101/RJ;Sul;Atropelamento - Morador;1;2;;;1;;2
17/08/2010;15:14:00;105;sem vítima;287;BR-101/RJ;Sul;Objeto lançado contra veículo;1;2;;;;;1
26/10/2010;19:36:00;168;com vítima;287;BR-101/RJ;Sul;Colisão Lateral;1;2;2;;;;1
29/11/2010;18:30:00;208;sem vítima;287;BR-101/RJ;Sul;Engavetamento;1;6;;;;;1
21/01/2011;17:31:00;110;sem vítima;287;BR-101/RJ;Sul;Colisão Lateral;1;2;;;;;1
17/03/2011;16:43:00;120;sem vítima;40;BR-101/RJ;Sul;Colisão Traseira;1;3;;;;;1
26/01/2012;12:59:00;87;sem vítima;287;BR-101/RJ;Norte;Colisão Lateral;1;2;;;;;1
20/03/2012;23:26:00;166;sem vítima;287;BR-101/RJ;Norte;Colisão Traseira;2;4;;;;;1
08/05/2012;12:46:00;77;sem vítima;287;BR-101/RJ;Sul;Colisão Lateral;2;2;;;;;1
03/01/2013;09:56:00;79;sem vítima;287;BR-101/RJ;Sul;Colisão Traseira;1;9;;;;;1
09/02/2013;04:55:00;70;com vítima;287;BR-101/RJ;Sul;Atropelamento de Animal;1;2;1;;;;1
20/03/2013;01:38:00;14;com vítima;287,276;BR-101/RJ;Norte;Colisão Lateral;2;1;1;;;;1
27/06/2013;07:18:00;31;sem vítima;287;BR-101/RJ;Sul;Colisão Traseira;1;4;;;;;1
03/07/2013;15:29:00;107;sem vítima;287;BR-101/RJ;Norte;Colisão Traseira;1;2;;;;;1
26/07/2013;02:35:00;14;sem vítima;287,022;BR-101/RJ;Norte;Colisão Traseira;1;2;;;;;1
19/09/2013;04:50:00;14;sem vítima;287;BR-101/RJ;Sul;Colisão Lateral;2;2;;;;;1
23/11/2013;06:19:00;27;com vítima;287,754;BR-101/RJ;Norte;Colisão Traseira;1;1;;1;;;2
26/11/2013;06:35:00;29;com vítima;287,225;BR-101/RJ;Sul;Choque - Defensa, barreira ou "submarino";1;2;1;;;;1
09/01/2014;23:58:00;212;sem vítima;287;BR-101/RJ;Norte;Colisão Lateral;1;7;;;;;1
06/02/2014;14:07:00;121;com vítima;287;BR-101/RJ;Norte;Saida de Pista;1;0;1;;;;1
13/02/2014;08:48:00;68;sem vítima;287,8;BR-101/RJ;Norte;Colisão Lateral;1;2;;;;;1
03/07/2014;10:29:00;71;com vítima;287;BR-101/RJ;Norte;Colisão Traseira;1;2;1;;;;1
26/09/2014;22:01:00;181;com vítima;287;BR-101/RJ;Norte;Colisão Traseira;1;1;1;;;;1
27/09/2014;01:24:00;10;sem vítima;287;BR-101/RJ;Norte;Colisão Lateral;1;2;;;;;1
08/10/2014;06:33:00;23;com vítima;287,862;BR-101/RJ;Norte;Engavetamento;2;0;4;;1;;2
09/12/2014;18:08:00;155;sem vítima;287;BR-101/RJ;Norte;Colisão Lateral;1;4;;;;;1
11/12/2014;10:11:00;68;sem vítima;287;BR-101/RJ;Norte;Colisão Lateral;1;3;;;;;1
20/04/2015;21:14:00;154;sem vítima;287;BR-101/RJ;Sul;Colisão Traseira;1;2;;;;;1
26/05/2015;17:24:00;156;com vítima;287,3;BR-101/RJ;Sul;Atropelamento - Andarilho;1;1;;;1;;2
14/06/2015;23:04:00;165;com vítima;287,833;BR-101/RJ;Norte;Tombamento;1;0;1;;;;1
10/07/2015;19:04:00;196;com vítima;287;BR-101/RJ;Norte;Colisão Lateral;1;1;2;;;;1
16/12/2015;06:42:00;46;sem vítima;287,495;BR-101/RJ;Norte;Colisão Traseira;2;3;;;;;1
12/02/2010;21:19:00;288;sem vítima;288;BR-101/RJ;Sul;Colisão Traseira;1;3;;;;;1
08/04/2010;01:00:00;9;sem vítima;288;BR-101/RJ;Sul;Saida de Pista;1;1;;;;;1
08/04/2010;04:18:00;22;sem vítima;288;BR-101/RJ;Sul;Choque - Defensa, barreira ou "submarino";1;2;;;;;1
07/05/2010;12:52:00;130;sem vítima;288;BR-101/RJ;Norte;Colisão Lateral;1;3;;;;;1
09/07/2010;09:03:00;55;com vítima;288;BR-101/RJ;Norte;Capotamento;1;3;;2;;;2
22/07/2010;07:35:00;40;com vítima;288;BR-101/RJ;Norte;Colisão Traseira;1;1;2;;;;1
11/08/2010;19:26:00;143;com vítima;288;BR-101/RJ;Sul;Atropelamento - Ciclista;1;1;;;;1;3
21/08/2010;14:32:00;106;sem vítima;288;BR-101/RJ;Norte;Colisão Lateral;1;2;;;;;1
21/08/2010;14:42:00;118;sem vítima;288;BR-101/RJ;Norte;Colisão Lateral;1;2;;;;;1
22/09/2010;12:26:00;103;sem vítima;288;BR-101/RJ;Sul;Colisão Traseira;1;7;;;;;1
03/11/2010;13:32:00;99;sem vítima;288;BR-101/RJ;Sul;Colisão Lateral;1;3;;;;;1
14/01/2011;22:08:00;201;sem vítima;288;BR-101/RJ;Norte;Engavetamento;2;4;;;;;1
17/01/2011;13:29:00;131;sem vítima;288;BR-101/RJ;Norte;Capotamento;1;1;;;;;1
20/02/2011;17:47:00;154;com vítima;288;BR-101/RJ;Norte;Colisão Lateral;1;3;;1;;;2
17/03/2011;17:14:00;123;com vítima;55;BR-101/RJ;Norte;Saida de Pista;1;1;;1;;1;3
12/05/2011;05:52:00;20;com vítima;288;BR-101/RJ;Sul;Atropelamento - Andarilho;1;1;;;;1;3
31/05/2011;18:34:00;142;sem vítima;288;BR-101/RJ;Sul;Engavetamento;2;5;;;;;1
21/06/2011;11:48:00;70;sem vítima;288;BR-101/RJ;Norte;Colisão Traseira;2;3;;;;;1
01/08/2011;19:23:00;184;sem vítima;288,8900146484375;BR-101/RJ;Norte;Colisão Traseira;1;13;;;;;1
21/10/2011;15:49:00;114;sem vítima;288;BR-101/RJ;Norte;Colisão Lateral;1;3;;;;;1
16/01/2012;17:14:00;163;sem vítima;288;BR-101/RJ;Norte;Colisão Traseira;1;6;;;;;1
21/01/2012;03:53:00;13;com vítima;288;BR-101/RJ;Norte;Colisão Traseira;2;1;;;;1;3
13/02/2012;21:59:00;201;sem vítima;288;BR-101/RJ;Norte;Colisão Lateral;1;2;;;;;1
17/02/2012;02:26:00;19;com vítima;288,2;BR-101/RJ;Norte;Colisão Traseira;2;1;1;;;;1
19/05/2012;05:06:00;22;sem vítima;288;BR-101/RJ;Norte;Colisão Traseira;1;2;;;;;1
28/07/2012;02:56:00;23;sem vítima;288,9;BR-101/RJ;Sul;Tombamento;1;6;;;;;1
12/03/2013;19:45:00;165;com vítima;288,9;BR-101/RJ;Sul;Colisão Traseira;1;2;;1;;;2
27/06/2013;14:55:00;103;sem vítima;288;BR-101/RJ;Sul;Colisão Traseira;1;3;;;;;1
25/12/2013;16:26:00;124;sem vítima;288,681;BR-101/RJ;Norte;Colisão Lateral;1;3;;;;;1
13/05/2014;09:00:00;55;sem vítima;288;BR-101/RJ;Norte;Colisão Traseira;1;2;;;;;1
18/11/2014;22:39:00;192;sem vítima;288;BR-101/RJ;Sul;Colisão Lateral;1;2;;;;;1