data;horario;n_da_ocorrencia;tipo_de_ocorrencia;km;trecho;sentido;tipo_de_acidente;caminhao;ilesos;levemente_feridos;moderadamente_feridos;gravemente_feridos;mortos;3
04/02/2015;10:23:00;84;com vítima;288,054;BR-101/RJ;Norte;Colisão Traseira;1;1;0;0;1;0;2
31/07/2015;02:43:00;12;com vítima;288,495;BR-101/RJ;Sul;Colisão Lateral;1;1;2;;;;1
01/08/2015;01:03:00;6;sem vítima;288;BR-101/RJ;Norte;Colisão Traseira;2;2;;;;;1
09/11/2015;13:41:00;126;sem vítima;288;BR-101/RJ;Sul;Atropelamento de Animal;1;1;;;;;1
03/03/2010;20:43:00;175;sem vítima;289;BR-101/RJ;Norte;Colisão Lateral;1;6;;;;;1
12/03/2010;11:40:00;84;sem vítima;289;BR-101/RJ;Norte;Colisão Traseira;1;2;;;;;1
21/07/2010;14:54:00;137;sem vítima;289;BR-101/RJ;Norte;Colisão Lateral;1;7;;;;;1
22/07/2010;12:40:00;90;sem vítima;289;BR-101/RJ;Sul;Colisão Lateral;1;3;;;;;1
16/09/2010;03:16:00;10;com vítima;289;BR-101/RJ;Sul;Colisão Traseira;2;1;2;;;1;3
16/09/2010;03:35:00;11;sem vítima;289;BR-101/RJ;Sul;Colisão Lateral;1;3;;;;;1
04/11/2010;14:42:00;107;sem vítima;289;BR-101/RJ;Sul;Colisão Frontal;1;5;;;;;1
04/11/2010;15:04:00;115;sem vítima;289;BR-101/RJ;Sul;Engavetamento;1;4;;;;;1
08/11/2010;11:20:00;78;com vítima;289;BR-101/RJ;Sul;Colisão Traseira;1;4;1;2;;;2
28/11/2010;17:54:00;140;sem vítima;289;BR-101/RJ;Sul;Colisão Traseira;1;2;;;;;1
16/12/2010;08:37:00;58;sem vítima;289;BR-101/RJ;Norte;Colisão Lateral;1;2;;;;;1
22/12/2010;08:40:00;59;sem vítima;289;BR-101/RJ;Norte;Colisão Lateral;2;2;;;;;1
03/01/2011;03:09:00;44;sem vítima;289;BR-101/RJ;Norte;Saida de Pista;1;1;;;;;1
04/01/2011;04:34:00;18;sem vítima;289;BR-101/RJ;Norte;Colisão Traseira;1;2;;;;;1
18/03/2011;00:58:00;5;sem vítima;193;BR-101/RJ;Sul;Colisão Lateral;2;2;;;;;1
26/05/2011;17:10:00;137;sem vítima;289;BR-101/RJ;Sul;Colisão Traseira;1;3;;;;;1
01/09/2011;02:29:00;7;sem vítima;289;BR-101/RJ;Sul;Saida de Pista;1;1;;;;;1
28/09/2011;14:01:00;87;sem vítima;289;BR-101/RJ;Sul;Colisão Traseira;1;2;;;;;1
05/12/2011;07:35:00;54;sem vítima;289;BR-101/RJ;Norte;Colisão Lateral;1;3;;;;;1
10/12/2011;01:01:00;11;com vítima;289;BR-101/RJ;Sul;Colisão Traseira;1;4;1;1;;;2
30/03/2012;16:13:00;143;sem vítima;289;BR-101/RJ;Sul;Colisão Lateral;2;2;;;;;1
22/10/2012;15:05:00;120;sem vítima;289;BR-101/RJ;Norte;Colisão Traseira;1;5;;;;;1
11/12/2012;16:28:00;158;com vítima;289;BR-101/RJ;Sul;Colisão Traseira;1;3;;1;;;2
13/12/2012;12:34:00;101;sem vítima;289;BR-101/RJ;Norte;Colisão Traseira;2;8;;;;;1
08/03/2013;21:46:00;203;sem vítima;289;BR-101/RJ;Sul;Colisão Traseira;1;7;;;;;1
09/03/2013;19:25:00;187;sem vítima;289;BR-101/RJ;Sul;Colisão Lateral;1;3;;;;;1
30/03/2013;18:54:00;131;sem vítima;289;BR-101/RJ;Sul;Colisão Lateral;1;2;;;;;1
27/04/2013;13:53:00;100;sem vítima;289;BR-101/RJ;Sul;Colisão Lateral;1;2;;;;;1
16/08/2013;15:51:00;126;sem vítima;289;BR-101/RJ;Norte;Colisão Traseira;1;2;;;;;1
23/08/2013;19:07:00;170;sem vítima;289;BR-101/RJ;Norte;Colisão Traseira;1;2;;;;;1
04/10/2013;09:30:00;68;com vítima;289,8;BR-101/RJ;Norte;Tombamento;1;1;;1;;;2
23/01/2014;21:43:00;198;sem vítima;289;BR-101/RJ;Norte;Colisão Traseira;1;7;;;;;1
02/04/2014;10:30:00;84;sem vítima;289;BR-101/RJ;Norte;Engavetamento;1;3;;;;;1
10/07/2014;21:34:00;161;com vítima;289,097;BR-101/RJ;Norte;Colisão Lateral;1;4;1;;;;1
10/01/2015;22:04:00;209;sem vítima;289;BR-101/RJ;Sul;Colisão Traseira;1;5;;;;;1
26/05/2015;16:30:00;151;sem vítima;289;BR-101/RJ;Norte;Colisão Lateral;1;2;;;;;1
27/05/2015;06:23:00;13;sem vítima;289;BR-101/RJ;Norte;Outros - Sequência;1;3;;;;;1
27/05/2015;09:02:00;54;sem vítima;289;BR-101/RJ;Norte;Colisão Traseira;2;2;;;;;1
29/05/2015;22:50:00;176;sem vítima;289,667;BR-101/RJ;Norte;Engavetamento;1;8;;;;;1
11/06/2015;20:09:00;198;sem vítima;289;BR-101/RJ;Norte;Colisão Lateral;1;3;;;;;1
11/07/2015;08:19:00;47;com vítima;289;BR-101/RJ;Norte;Outros - Sequência;1;8;1;;;;1
07/10/2015;02:31:00;10;sem vítima;289;BR-101/RJ;Norte;Colisão Traseira;1;4;;;;;1
29/07/2010;10:23:00;80;sem vítima;290;BR-101/RJ;Norte;Saida de Pista;1;1;;;;;1
22/09/2010;12:05:00;95;sem vítima;290;BR-101/RJ;Sul;Colisão Lateral;1;2;;;;;1
06/12/2010;12:05:00;129;sem vítima;290;BR-101/RJ;Sul;Colisão Traseira;1;2;;;;;1
09/12/2010;16:04:00;105;sem vítima;290;BR-101/RJ;Sul;Colisão Lateral;2;2;;;;;1
30/12/2010;12:43:00;86;sem vítima;290;BR-101/RJ;Sul;Colisão Traseira;1;4;;;;;1
07/01/2011;17:13:00;154;sem vítima;290;BR-101/RJ;Sul;Colisão Traseira;1;4;;;;;1
09/02/2011;13:12:00;92;com vítima;290,3999938964844;BR-101/RJ;Sul;Colisão Traseira;1;0;4;;;;1
18/03/2011;09:31:00;56;sem vítima;54;BR-101/RJ;Sul;Objeto lançado contra veículo;1;4;;;;;1
12/08/2012;23:25:00;204;sem vítima;290;BR-101/RJ;Norte;Colisão Traseira;1;2;;;;;1
06/09/2012;09:55:00;60;sem vítima;290,5;BR-101/RJ;Sul;Colisão Traseira;1;8;;;;;1
06/09/2012;09:55:00;59;com vítima;290,7;BR-101/RJ;Sul;Colisão Traseira;1;2;1;;;;1
09/02/2013;04:24:00;60;sem vítima;290;BR-101/RJ;Sul;Engavetamento;1;5;;;;;1
09/02/2013;09:18:00;122;sem vítima;290,5;BR-101/RJ;Norte;Colisão Lateral;1;4;;;;;1
14/08/2013;12:46:00;104;sem vítima;290,02;BR-101/RJ;Norte;Engavetamento;4;4;;;;;1
11/09/2013;11:59:00;65;sem vítima;290;BR-101/RJ;Norte;Colisão Lateral;1;2;;;;;1
28/02/2014;13:04:00;135;sem vítima;290,97;BR-101/RJ;Sul;Colisão Traseira;1;3;;;;;1
13/07/2014;12:17:00;58;sem vítima;290;BR-101/RJ;Sul;Colisão Lateral;1;3;;;;;1
17/01/2015;06:47:00;38;sem vítima;290;BR-101/RJ;Norte;Colisão Lateral;1;2;;;;;1
20/08/2015;07:38:00;40;sem vítima;290,57;BR-101/RJ;Sul;Colisão Lateral;1;6;;;;;1
26/11/2015;13:50:00;128;sem vítima;290;BR-101/RJ;Norte;Colisão Lateral;1;3;;;;;1
04/02/2010;17:46:00;172;com vítima;291;BR-101/RJ;Norte;Engavetamento;1;11;;1;;;2
26/02/2010;13:30:00;100;sem vítima;291;BR-101/RJ;Norte;Saida de Pista;1;2;;;;;1
02/07/2010;14:24:00;97;com vítima;291,79998779296875;BR-101/RJ;Sul;Choque - Defensa, barreira ou "submarino";1;0;2;1;;;2
16/07/2010;15:29:00;145;sem vítima;291;BR-101/RJ;Norte;Colisão Traseira;1;4;;;;;1
12/11/2010;12:41:00;91;com vítima;291;BR-101/RJ;Sul;Engavetamento;1;4;2;;;;1
26/11/2010;17:43:00;141;sem vítima;291;BR-101/RJ;Sul;Colisão Traseira;1;4;;;;;1
06/12/2010;11:58:00;125;sem vítima;291;BR-101/RJ;Sul;Colisão Traseira;3;3;;;;;1
13/12/2010;11:22:00;95;sem vítima;291;BR-101/RJ;Sul;Colisão Traseira;2;7;;;;;1
17/12/2010;13:29:00;111;sem vítima;291;BR-101/RJ;Sul;Colisão Traseira;1;3;;;;;1
04/01/2011;18:26:00;187;sem vítima;291;BR-101/RJ;Sul;Colisão Traseira;1;6;;;;;1
19/03/2011;06:12:00;23;com vítima;233;BR-101/RJ;Norte;Colisão Frontal;1;4;;1;;;2
05/09/2011;15:51:00;114;sem vítima;291;BR-101/RJ;Sul;Colisão Traseira;1;2;;;;;1
18/02/2012;15:23:00;228;sem vítima;291;BR-101/RJ;Norte;Colisão Traseira;1;2;;;;;1
20/10/2012;04:46:00;21;com vítima;291,376;BR-101/RJ;Norte;Colisão Lateral;1;1;1;;;;1
01/03/2013;19:33:00;161;sem vítima;291;BR-101/RJ;Sul;Colisão Traseira;2;2;;;;;1
17/04/2013;22:17:00;172;sem vítima;291,7;BR-101/RJ;Sul;Engavetamento;1;9;;;;;1
23/04/2013;17:23:00;143;com vítima;291;BR-101/RJ;Sul;Colisão Traseira;1;4;1;;;;1
31/08/2013;09:43:00;63;sem vítima;291;BR-101/RJ;Norte;Colisão Traseira;1;5;;;;;1
17/03/2014;14:04:00;138;sem vítima;291;BR-101/RJ;Sul;Colisão Traseira;1;4;;;;;1
30/09/2014;09:46:00;60;sem vítima;291;BR-101/RJ;Sul;Colisão Traseira;1;4;;;;;1
03/11/2014;03:23:00;19;sem vítima;291;BR-101/RJ;Sul;Atropelamento de Animal;1;1;;;;;1
23/12/2014;14:38:00;118;com vítima;291;BR-101/RJ;Sul;Saida de Pista;1;0;2;;;;1
04/02/2015;16:16:00;133;sem vítima;291;BR-101/RJ;Sul;Colisão Lateral;1;2;0;0;0;0;1
09/02/2015;15:07:00;122;com vítima;291;BR-101/RJ;Sul;Choque - Veiculo parado no acostamento;1;1;2;0;0;0;1
18/05/2015;20:22:00;197;sem vítima;291;BR-101/RJ;Sul;Colisão Lateral;1;3;;;;;1
20/08/2015;05:17:00;17;com vítima;291,884;BR-101/RJ;Sul;Colisão Lateral;1;0;3;1;;;2
22/10/2015;15:29:00;131;sem vítima;291,2;BR-101/RJ;Sul;Colisão Lateral;1;2;;;;;1
04/02/2010;18:00:00;176;com vítima;292;BR-101/RJ;Norte;Colisão Traseira;1;8;5;;;;1
17/02/2010;16:56:00;215;sem vítima;292;BR-101/RJ;Sul;Colisão Traseira;1;7;;;;;1
05/05/2010;07:59:00;45;sem vítima;292;BR-101/RJ;Sul;Saida de Pista;1;1;;;;;1
16/07/2010;17:45:00;178;sem vítima;292;BR-101/RJ;Norte;Colisão Traseira;1;2;;;;;1
20/07/2010;03:24:00;17;sem vítima;292;BR-101/RJ;Sul;Atropelamento de Animal;1;2;;;;;1
20/07/2010;08:57:00;59;sem vítima;292;BR-101/RJ;Sul;Colisão Lateral;1;4;;;;;1
12/09/2010;11:15:00;58;sem vítima;292;BR-101/RJ;Sul;Colisão Lateral;1;4;;;;;1
25/10/2010;07:00:00;45;sem vítima;292;BR-101/RJ;Sul;Colisão Lateral;1;3;;;;;1
22/11/2010;13:40:00;128;sem vítima;292;BR-101/RJ;Sul;Colisão Lateral;1;2;;;;;1
22/11/2010;14:59:00;145;sem vítima;292;BR-101/RJ;Sul;Choque - Defensa, barreira ou "submarino";1;3;;;;;1
11/02/2011;14:18:00;112;sem vítima;292;BR-101/RJ;Norte;Colisão Traseira;1;5;;;;;1
19/03/2011;10:42:00;68;sem vítima;297;BR-101/RJ;Sul;Colisão Traseira;1;5;;;;;1
05/09/2011;14:38:00;103;com vítima;292,9010009765625;BR-101/RJ;Sul;Colisão Traseira;2;2;;1;1;;2
05/11/2011;14:57:00;100;sem vítima;292;BR-101/RJ;Norte;Saida de Pista;1;2;;;;;1
29/11/2011;12:01:00;89;sem vítima;292,5;BR-101/RJ;Sul;Colisão Lateral;1;3;;;;;1
15/12/2011;10:10:00;66;sem vítima;292;BR-101/RJ;Sul;Saida de Pista;2;4;;;;;1
22/12/2011;18:33:00;186;sem vítima;292;BR-101/RJ;Sul;Colisão Lateral;1;2;;;;;1
28/12/2011;03:06:00;8;com vítima;292,70001220703125;BR-101/RJ;Sul;Colisão Traseira;2;3;1;;;;1
13/03/2012;20:23:00;188;sem vítima;292;BR-101/RJ;Norte;Colisão Lateral;1;4;;;;;1
20/04/2012;10:08:00;62;sem vítima;292;BR-101/RJ;Sul;Colisão Lateral;1;2;;;;;1
16/07/2012;14:45:00;122;sem vítima;292;BR-101/RJ;Sul;Colisão Traseira;1;7;;;;;1
17/07/2012;09:52:00;73;sem vítima;292;BR-101/RJ;Sul;Colisão Traseira;1;5;;;;;1
09/08/2012;12:06:00;78;sem vítima;292;BR-101/RJ;Norte;Colisão Traseira;2;3;;;;;1
05/01/2014;11:34:00;81;sem vítima;292;BR-101/RJ;Sul;Colisão Lateral;1;6;;;;;1
07/10/2014;16:24:00;132;sem vítima;292,157;BR-101/RJ;Sul;Colisão Traseira;1;6;;;;;1
01/05/2015;10:19:00;73;sem vítima;292;BR-101/RJ;Sul;Colisão Traseira;1;2;;;;;1
26/05/2015;17:03:00;155;com vítima;292;BR-101/RJ;Sul;Tombamento;1;0;;;1;;2
13/06/2015;09:32:00;84;sem vítima;292,531;BR-101/RJ;Norte;Colisão Traseira;1;3;;;;;1
19/07/2015;16:55:00;130;sem vítima;292,5;BR-101/RJ;Sul;Engavetamento;1;14;;;;;1
21/08/2015;04:37:00;13;com vítima;292,555;BR-101/RJ;Sul;Choque - Defensa, barreira ou "submarino";1;0;1;;;;1
05/01/2010;01:26:00;11;com vítima;293;BR-101/RJ;Norte;Colisão Lateral;1;4;;1;;;2
21/01/2010;14:11:00;130;sem vítima;293;BR-101/RJ;Sul;Colisão Traseira;2;2;;;;;1
06/02/2010;16:22:00;169;com vítima;293;BR-101/RJ;Sul;Tombamento;1;0;1;2;;;2
08/05/2010;08:23:00;57;sem vítima;293;BR-101/RJ;Norte;Choque - Defensa, barreira ou "submarino";1;5;;;;;1
11/06/2010;12:36:00;74;sem vítima;293;BR-101/RJ;Norte;Colisão Traseira;1;7;;;;;1
17/06/2010;06:53:00;37;sem vítima;293;BR-101/RJ;Sul;Colisão Lateral;1;6;;;;;1
01/07/2010;18:46:00;129;com vítima;293;BR-101/RJ;Norte;Colisão Traseira;1;5;;2;;;2
04/08/2010;12:37:00;90;sem vítima;293;BR-101/RJ;Norte;Colisão Lateral;1;3;;;;;1
17/08/2010;14:16:00;94;sem vítima;293;BR-101/RJ;Norte;Colisão Traseira;1;2;;;;;1
18/09/2010;23:34:00;188;com vítima;293;BR-101/RJ;Sul;Colisão Lateral;1;1;;1;;;2
07/11/2010;13:46:00;82;com vítima;293;BR-101/RJ;Norte;Tombamento;1;0;1;;;;1
10/11/2010;10:21:00;62;com vítima;293;BR-101/RJ;Sul;Tombamento;1;0;;2;;;2
22/11/2010;08:42:00;64;sem vítima;293;BR-101/RJ;Sul;Colisão Lateral;1;3;;;;;1
06/12/2010;08:52:00;75;sem vítima;293;BR-101/RJ;Norte;Colisão Lateral;1;2;;;;;1
11/12/2010;20:29:00;184;sem vítima;293;BR-101/RJ;Norte;Colisão Lateral;1;2;;;;;1
31/12/2010;19:13:00;221;sem vítima;293,29998779296875;BR-101/RJ;Norte;Saida de Pista;1;6;;;;;1
16/01/2011;21:42:00;239;sem vítima;293;BR-101/RJ;Sul;Colisão Lateral;1;2;;;;;1
22/02/2011;15:17:00;109;sem vítima;293;BR-101/RJ;Sul;Engavetamento;2;6;;;;;1
21/05/2011;20:13:00;171;sem vítima;293;BR-101/RJ;Norte;Colisão Lateral;1;4;;;;;1
29/06/2011;01:15:00;7;sem vítima;293,29998779296875;BR-101/RJ;Sul;Tombamento;1;1;;;;;1
03/08/2011;01:32:00;4;com vítima;293;BR-101/RJ;Sul;Capotamento;1;1;;1;;;2
03/08/2011;11:29:00;63;sem vítima;293;BR-101/RJ;Norte;Colisão Lateral;1;2;;;;;1
04/08/2011;16:43:00;121;com vítima;293,5;BR-101/RJ;Sul;Outros;1;6;2;;;;1
09/08/2011;11:58:00;82;sem vítima;293;BR-101/RJ;Sul;Colisão Traseira;1;3;;;;;1
01/09/2011;11:13:00;65;sem vítima;293,4800109863281;BR-101/RJ;Sul;Tombamento;1;1;;;;;1
10/09/2011;17:47:00;130;sem vítima;293,4989929199219;BR-101/RJ;Sul;Colisão Traseira;1;3;;;;;1
14/09/2011;03:23:00;9;com vítima;293,5;BR-101/RJ;Sul;Tombamento;1;0;1;;;;1
18/09/2011;12:04:00;64;sem vítima;293,70001220703125;BR-101/RJ;Norte;Colisão Traseira;1;10;;;;;1
19/10/2011;16:18:00;117;sem vítima;293;BR-101/RJ;Norte;Colisão Lateral;1;2;;;;;1
25/11/2011;22:53:00;200;sem vítima;293;BR-101/RJ;Sul;Colisão Lateral;1;3;;;;;1
06/12/2011;21:10:00;214;sem vítima;293;BR-101/RJ;Norte;Capotamento;1;5;;;;;1
07/12/2011;10:28:00;73;sem vítima;293;BR-101/RJ;Sul;Colisão Traseira;1;2;;;;;1
15/12/2011;08:54:00;50;sem vítima;293,8999938964844;BR-101/RJ;Norte;Outros - Sequência;2;9;;;;;1
17/12/2011;00:51:00;7;sem vítima;293;BR-101/RJ;Sul;Saida de Pista;1;1;;;;;1
23/12/2011;05:04:00;28;sem vítima;293;BR-101/RJ;Norte;Tombamento;1;2;;;;;1
31/01/2012;11:30:00;75;sem vítima;293;BR-101/RJ;Norte;Colisão Traseira;2;2;;;;;1
09/03/2012;11:29:00;77;sem vítima;293,5;BR-101/RJ;Sul;Colisão Lateral;3;5;;;;;1
10/03/2012;19:14:00;161;sem vítima;293;BR-101/RJ;Sul;Colisão Traseira;2;2;;;;;1
10/03/2012;22:27:00;181;sem vítima;293;BR-101/RJ;Norte;Tombamento;1;1;;;;;1
11/05/2012;18:36:00;157;sem vítima;293;BR-101/RJ;Sul;Colisão Lateral;1;2;;;;;1
16/05/2012;16:19:00;133;sem vítima;293;BR-101/RJ;Sul;Colisão Lateral;1;3;;;;;1
18/05/2012;16:58:00;137;sem vítima;293;BR-101/RJ;Sul;Engavetamento;2;6;;;;;1
27/05/2012;18:36:00;147;sem vítima;293;BR-101/RJ;Sul;Colisão Lateral;1;6;;;;;1
04/06/2012;21:09:00;167;com vítima;293;BR-101/RJ;Norte;Tombamento;1;2;;1;;;2
11/06/2012;15:02:00;134;sem vítima;293;BR-101/RJ;Norte;Colisão Lateral;1;2;;;;;1
26/06/2012;17:11:00;132;sem vítima;293;BR-101/RJ;Sul;Colisão Lateral;1;2;;;;;1
26/06/2012;14:26:00;113;sem vítima;293,36;BR-101/RJ;Sul;Colisão Lateral;1;5;;;;;1
24/07/2012;13:00:00;105;sem vítima;293;BR-101/RJ;Sul;Colisão Lateral;1;4;;;;;1
27/07/2012;18:22:00;173;sem vítima;293,502;BR-101/RJ;Sul;Colisão Lateral;1;3;;;;;1
13/09/2012;22:51:00;201;sem vítima;293,33;BR-101/RJ;Norte;Colisão Lateral;1;2;;;;;1
19/09/2012;16:18:00;149;sem vítima;293;BR-101/RJ;Sul;Colisão Traseira;1;2;;;;;1
02/10/2012;04:56:00;18;sem vítima;293,979;BR-101/RJ;Norte;Engavetamento;1;6;;;;;1
06/10/2012;00:14:00;3;sem vítima;293;BR-101/RJ;Sul;Colisão Traseira;1;4;;;;;1
11/10/2012;22:33:00;235;sem vítima;293,329;BR-101/RJ;Norte;Colisão Traseira;1;11;;;;;1
25/10/2012;11:44:00;104;sem vítima;293;BR-101/RJ;Sul;Saida de Pista;1;2;;;;;1
25/10/2012;11:56:00;109;sem vítima;293;BR-101/RJ;Sul;Colisão Traseira;1;2;;;;;1
27/10/2012;03:45:00;23;sem vítima;293,472;BR-101/RJ;Norte;Colisão Traseira;1;4;;;;;1
14/12/2012;23:49:00;240;sem vítima;293;BR-101/RJ;Sul;Choque - Talude;1;3;;;;;1
11/01/2013;12:39:00;99;sem vítima;293,375;BR-101/RJ;Sul;Colisão Lateral;1;5;;;;;1
29/03/2013;16:24:00;157;com vítima;293,5;BR-101/RJ;Norte;Tombamento;1;0;1;;;;1
17/04/2013;13:46:00;100;sem vítima;293;BR-101/RJ;Norte;Colisão Traseira;1;2;;;;;1
13/05/2013;12:40:00;90;com vítima;293,647;BR-101/RJ;Norte;Saida de Pista;1;1;;2;;;2
22/06/2013;12:47:00;92;sem vítima;293;BR-101/RJ;Norte;Colisão Lateral;1;2;;;;;1
26/08/2013;13:09:00;110;sem vítima;293,353;BR-101/RJ;Sul;Tombamento;1;1;;;;;1
30/08/2013;13:51:00;104;sem vítima;293;BR-101/RJ;Norte;Colisão Traseira;1;2;;;;;1
31/08/2013;07:08:00;30;com vítima;293;BR-101/RJ;Norte;Atropelamento - Ciclista;1;2;;1;;;2
04/09/2013;02:15:00;9;com vítima;293,332;BR-101/RJ;Norte;Tombamento;1;0;;;1;;2
02/10/2013;04:31:00;15;com vítima;293,5;BR-101/RJ;Sul;Tombamento;1;0;1;;;;1
11/10/2013;10:34:00;90;sem vítima;293,47;BR-101/RJ;Sul;Tombamento;1;2;;;;;1
27/10/2013;04:45:00;32;sem vítima;293,28;BR-101/RJ;Norte;Colisão Lateral;1;3;;;;;1
15/12/2013;04:23:00;23;com vítima;293,235;BR-101/RJ;Norte;Tombamento;1;0;1;;;;1
17/12/2013;11:05:00;79;sem vítima;293,651;BR-101/RJ;Sul;Colisão Lateral;1;2;;;;;1
28/01/2014;16:43:00;145;sem vítima;293;BR-101/RJ;Norte;Tombamento;1;2;;;;;1
28/02/2014;12:25:00;131;sem vítima;293;BR-101/RJ;Sul;Choque - Suporte de Sinalização;1;1;;;;;1
20/03/2014;09:24:00;70;com vítima;293;BR-101/RJ;Sul;Tombamento;1;0;;1;;;2
29/03/2014;17:18:00;172;sem vítima;293;BR-101/RJ;Sul;Colisão Lateral;1;4;;;;;1
08/04/2014;16:45:00;127;sem vítima;293,81;BR-101/RJ;Sul;Colisão Lateral;1;2;;;;;1
09/04/2014;10:49:00;91;sem vítima;293;BR-101/RJ;Sul;Colisão Traseira;1;2;;;;;1
10/04/2014;11:58:00;106;com vítima;293,354;BR-101/RJ;Sul;Colisão Transversal;1;3;3;;;;1
07/06/2014;12:20:00;67;sem vítima;293,464;BR-101/RJ;Norte;Colisão Traseira;2;2;;;;;1
19/06/2014;13:30:00;57;sem vítima;293;BR-101/RJ;Sul;Colisão Traseira;1;4;;;;;1
24/06/2014;14:35:00;109;sem vítima;293;BR-101/RJ;Sul;Colisão Lateral;1;5;;;;;1
27/06/2014;19:12:00;183;sem vítima;293,5;BR-101/RJ;Sul;Colisão Traseira;1;2;;;;;1
11/07/2014;19:26:00;161;sem vítima;293;BR-101/RJ;Sul;Colisão Lateral;1;2;;;;;1
23/07/2014;14:41:00;100;sem vítima;293;BR-101/RJ;Norte;Colisão Lateral;1;5;;;;;1
08/08/2014;18:37:00;177;sem vítima;293;BR-101/RJ;Norte;Colisão Traseira;1;2;;;;;1
17/10/2014;11:32:00;92;sem vítima;293;BR-101/RJ;Sul;Colisão Traseira;1;2;;;;;1
04/12/2014;17:22:00;144;sem vítima;293;BR-101/RJ;Norte;Colisão Traseira;1;2;;;;;1
14/02/2015;05:35:00;58;com vítima;293;BR-101/RJ;Norte;Outros - Sequência;1;0;1;2;1;0;2
20/02/2015;00:32:00;2;sem vítima;293;BR-101/RJ;Sul;Colisão Lateral;1;2;0;0;0;0;1
24/02/2015;16:31:00;125;sem vítima;293;BR-101/RJ;Norte;Colisão Traseira;1;3;;;;;1
20/06/2015;07:16:00;34;sem vítima;293;BR-101/RJ;Sul;Colisão Traseira;1;2;;;;;1
13/07/2015;13:15:00;126;sem vítima;293;BR-101/RJ;Sul;Colisão Transversal;2;2;;;;;1
29/07/2015;10:53:00;99;com vítima;293;BR-101/RJ;Sul;Colisão Lateral;1;1;1;;;;1
11/09/2015;21:48:00;229;sem vítima;293;BR-101/RJ;Sul;Colisão Lateral;1;2;;;;;1
06/11/2015;16:17:00;152;sem vítima;293;BR-101/RJ;Sul;Colisão Lateral;1;4;;;;;1
18/11/2015;07:59:00;56;com vítima;293;BR-101/RJ;Norte;Colisão Traseira;1;1;1;;;;1
23/11/2015;09:00:00;74;sem vítima;293;BR-101/RJ;Sul;Colisão Traseira;1;4;;;;;1
26/02/2010;01:45:00;5;sem vítima;294;BR-101/RJ;Sul;Saida de Pista;1;3;;;;;1
31/03/2010;18:10:00;153;sem vítima;294;BR-101/RJ;Sul;Saida de Pista;1;1;;;;;1
19/04/2010;12:56:00;94;sem vítima;294;BR-101/RJ;Sul;Colisão Traseira;1;2;;;;;1
02/06/2010;22:56:00;206;sem vítima;294;BR-101/RJ;Norte;Colisão Lateral;1;2;;;;;1
03/06/2010;23:15:00;167;com vítima;294;BR-101/RJ;Norte;Choque - Veiculo parado no acostamento;1;1;;1;;;2
06/12/2010;05:46:00;30;sem vítima;294;BR-101/RJ;Sul;Colisão Traseira;1;2;;;;;1
14/02/2011;09:20:00;80;sem vítima;294;BR-101/RJ;Norte;Colisão Traseira;1;8;;;;;1
11/05/2011;23:36:00;182;sem vítima;294;BR-101/RJ;Norte;Colisão Lateral;1;4;;;;;1
20/05/2011;17:58:00;144;sem vítima;294;BR-101/RJ;Sul;Colisão Traseira;1;2;;;;;1
17/09/2011;13:55:00;126;sem vítima;294;BR-101/RJ;Sul;Colisão Lateral;1;4;;;;;1
18/09/2011;12:12:00;66;com vítima;294;BR-101/RJ;Norte;Colisão Traseira;1;1;2;;;;1
30/11/2011;18:06:00;150;sem vítima;294;BR-101/RJ;Norte;Colisão Traseira;1;2;;;;;1
30/11/2011;09:55:00;75;sem vítima;294,5;BR-101/RJ;Sul;Colisão Traseira;1;2;;;;;1
20/12/2011;11:54:00;109;sem vítima;294;BR-101/RJ;Norte;Colisão Lateral;2;2;;;;;1
05/01/2012;08:42:00;43;sem vítima;294;BR-101/RJ;Sul;Colisão Traseira;1;6;;;;;1
08/01/2012;22:56:00;228;sem vítima;294;BR-101/RJ;Sul;Colisão Traseira;1;3;;;;;1
10/02/2012;14:43:00;125;sem vítima;294;BR-101/RJ;Sul;Colisão Traseira;2;2;;;;;1
24/02/2012;16:42:00;126;sem vítima;294;BR-101/RJ;Sul;Colisão Lateral;1;2;;;;;1
02/03/2012;11:27:00;93;sem vítima;294;BR-101/RJ;Norte;Colisão Traseira;1;2;;;;;1
16/03/2012;11:25:00;91;sem vítima;294;BR-101/RJ;Sul;Colisão Traseira;2;6;;;;;1
21/05/2012;07:56:00;41;sem vítima;294;BR-101/RJ;Norte;Engavetamento;1;4;;;;;1
18/06/2012;07:04:00;43;sem vítima;294;BR-101/RJ;Sul;Colisão Traseira;2;2;;;;;1
18/06/2012;15:55:00;138;sem vítima;294;BR-101/RJ;Sul;Colisão Lateral;1;2;;;;;1
22/06/2012;09:08:00;53;sem vítima;294;BR-101/RJ;Norte;Engavetamento;2;6;;;;;1
30/07/2012;23:03:00;187;sem vítima;294;BR-101/RJ;Norte;Colisão Traseira;1;5;;;;;1
28/08/2012;06:17:00;25;sem vítima;294;BR-101/RJ;Norte;Colisão Lateral;1;2;;;;;1
05/09/2012;17:53:00;163;sem vítima;294;BR-101/RJ;Sul;Colisão Lateral;1;2;;;;;1
11/09/2012;14:29:00;95;sem vítima;294,326;BR-101/RJ;Sul;Colisão Lateral;1;3;;;;;1
11/10/2012;12:58:00;120;sem vítima;294,43;BR-101/RJ;Norte;Colisão Traseira;2;7;;;;;1
20/10/2012;10:20:00;84;sem vítima;294;BR-101/RJ;Norte;Engavetamento;1;5;;;;;1
11/11/2012;22:57:00;187;com vítima;294;BR-101/RJ;Norte;Colisão Lateral;1;1;;2;;;2
11/11/2012;23:10:00;192;sem vítima;294;BR-101/RJ;Norte;Colisão Lateral;1;3;;;;;1
11/12/2012;15:03:00;145;sem vítima;294;BR-101/RJ;Sul;Colisão Traseira;1;2;;;;;1