data;horario;n_da_ocorrencia;tipo_de_ocorrencia;km;trecho;sentido;tipo_de_acidente;caminhao;ilesos;levemente_feridos;moderadamente_feridos;gravemente_feridos;mortos;3
10/01/2013;08:19:00;50;sem vítima;294,9;BR-101/RJ;Norte;Saida de Pista;1;1;;;;;1
12/01/2013;10:39:00;55;sem vítima;294;BR-101/RJ;Norte;Colisão Traseira;1;3;;;;;1
13/07/2013;02:56:00;13;sem vítima;294,14;BR-101/RJ;Norte;Colisão Traseira;1;5;;;;;1
14/07/2013;17:51:00;145;sem vítima;294;BR-101/RJ;Sul;Colisão Traseira;1;2;;;;;1
14/09/2013;14:29:00;127;sem vítima;294;BR-101/RJ;Norte;Colisão Lateral;1;3;;;;;1
08/10/2013;09:59:00;71;sem vítima;294,892;BR-101/RJ;Norte;Engavetamento;1;6;;;;;1
17/12/2013;09:03:00;56;sem vítima;294,841;BR-101/RJ;Norte;Engavetamento;1;6;;;;;1
19/03/2014;08:32:00;58;sem vítima;294;BR-101/RJ;Norte;Engavetamento;1;11;;;;;1
10/04/2014;18:26:00;171;sem vítima;294;BR-101/RJ;Norte;Colisão Frontal;1;2;;;;;1
06/08/2014;10:36:00;70;sem vítima;294;BR-101/RJ;Norte;Engavetamento;2;5;;;;;1
13/12/2014;00:00:00;16;sem vítima;294;BR-101/RJ;Norte;Colisão Lateral;1;1;;;;;1
25/02/2015;23:13:00;183;sem vítima;294;BR-101/RJ;Sul;Colisão Lateral;1;2;;;;;1
13/04/2015;13:53:00;116;sem vítima;294;BR-101/RJ;Norte;Colisão Traseira;1;4;;;;;1
09/05/2015;23:58:00;206;sem vítima;294;BR-101/RJ;Norte;Colisão Lateral;1;6;;;;;1
19/06/2015;15:30:00;123;sem vítima;294,5;BR-101/RJ;Sul;Colisão Lateral;1;2;;;;;1
17/07/2015;16:00:00;165;sem vítima;294,5;BR-101/RJ;Norte;Colisão Traseira;1;6;;;;;1
27/09/2015;17:24:00;132;sem vítima;294;BR-101/RJ;Sul;Colisão Traseira;1;3;;;;;1
06/11/2015;16:57:00;162;com vítima;294,548;BR-101/RJ;Norte;Colisão Traseira;1;6;1;;;;1
27/11/2015;16:49:00;183;com vítima;294;BR-101/RJ;Norte;Colisão Traseira;1;3;1;;;;1
05/12/2015;14:30:00;132;sem vítima;294;BR-101/RJ;Norte;Colisão Traseira;1;5;;;;;1
23/12/2015;14:40:00;157;sem vítima;294;BR-101/RJ;Norte;Colisão Lateral;1;2;;;;;1
12/03/2010;08:10:00;49;sem vítima;295;BR-101/RJ;Norte;Engavetamento;2;11;;;;;1
12/06/2010;09:10:00;53;com vítima;295;BR-101/RJ;Norte;Atropelamento - Ciclista;1;3;1;;;;1
12/06/2010;16:07:00;133;com vítima;295;BR-101/RJ;Norte;Colisão Lateral;1;1;1;1;;;2
13/06/2010;21:40:00;152;sem vítima;295;BR-101/RJ;Sul;Colisão Lateral;1;2;;;;;1
17/06/2010;15:31:00;115;sem vítima;295;BR-101/RJ;Sul;Colisão Traseira;1;4;;;;;1
15/10/2010;08:56:00;52;sem vítima;295;BR-101/RJ;Sul;Colisão Lateral;2;2;;;;;1
15/10/2010;11:41:00;81;sem vítima;295;BR-101/RJ;Norte;Colisão Traseira;1;6;;;;;1
27/10/2010;22:18:00;171;sem vítima;295;BR-101/RJ;Norte;Colisão Traseira;1;5;;;;;1
04/11/2010;18:05:00;147;com vítima;295;BR-101/RJ;Norte;Colisão Traseira;1;2;;1;;;2
05/01/2011;14:14:00;116;com vítima;295;BR-101/RJ;Sul;Saida de Pista;1;0;1;1;;1;3
15/01/2011;14:50:00;109;sem vítima;295;BR-101/RJ;Norte;Colisão Traseira;1;3;;;;;1
22/01/2011;08:51:00;63;sem vítima;295;BR-101/RJ;Norte;Colisão Traseira;1;6;;;;;1
27/01/2011;09:54:00;77;com vítima;295;BR-101/RJ;Norte;Engavetamento;1;10;2;;;;1
08/02/2011;17:56:00;122;sem vítima;295;BR-101/RJ;Sul;Colisão Lateral;1;4;;;;;1
18/02/2011;00:00:00;1;com vítima;295;BR-101/RJ;Sul;Engavetamento;2;3;;1;;;2
18/02/2011;00:30:00;7;sem vítima;295;BR-101/RJ;Sul;Colisão Traseira;1;4;;;;;1
26/05/2011;11:20:00;78;sem vítima;295;BR-101/RJ;Norte;Colisão Traseira;1;3;;;;;1
16/08/2011;11:47:00;93;sem vítima;295,5;BR-101/RJ;Sul;Colisão Traseira;2;2;;;;;1
17/08/2011;12:45:00;85;sem vítima;295,1000061035156;BR-101/RJ;Norte;Colisão Lateral;1;6;;;;;1
15/10/2011;09:31:00;62;com vítima;295;BR-101/RJ;Norte;Colisão Traseira;1;4;2;;;;1
16/12/2011;11:44:00;100;sem vítima;295;BR-101/RJ;Norte;Saida de Pista;1;1;;;;;1
16/01/2012;11:13:00;87;sem vítima;295;BR-101/RJ;Norte;Colisão Traseira;1;3;;;;;1
16/02/2012;10:46:00;83;sem vítima;295;BR-101/RJ;Norte;Colisão Traseira;1;4;;;;;1
03/03/2012;02:00:00;10;com vítima;295;BR-101/RJ;Norte;Colisão Traseira;1;3;;2;;;2
22/05/2012;20:31:00;176;com vítima;295,8;BR-101/RJ;Norte;Colisão Traseira;1;2;;2;;;2
20/09/2012;16:48:00;120;sem vítima;295;BR-101/RJ;Norte;Colisão Lateral;1;6;;;;;1
20/10/2012;07:05:00;41;sem vítima;295;BR-101/RJ;Norte;Colisão Lateral;1;3;;;;;1
10/11/2012;14:28:00;111;sem vítima;295;BR-101/RJ;Norte;Colisão Lateral;1;11;;;;;1
22/11/2012;15:47:00;134;sem vítima;295;BR-101/RJ;Sul;Colisão Traseira;1;2;;;;;1
22/11/2012;17:46:00;156;sem vítima;295;BR-101/RJ;Sul;Colisão Lateral;1;3;;;;;1
10/12/2012;15:15:00;158;sem vítima;295;BR-101/RJ;Sul;Colisão Traseira;1;3;;;;;1
27/02/2013;11:00:00;83;sem vítima;295;BR-101/RJ;Norte;Colisão Traseira;2;4;;;;;1
07/05/2013;13:27:00;82;sem vítima;295,8;BR-101/RJ;Sul;Colisão Traseira;1;6;;;;;1
11/05/2013;00:53:00;5;sem vítima;295,534;BR-101/RJ;Norte;Colisão Traseira;1;6;;;;;1
15/06/2013;14:54:00;118;sem vítima;295;BR-101/RJ;Sul;Tombamento;1;1;;;;;1
08/08/2013;13:32:00;103;com vítima;295;BR-101/RJ;Norte;Colisão Lateral;1;4;1;;;;1
07/09/2013;01:49:00;8;sem vítima;295,3;BR-101/RJ;Norte;Saida de Pista;1;1;;;;;1
20/12/2013;14:53:00;119;sem vítima;295;BR-101/RJ;Sul;Colisão Lateral;1;2;;;;;1
20/01/2014;10:23:00;64;sem vítima;295,687;BR-101/RJ;Norte;Engavetamento;1;9;;;;;1
01/03/2014;06:46:00;106;com vítima;295;BR-101/RJ;Sul;Colisão Lateral;1;4;1;;;;1
15/05/2014;11:46:00;102;sem vítima;295;BR-101/RJ;Sul;Engavetamento;1;9;;;;;1
31/05/2014;12:30:00;77;sem vítima;295,5;BR-101/RJ;Norte;Engavetamento;1;5;;;;;1
15/09/2014;12:17:00;88;sem vítima;295,117;BR-101/RJ;Norte;Colisão Traseira;1;4;;;;;1
16/10/2014;16:17:00;140;sem vítima;295;BR-101/RJ;Norte;Colisão Traseira;1;5;;;;;1
17/12/2014;16:30:00;138;com vítima;295,891;BR-101/RJ;Norte;Engavetamento;2;8;1;;;;1
22/01/2015;18:37:00;131;com vítima;295,5;BR-101/RJ;Sul;Colisão Traseira;1;2;1;1;;;2
15/10/2015;16:36:00;158;sem vítima;295,552;BR-101/RJ;Norte;Engavetamento;3;8;;;;;1
02/12/2015;17:19:00;171;sem vítima;295;BR-101/RJ;Sul;Colisão Lateral;1;5;;;;;1
09/01/2010;11:40:00;95;sem vítima;296;BR-101/RJ;Norte;Colisão Traseira;1;5;;;;;1
17/01/2010;08:47:00;43;sem vítima;296;BR-101/RJ;Norte;Colisão Traseira;1;5;;;;;1
01/02/2010;15:37:00;136;sem vítima;296;BR-101/RJ;Norte;Objeto lançado contra veículo;1;3;;;;;1
31/03/2010;14:25:00;112;sem vítima;296;BR-101/RJ;Sul;Colisão Traseira;1;2;;;;;1
03/07/2010;16:50:00;122;sem vítima;296;BR-101/RJ;Sul;Colisão Lateral;1;3;;;;;1
02/10/2010;17:59:00;146;sem vítima;296;BR-101/RJ;Sul;Tombamento;1;5;;;;;1
11/10/2010;03:00:00;7;com vítima;296,29998779296875;BR-101/RJ;Sul;Tombamento;1;1;;;;1;3
08/11/2010;09:53:00;56;sem vítima;296;BR-101/RJ;Sul;Colisão Lateral;1;28;;;;;1
12/11/2010;14:39:00;112;com vítima;296;BR-101/RJ;Sul;Colisão Lateral;1;2;3;1;;;2
04/12/2010;11:20:00;87;sem vítima;296;BR-101/RJ;Norte;Engavetamento;2;13;;;;;1
08/02/2011;01:10:00;5;sem vítima;296;BR-101/RJ;Norte;Outros - Sequência;1;1;;;;;1
17/02/2011;23:27:00;188;com vítima;296;BR-101/RJ;Norte;Tombamento;1;0;;1;;;2
05/05/2011;03:06:00;12;sem vítima;296;BR-101/RJ;Sul;Saida de Pista;1;1;;;;;1
25/05/2011;10:14:00;68;com vítima;296;BR-101/RJ;Norte;Colisão Traseira;2;3;1;;;;1
14/06/2011;11:32:00;65;com vítima;296;BR-101/RJ;Sul;Saida de Pista;1;1;1;;;;1
20/08/2011;22:27:00;173;com vítima;296,29998779296875;BR-101/RJ;Sul;Colisão Lateral;1;1;4;;;;1
07/10/2011;22:18:00;225;sem vítima;296;BR-101/RJ;Sul;Colisão Lateral;1;7;;;;;1
25/10/2011;16:21:00;161;sem vítima;296;BR-101/RJ;Norte;Colisão Traseira;1;3;;;;;1
21/12/2011;10:53:00;90;sem vítima;296;BR-101/RJ;Norte;Colisão Traseira;1;2;;;;;1
21/12/2011;13:06:00;118;sem vítima;296;BR-101/RJ;Norte;Colisão Traseira;1;4;;;;;1
28/12/2011;10:55:00;79;sem vítima;296;BR-101/RJ;Norte;Colisão Traseira;1;5;;;;;1
04/01/2012;11:42:00;83;sem vítima;296;BR-101/RJ;Norte;Colisão Traseira;1;3;;;;;1
08/01/2012;15:13:00;107;sem vítima;296;BR-101/RJ;Norte;Choque - Defensa, barreira ou "submarino";1;3;;;;;1
12/02/2012;20:02:00;156;sem vítima;296;BR-101/RJ;Norte;Colisão Traseira;1;2;;;;;1
16/02/2012;11:46:00;93;sem vítima;296;BR-101/RJ;Norte;Colisão Lateral;1;2;;;;;1
01/03/2012;10:14:00;68;sem vítima;296;BR-101/RJ;Sul;Colisão Traseira;1;3;;;;;1
10/03/2012;17:10:00;129;sem vítima;296;BR-101/RJ;Sul;Colisão Lateral;1;2;;;;;1
16/03/2012;12:17:00;102;com vítima;296;BR-101/RJ;Norte;Colisão Traseira;1;37;1;;;;1
23/03/2012;16:34:00;126;sem vítima;296;BR-101/RJ;Sul;Engavetamento;1;8;;;;;1
12/06/2012;22:35:00;228;sem vítima;296;BR-101/RJ;Sul;Colisão Traseira;1;5;;;;;1
28/09/2012;14:14:00;123;sem vítima;296,15;BR-101/RJ;Norte;Saida de Pista;1;2;;;;;1
17/10/2012;14:39:00;107;sem vítima;296;BR-101/RJ;Sul;Colisão Traseira;1;3;;;;;1
22/10/2012;20:43:00;186;sem vítima;296;BR-101/RJ;Norte;Colisão Lateral;1;3;;;;;1
22/11/2012;16:04:00;136;sem vítima;296,5;BR-101/RJ;Sul;Colisão Traseira;1;5;;;;;1
23/11/2012;07:48:00;42;com vítima;296;BR-101/RJ;Norte;Colisão Traseira;1;2;3;;;;1
06/12/2012;14:11:00;131;sem vítima;296;BR-101/RJ;Sul;Colisão Traseira;1;2;;;;;1
04/02/2013;23:05:00;187;sem vítima;296;BR-101/RJ;Norte;Saida de Pista;1;2;;;;;1
30/04/2013;08:07:00;41;sem vítima;296,6;BR-101/RJ;Norte;Tombamento;1;3;;;;;1
27/05/2013;01:01:00;4;sem vítima;296,783;BR-101/RJ;Sul;Colisão Lateral;1;2;;;;;1
12/07/2013;21:33:00;165;sem vítima;296;BR-101/RJ;Sul;Colisão Traseira;1;2;;;;;1
16/08/2013;17:44:00;152;sem vítima;296,8;BR-101/RJ;Sul;Engavetamento;1;6;;;;;1
17/08/2013;03:24:00;25;sem vítima;296,909;BR-101/RJ;Sul;Choque - Outros;1;6;;;;;1
11/09/2013;19:06:00;130;com vítima;296;BR-101/RJ;Norte;Colisão Lateral;1;3;1;;;;1
14/11/2013;00:21:00;4;com vítima;296,9;BR-101/RJ;Sul;Colisão Traseira;1;4;2;1;;;2
14/12/2013;23:27:00;229;com vítima;296;BR-101/RJ;Norte;Colisão Lateral;1;2;2;;;;1
11/01/2014;07:18:00;40;sem vítima;296,047;BR-101/RJ;Norte;Engavetamento;1;10;;;;;1
01/02/2014;02:31:00;7;sem vítima;296;BR-101/RJ;Norte;Colisão Lateral;1;5;;;;;1
13/04/2014;09:42:00;60;sem vítima;296,855;BR-101/RJ;Norte;Colisão Traseira;1;5;;;;;1
10/06/2014;12:14:00;88;sem vítima;296;BR-101/RJ;Sul;Choque - Defensa, barreira ou "submarino";1;1;;;;;1
15/07/2014;11:11:00;66;sem vítima;296;BR-101/RJ;Norte;Colisão Traseira;2;3;;;;;1
23/07/2014;11:42:00;75;sem vítima;296;BR-101/RJ;Norte;Colisão Traseira;1;4;;;;;1
01/08/2014;21:08:00;184;sem vítima;296,868;BR-101/RJ;Norte;Colisão Traseira;1;2;;;;;1
23/10/2014;18:06:00;140;sem vítima;296;BR-101/RJ;Sul;Colisão Traseira;2;3;;;;;1
27/11/2014;10:16:00;57;sem vítima;296,039;BR-101/RJ;Norte;Colisão Lateral;1;2;;;;;1
13/02/2015;07:20:00;44;sem vítima;296;BR-101/RJ;Sul;Colisão Traseira;1;2;0;0;0;0;1
01/03/2015;11:35:00;60;sem vítima;296;BR-101/RJ;Sul;Colisão Lateral;1;4;0;0;0;0;1
07/03/2015;19:07:00;157;sem vítima;296;BR-101/RJ;Norte;Colisão Traseira;1;2;0;0;0;0;1
13/11/2015;18:39:00;204;sem vítima;296;BR-101/RJ;Sul;Colisão Lateral;1;2;;;;;1
17/11/2015;09:55:00;81;sem vítima;296;BR-101/RJ;Sul;Colisão Traseira;1;2;;;;;1
09/01/2010;16:20:00;155;sem vítima;297;BR-101/RJ;Norte;Colisão Lateral;1;3;;;;;1
21/01/2010;14:54:00;135;sem vítima;297;BR-101/RJ;Norte;Colisão Traseira;1;2;;;;;1
25/01/2010;21:37:00;224;sem vítima;297;BR-101/RJ;Norte;Colisão Lateral;1;2;;;;;1
08/03/2010;15:15:00;130;sem vítima;297;BR-101/RJ;Norte;Colisão Lateral;1;3;;;;;1
10/03/2010;13:30:00;118;sem vítima;297;BR-101/RJ;Sul;Colisão Lateral;1;2;;;;;1
05/04/2010;14:42:00;101;sem vítima;297;BR-101/RJ;Sul;Colisão Traseira;1;4;;;;;1
17/04/2010;19:25:00;171;sem vítima;297;BR-101/RJ;Sul;Colisão Lateral;2;3;;;;;1
20/04/2010;18:05:00;146;sem vítima;297;BR-101/RJ;Sul;Colisão Lateral;1;2;;;;;1
20/05/2010;10:39:00;75;sem vítima;297;BR-101/RJ;Sul;Colisão Lateral;1;2;;;;;1
20/05/2010;10:58:00;80;sem vítima;297;BR-101/RJ;Sul;Colisão Lateral;2;2;;;;;1
02/07/2010;16:10:00;112;sem vítima;297;BR-101/RJ;Norte;Colisão Traseira;1;3;;;;;1
03/07/2010;21:13:00;157;sem vítima;297;BR-101/RJ;Norte;Colisão Lateral;1;3;;;;;1
27/07/2010;12:35:00;98;sem vítima;297;BR-101/RJ;Norte;Colisão Lateral;1;3;;;;;1
27/07/2010;12:35:00;100;sem vítima;297;BR-101/RJ;Norte;Colisão Lateral;1;2;;;;;1
27/07/2010;12:35:00;102;sem vítima;297;BR-101/RJ;Norte;Colisão Lateral;1;3;;;;;1
03/09/2010;19:34:00;199;sem vítima;297;BR-101/RJ;Norte;Colisão Lateral;1;3;;;;;1
04/09/2010;09:46:00;85;sem vítima;297;BR-101/RJ;Norte;Colisão Lateral;1;3;;;;;1
17/09/2010;19:53:00;177;sem vítima;297;BR-101/RJ;Norte;Colisão Lateral;1;5;;;;;1
20/09/2010;09:18:00;74;sem vítima;297;BR-101/RJ;Norte;Colisão Traseira;1;5;;;;;1
01/10/2010;17:00:00;167;sem vítima;297;BR-101/RJ;Sul;Colisão Lateral;2;4;;;;;1
13/10/2010;10:30:00;76;sem vítima;297;BR-101/RJ;Sul;Colisão Transversal;1;3;;;;;1
15/10/2010;14:43:00;112;sem vítima;297;BR-101/RJ;Norte;Colisão Lateral;2;2;;;;;1
29/10/2010;12:51:00;92;sem vítima;297;BR-101/RJ;Norte;Colisão Traseira;1;2;;;;;1
01/11/2010;15:20:00;96;sem vítima;297;BR-101/RJ;Sul;Colisão Lateral;1;4;;;;;1
03/11/2010;22:39:00;210;sem vítima;297;BR-101/RJ;Sul;Colisão Lateral;1;2;;;;;1
19/11/2010;19:16:00;179;sem vítima;297;BR-101/RJ;Norte;Colisão Lateral;1;2;;;;;1
27/11/2010;14:27:00;103;sem vítima;297;BR-101/RJ;Norte;Colisão Traseira;1;5;;;;;1
28/11/2010;18:07:00;145;sem vítima;297;BR-101/RJ;Sul;Colisão Traseira;1;3;;;;;1
30/11/2010;18:29:00;159;sem vítima;297;BR-101/RJ;Sul;Colisão Lateral;1;2;;;;;1
02/12/2010;17:20:00;142;sem vítima;297;BR-101/RJ;Norte;Colisão Traseira;1;4;;;;;1
09/12/2010;13:17:00;82;sem vítima;297;BR-101/RJ;Norte;Colisão Traseira;1;3;;;;;1
09/12/2010;19:44:00;160;sem vítima;297;BR-101/RJ;Norte;Colisão Traseira;1;2;;;;;1
15/12/2010;08:18:00;51;sem vítima;297;BR-101/RJ;Norte;Colisão Lateral;1;2;;;;;1
15/12/2010;09:58:00;75;sem vítima;297;BR-101/RJ;Norte;Colisão Lateral;1;2;;;;;1
16/12/2010;16:52:00;175;sem vítima;297;BR-101/RJ;Sul;Colisão Traseira;1;3;;;;;1
22/12/2010;22:59:00;234;sem vítima;297;BR-101/RJ;Norte;Colisão Lateral;1;2;;;;;1
28/12/2010;23:48:00;217;sem vítima;297;BR-101/RJ;Norte;Colisão Traseira;1;3;;;;;1
10/01/2011;08:28:00;53;sem vítima;297;BR-101/RJ;Sul;Colisão Traseira;1;2;;;;;1
20/01/2011;15:24:00;121;sem vítima;297;BR-101/RJ;Sul;Colisão Traseira;1;2;;;;;1
28/01/2011;17:51:00;225;sem vítima;297;BR-101/RJ;Norte;Colisão Lateral;1;2;;;;;1
03/02/2011;07:45:00;35;sem vítima;297;BR-101/RJ;Norte;Colisão Lateral;1;3;;;;;1
04/02/2011;20:59:00;196;sem vítima;297;BR-101/RJ;Norte;Colisão Traseira;1;5;;;;;1
04/02/2011;21:52:00;206;sem vítima;297;BR-101/RJ;Norte;Colisão Lateral;1;2;;;;;1
07/02/2011;18:40:00;183;sem vítima;297;BR-101/RJ;Sul;Colisão Lateral;1;2;;;;;1
11/02/2011;16:25:00;140;sem vítima;297;BR-101/RJ;Norte;Colisão Traseira;1;3;;;;;1
18/02/2011;08:14:00;42;sem vítima;297;BR-101/RJ;Sul;Colisão Traseira;1;3;;;;;1
23/02/2011;15:19:00;116;sem vítima;297;BR-101/RJ;Sul;Engavetamento;1;5;;;;;1
21/03/2011;16:36:00;122;sem vítima;63;BR-101/RJ;Norte;Colisão Traseira;1;3;;;;;1
21/03/2011;22:32:00;172;sem vítima;320;BR-101/RJ;Norte;Colisão Lateral;1;3;;;;;1
22/03/2011;08:57:00;54;com vítima;244;BR-101/RJ;Norte;Colisão Frontal;2;5;;2;;1;3
22/03/2011;09:33:00;56;com vítima;290,5;BR-101/RJ;Sul;Atropelamento - Ciclista;1;1;;;;1;3
22/03/2011;14:22:00;90;sem vítima;170;BR-101/RJ;Sul;Colisão Lateral;1;3;;;;;1
20/05/2011;16:52:00;136;sem vítima;297;BR-101/RJ;Norte;Colisão Lateral;1;2;;;;;1
20/05/2011;17:53:00;142;sem vítima;297;BR-101/RJ;Sul;Colisão Traseira;1;3;;;;;1
24/05/2011;14:43:00;130;sem vítima;297;BR-101/RJ;Norte;Colisão Lateral;1;4;;;;;1
26/05/2011;13:29:00;97;sem vítima;297;BR-101/RJ;Norte;Colisão Traseira;2;2;;;;;1
13/06/2011;13:57:00;111;sem vítima;297;BR-101/RJ;Norte;Colisão Lateral;1;3;;;;;1
14/06/2011;21:13:00;147;sem vítima;297;BR-101/RJ;Norte;Colisão Lateral;1;2;;;;;1
24/06/2011;14:55:00;93;sem vítima;297;BR-101/RJ;Norte;Colisão Traseira;1;4;;;;;1
29/06/2011;09:34:00;63;sem vítima;297,45098876953125;BR-101/RJ;Sul;Engavetamento;1;3;;;;;1
05/08/2011;18:53:00;155;sem vítima;297;BR-101/RJ;Sul;Colisão Lateral;1;7;;;;;1
11/08/2011;18:38:00;150;sem vítima;297;BR-101/RJ;Norte;Colisão Lateral;1;3;;;;;1
12/08/2011;05:46:00;15;sem vítima;297;BR-101/RJ;Sul;Colisão Lateral;1;3;;;;;1
14/08/2011;19:28:00;156;sem vítima;297;BR-101/RJ;Sul;Colisão Traseira;1;2;;;;;1
02/09/2011;11:04:00;73;sem vítima;297;BR-101/RJ;Norte;Colisão Lateral;2;2;;;;;1
03/09/2011;05:48:00;24;sem vítima;297;BR-101/RJ;Sul;Colisão Lateral;1;2;;;;;1
09/09/2011;16:36:00;130;sem vítima;297;BR-101/RJ;Norte;Colisão Traseira;1;2;;;;;1
15/09/2011;19:27:00;147;sem vítima;297;BR-101/RJ;Norte;Colisão Lateral;1;2;;;;;1
23/09/2011;16:27:00;125;sem vítima;297;BR-101/RJ;Norte;Colisão Traseira;1;2;;;;;1
27/09/2011;19:36:00;161;sem vítima;297;BR-101/RJ;Norte;Colisão Lateral;1;3;;;;;1
27/09/2011;19:39:00;162;sem vítima;297;BR-101/RJ;Norte;Colisão Lateral;1;3;;;;;1
03/10/2011;20:22:00;169;sem vítima;297;BR-101/RJ;Norte;Colisão Lateral;1;6;;;;;1
07/10/2011;16:02:00;140;sem vítima;297;BR-101/RJ;Norte;Colisão Lateral;1;2;;;;;1
07/10/2011;19:24:00;190;com vítima;297;BR-101/RJ;Norte;Choque - Outros;2;6;2;2;;;2
25/10/2011;17:26:00;173;sem vítima;297;BR-101/RJ;Sul;Colisão Traseira;1;5;;;;;1
31/10/2011;19:33:00;149;sem vítima;297;BR-101/RJ;Sul;Colisão Lateral;1;3;;;;;1
03/11/2011;15:23:00;125;sem vítima;297;BR-101/RJ;Sul;Colisão Lateral;1;2;;;;;1
05/11/2011;05:21:00;21;com vítima;297;BR-101/RJ;Sul;Colisão Lateral;1;1;;2;;;2
05/11/2011;12:55:00;86;sem vítima;297;BR-101/RJ;Sul;Choque - Defensa, barreira ou "submarino";1;1;;;;;1
08/11/2011;13:24:00;82;sem vítima;297;BR-101/RJ;Norte;Colisão Lateral;1;3;;;;;1
08/11/2011;18:54:00;127;sem vítima;297;BR-101/RJ;Norte;Colisão Lateral;1;3;;;;;1
14/11/2011;09:53:00;51;sem vítima;297;BR-101/RJ;Sul;Colisão Lateral;1;2;;;;;1
25/11/2011;09:36:00;56;sem vítima;297;BR-101/RJ;Norte;Colisão Lateral;1;2;;;;;1
08/12/2011;14:25:00;125;sem vítima;297;BR-101/RJ;Sul;Colisão Lateral;1;2;;;;;1
10/12/2011;11:53:00;114;sem vítima;297;BR-101/RJ;Norte;Colisão Lateral;1;2;;;;;1
16/12/2011;08:45:00;63;sem vítima;297;BR-101/RJ;Sul;Colisão Lateral;1;3;;;;;1
23/12/2011;06:33:00;38;com vítima;297;BR-101/RJ;Norte;Colisão Traseira;1;2;1;;;;1
23/12/2011;07:31:00;49;sem vítima;297;BR-101/RJ;Norte;Colisão Lateral;1;4;;;;;1
09/01/2012;08:47:00;56;sem vítima;297;BR-101/RJ;Sul;Colisão Lateral;1;2;;;;;1
10/01/2012;15:40:00;154;sem vítima;297;BR-101/RJ;Sul;Colisão Lateral;1;2;;;;;1
12/01/2012;17:46:00;176;sem vítima;297;BR-101/RJ;Norte;Colisão Lateral;1;2;;;;;1
16/01/2012;21:14:00;211;sem vítima;297;BR-101/RJ;Norte;Colisão Lateral;1;2;;;;;1
19/01/2012;18:18:00;168;sem vítima;297;BR-101/RJ;Sul;Colisão Lateral;2;2;;;;;1
20/01/2012;10:24:00;78;sem vítima;297;BR-101/RJ;Norte;Colisão Lateral;1;2;;;;;1
21/01/2012;11:16:00;64;sem vítima;297;BR-101/RJ;Sul;Colisão Lateral;1;5;;;;;1
21/01/2012;12:34:00;78;sem vítima;297;BR-101/RJ;Norte;Colisão Lateral;1;2;;;;;1
24/01/2012;19:12:00;173;sem vítima;297;BR-101/RJ;Norte;Colisão Lateral;1;2;;;;;1
26/01/2012;11:21:00;67;sem vítima;297;BR-101/RJ;Sul;Colisão Lateral;1;3;;;;;1
26/01/2012;11:53:00;73;sem vítima;297;BR-101/RJ;Norte;Colisão Lateral;1;2;;;;;1
26/01/2012;12:00:00;79;sem vítima;297;BR-101/RJ;Norte;Colisão Traseira;1;3;;;;;1
31/01/2012;10:44:00;65;sem vítima;297;BR-101/RJ;Sul;Colisão Lateral;1;2;;;;;1
07/02/2012;15:25:00;116;com vítima;297;BR-101/RJ;Norte;Choque - Arvore;2;0;1;1;;1;3
09/02/2012;09:59:00;49;sem vítima;297;BR-101/RJ;Sul;Colisão Lateral;1;2;;;;;1
15/02/2012;17:21:00;148;sem vítima;297;BR-101/RJ;Norte;Colisão Lateral;1;2;;;;;1
16/02/2012;18:46:00;188;sem vítima;297;BR-101/RJ;Norte;Colisão Traseira;1;2;;;;;1
18/02/2012;06:17:00;58;sem vítima;297;BR-101/RJ;Sul;Colisão Lateral;1;2;;;;;1
24/02/2012;20:23:00;173;sem vítima;297;BR-101/RJ;Norte;Colisão Lateral;1;4;;;;;1
09/03/2012;12:31:00;83;sem vítima;297;BR-101/RJ;Sul;Colisão Lateral;1;5;;;;;1
15/03/2012;12:32:00;89;sem vítima;297;BR-101/RJ;Norte;Colisão Lateral;1;3;;;;;1
15/03/2012;19:11:00;160;sem vítima;297;BR-101/RJ;Sul;Colisão Traseira;1;2;;;;;1
20/03/2012;14:49:00;90;sem vítima;297;BR-101/RJ;Norte;Colisão Lateral;1;6;;;;;1
21/03/2012;07:00:00;24;sem vítima;297;BR-101/RJ;Sul;Colisão Lateral;1;2;;;;;1
26/03/2012;06:41:00;24;sem vítima;297;BR-101/RJ;Sul;Tombamento;1;4;;;;;1
03/04/2012;12:19:00;82;sem vítima;297;BR-101/RJ;Norte;Colisão Lateral;1;3;;;;;1
04/04/2012;18:05:00;159;sem vítima;297;BR-101/RJ;Sul;Colisão Lateral;1;2;;;;;1
04/04/2012;20:59:00;189;sem vítima;297;BR-101/RJ;Norte;Colisão Lateral;1;3;;;;;1
10/04/2012;19:01:00;142;sem vítima;297;BR-101/RJ;Norte;Colisão Lateral;1;2;;;;;1
11/04/2012;16:46:00;127;sem vítima;297;BR-101/RJ;Sul;Colisão Lateral;1;2;;;;;1
16/04/2012;15:54:00;121;sem vítima;297;BR-101/RJ;Norte;Colisão Lateral;1;5;;;;;1
18/04/2012;10:49:00;55;sem vítima;297;BR-101/RJ;Sul;Colisão Lateral;1;2;;;;;1
27/04/2012;11:48:00;101;com vítima;297;BR-101/RJ;Norte;Colisão Lateral;1;3;;1;;;2
27/04/2012;19:39:00;179;com vítima;297;BR-101/RJ;Sul;Colisão Lateral;1;4;;1;;;2
08/05/2012;15:59:00;103;sem vítima;297;BR-101/RJ;Norte;Colisão Lateral;1;2;;;;;1
10/05/2012;09:34:00;73;sem vítima;297;BR-101/RJ;Norte;Colisão Lateral;1;2;;;;;1
22/05/2012;07:27:00;35;sem vítima;297;BR-101/RJ;Sul;Colisão Lateral;1;4;;;;;1
25/05/2012;17:16:00;128;sem vítima;297;BR-101/RJ;Norte;Colisão Lateral;1;2;;;;;1