data;horario;n_da_ocorrencia;tipo_de_ocorrencia;km;trecho;sentido;tipo_de_acidente;caminhao;ilesos;levemente_feridos;moderadamente_feridos;gravemente_feridos;mortos;3
26/05/2012;18:07:00;151;sem vítima;297;BR-101/RJ;Norte;Colisão Lateral;1;4;;;;;1
05/06/2012;18:43:00;145;sem vítima;297;BR-101/RJ;Sul;Colisão Lateral;1;2;;;;;1
06/07/2012;17:53:00;168;sem vítima;297;BR-101/RJ;Norte;Colisão Lateral;1;3;;;;;1
06/07/2012;20:35:00;217;sem vítima;297;BR-101/RJ;Norte;Colisão Lateral;1;2;;;;;1
16/07/2012;19:24:00;169;sem vítima;297;BR-101/RJ;Norte;Colisão Lateral;1;3;;;;;1
17/07/2012;18:56:00;166;sem vítima;297;BR-101/RJ;Sul;Colisão Traseira;1;2;;;;;1
26/07/2012;19:13:00;148;sem vítima;297;BR-101/RJ;Sul;Colisão Lateral;1;2;;;;;1
26/07/2012;19:46:00;157;sem vítima;297;BR-101/RJ;Norte;Colisão Lateral;1;2;;;;;1
04/08/2012;05:26:00;28;sem vítima;297;BR-101/RJ;Sul;Saida de Pista;1;1;;;;;1
06/08/2012;08:09:00;46;sem vítima;297;BR-101/RJ;Sul;Colisão Lateral;1;3;;;;;1
10/08/2012;18:22:00;185;sem vítima;297;BR-101/RJ;Norte;Colisão Lateral;1;3;;;;;1
21/08/2012;12:51:00;90;sem vítima;297,591;BR-101/RJ;Norte;Colisão Traseira;1;2;;;;;1
24/08/2012;09:23:00;58;sem vítima;297;BR-101/RJ;Norte;Colisão Traseira;1;38;;;;;1
24/08/2012;18:33:00;148;sem vítima;297;BR-101/RJ;Sul;Colisão Traseira;1;4;;;;;1
29/08/2012;18:54:00;151;sem vítima;297;BR-101/RJ;Norte;Colisão Lateral;1;3;;;;;1
29/08/2012;03:26:00;8;sem vítima;297,89;BR-101/RJ;Sul;Saida de Pista;1;2;;;;;1
31/08/2012;18:27:00;180;sem vítima;297;BR-101/RJ;Norte;Colisão Traseira;1;2;;;;;1
03/09/2012;11:02:00;77;sem vítima;297;BR-101/RJ;Sul;Colisão Traseira;1;4;;;;;1
04/09/2012;15:16:00;127;sem vítima;297;BR-101/RJ;Norte;Colisão Traseira;1;3;;;;;1
06/09/2012;22:21:00;175;sem vítima;297,38;BR-101/RJ;Norte;Colisão Traseira;1;2;;;;;1
14/09/2012;18:52:00;148;sem vítima;297;BR-101/RJ;Norte;Colisão Lateral;1;2;;;;;1
19/09/2012;19:07:00;183;sem vítima;297;BR-101/RJ;Norte;Colisão Lateral;1;2;;;;;1
25/09/2012;08:21:00;49;sem vítima;297;BR-101/RJ;Norte;Colisão Traseira;1;2;;;;;1
26/09/2012;10:50:00;71;sem vítima;297;BR-101/RJ;Norte;Colisão Transversal;1;5;;;;;1
26/09/2012;18:29:00;117;sem vítima;297;BR-101/RJ;Norte;Colisão Lateral;1;6;;;;;1
04/10/2012;09:49:00;73;sem vítima;297;BR-101/RJ;Sul;Colisão Lateral;1;2;;;;;1
04/10/2012;18:30:00;171;sem vítima;297;BR-101/RJ;Norte;Colisão Lateral;1;5;;;;;1
16/10/2012;11:01:00;99;sem vítima;297;BR-101/RJ;Sul;Colisão Lateral;1;2;;;;;1
19/10/2012;18:43:00;158;sem vítima;297;BR-101/RJ;Norte;Colisão Lateral;1;2;;;;;1
23/10/2012;18:13:00;163;sem vítima;297;BR-101/RJ;Norte;Colisão Traseira;1;2;;;;;1
31/10/2012;15:36:00;160;sem vítima;297;BR-101/RJ;Sul;Colisão Lateral;2;3;;;;;1
31/10/2012;18:06:00;192;sem vítima;297;BR-101/RJ;Norte;Colisão Lateral;1;3;;;;;1
01/11/2012;07:42:00;45;sem vítima;297;BR-101/RJ;Norte;Colisão Lateral;1;3;;;;;1
13/11/2012;09:31:00;56;sem vítima;297;BR-101/RJ;Norte;Colisão Traseira;1;3;;;;;1
19/11/2012;07:29:00;35;com vítima;297;BR-101/RJ;Norte;Colisão Lateral;1;1;2;;;;1
22/11/2012;16:41:00;144;sem vítima;297;BR-101/RJ;Norte;Colisão Lateral;1;2;;;;;1
23/11/2012;09:02:00;55;sem vítima;297;BR-101/RJ;Norte;Colisão Traseira;1;2;;;;;1
26/11/2012;07:39:00;42;com vítima;297;BR-101/RJ;Sul;Colisão Lateral;1;4;1;;;;1
06/12/2012;11:44:00;103;sem vítima;297;BR-101/RJ;Norte;Colisão Lateral;1;3;;;;;1
06/12/2012;12:29:00;114;sem vítima;297;BR-101/RJ;Sul;Colisão Lateral;1;2;;;;;1
06/12/2012;17:40:00;179;sem vítima;297;BR-101/RJ;Norte;Colisão Lateral;1;5;;;;;1
06/12/2012;19:17:00;195;sem vítima;297;BR-101/RJ;Norte;Colisão Lateral;1;2;;;;;1
12/12/2012;17:59:00;166;sem vítima;297;BR-101/RJ;Norte;Colisão Lateral;1;2;;;;;1
14/12/2012;16:39:00;145;sem vítima;297;BR-101/RJ;Norte;Colisão Lateral;1;2;;;;;1
18/12/2012;09:59:00;82;sem vítima;297;BR-101/RJ;Norte;Colisão Traseira;2;4;;;;;1
19/12/2012;18:07:00;147;sem vítima;297;BR-101/RJ;Norte;Colisão Traseira;1;2;;;;;1
20/12/2012;11:54:00;90;sem vítima;297;BR-101/RJ;Sul;Colisão Lateral;2;3;;;;;1
21/12/2012;16:40:00;188;sem vítima;297;BR-101/RJ;Norte;Colisão Traseira;1;3;;;;;1
21/12/2012;23:39:00;266;com vítima;297;BR-101/RJ;Norte;Colisão Traseira;1;1;2;;;;1
27/12/2012;21:30:00;213;sem vítima;297;BR-101/RJ;Sul;Colisão Traseira;1;3;;;;;1
08/01/2013;18:43:00;189;sem vítima;297;BR-101/RJ;Sul;Colisão Lateral;1;5;;;;;1
10/01/2013;11:00:00;97;sem vítima;297;BR-101/RJ;Norte;Colisão Lateral;1;2;;;;;1
10/01/2013;11:55:00;101;sem vítima;297;BR-101/RJ;Norte;Colisão Lateral;1;2;;;;;1
14/01/2013;17:41:00;146;sem vítima;297;BR-101/RJ;Sul;Colisão Lateral;1;3;;;;;1
15/01/2013;19:40:00;166;sem vítima;297;BR-101/RJ;Norte;Choque - Arvore;1;3;;;;;1
18/01/2013;17:31:00;156;sem vítima;297;BR-101/RJ;Sul;Colisão Lateral;1;2;;;;;1
19/01/2013;15:47:00;145;sem vítima;297;BR-101/RJ;Norte;Colisão Lateral;1;5;;;;;1
21/01/2013;13:17:00;114;sem vítima;297;BR-101/RJ;Sul;Engavetamento;1;6;;;;;1
24/01/2013;09:49:00;65;sem vítima;297;BR-101/RJ;Norte;Colisão Lateral;1;2;;;;;1
25/01/2013;21:13:00;212;sem vítima;297;BR-101/RJ;Norte;Colisão Lateral;1;2;;;;;1
25/01/2013;11:38:00;85;sem vítima;297,33;BR-101/RJ;Norte;Colisão Lateral;1;2;;;;;1
26/01/2013;14:38:00;119;sem vítima;297;BR-101/RJ;Norte;Colisão Lateral;1;2;;;;;1
28/01/2013;19:23:00;163;sem vítima;297;BR-101/RJ;Norte;Colisão Transversal;1;2;;;;;1
30/01/2013;09:42:00;69;sem vítima;297;BR-101/RJ;Sul;Colisão Traseira;2;4;;;;;1
30/01/2013;18:13:00;149;sem vítima;297;BR-101/RJ;Sul;Colisão Lateral;1;2;;;;;1
30/01/2013;21:16:00;185;sem vítima;297;BR-101/RJ;Sul;Colisão Lateral;1;2;;;;;1
02/02/2013;16:06:00;149;sem vítima;297;BR-101/RJ;Sul;Colisão Traseira;1;2;;;;;1
04/02/2013;18:35:00;159;sem vítima;297;BR-101/RJ;Norte;Colisão Traseira;1;2;;;;;1
14/02/2013;11:12:00;96;sem vítima;297,733;BR-101/RJ;Sul;Colisão Lateral;1;3;;;;;1
20/03/2013;09:29:00;69;sem vítima;297;BR-101/RJ;Norte;Colisão Traseira;1;3;;;;;1
28/03/2013;16:47:00;181;sem vítima;297;BR-101/RJ;Norte;Colisão Lateral;1;5;;;;;1
31/03/2013;20:28:00;178;sem vítima;297;BR-101/RJ;Sul;Colisão Traseira;1;2;;;;;1
08/04/2013;15:25:00;149;sem vítima;297;BR-101/RJ;Norte;Colisão Traseira;1;2;;;;;1
13/04/2013;14:02:00;128;sem vítima;297;BR-101/RJ;Norte;Colisão Lateral;1;2;;;;;1
19/04/2013;11:16:00;91;sem vítima;297;BR-101/RJ;Sul;Colisão Traseira;1;2;;;;;1
28/04/2013;21:13:00;149;sem vítima;297;BR-101/RJ;Norte;Colisão Lateral;1;6;;;;;1
28/04/2013;04:34:00;19;sem vítima;297,533;BR-101/RJ;Norte;Choque - Defensa, barreira ou "submarino";1;1;;;;;1
11/06/2013;16:52:00;131;sem vítima;297,6;BR-101/RJ;Sul;Colisão Traseira;1;2;;;;;1
19/06/2013;09:00:00;53;sem vítima;297;BR-101/RJ;Norte;Colisão Lateral;1;2;;;;;1
28/06/2013;06:46:00;22;sem vítima;297;BR-101/RJ;Sul;Colisão Lateral;1;2;;;;;1
28/06/2013;09:21:00;57;sem vítima;297;BR-101/RJ;Norte;Colisão Lateral;1;3;;;;;1
04/07/2013;10:03:00;75;sem vítima;297;BR-101/RJ;Sul;Colisão Traseira;1;4;;;;;1
05/07/2013;19:10:00;172;sem vítima;297;BR-101/RJ;Sul;Colisão Lateral;1;2;;;;;1
30/07/2013;04:34:00;12;sem vítima;297;BR-101/RJ;Sul;Colisão Lateral;1;4;;;;;1
13/08/2013;09:33:00;54;sem vítima;297;BR-101/RJ;Norte;Colisão Lateral;1;5;;;;;1
16/08/2013;19:42:00;174;sem vítima;297;BR-101/RJ;Norte;Colisão Lateral;1;2;;;;;1
06/09/2013;16:35:00;135;sem vítima;297;BR-101/RJ;Norte;Colisão Lateral;1;2;;;;;1
11/09/2013;19:52:00;137;sem vítima;297;BR-101/RJ;Norte;Colisão Lateral;1;2;;;;;1
12/09/2013;08:58:00;55;sem vítima;297;BR-101/RJ;Sul;Colisão Lateral;1;2;;;;;1
09/10/2013;10:14:00;90;sem vítima;297,574;BR-101/RJ;Norte;Colisão Lateral;1;2;;;;;1
10/10/2013;11:12:00;78;sem vítima;297;BR-101/RJ;Norte;Colisão Traseira;1;2;;;;;1
14/10/2013;09:33:00;64;sem vítima;297,361;BR-101/RJ;Norte;Colisão Lateral;1;2;;;;;1
16/10/2013;18:52:00;149;sem vítima;297;BR-101/RJ;Sul;Colisão Lateral;1;4;;;;;1
22/10/2013;18:10:00;167;sem vítima;297;BR-101/RJ;Norte;Colisão Traseira;1;2;;;;;1
06/11/2013;16:10:00;126;com vítima;297;BR-101/RJ;Sul;Colisão Lateral;1;2;1;;;;1
08/11/2013;12:23:00;120;sem vítima;297;BR-101/RJ;Norte;Colisão Traseira;1;2;;;;;1
08/11/2013;15:44:00;146;sem vítima;297;BR-101/RJ;Sul;Colisão Traseira;1;4;;;;;1
08/11/2013;23:21:00;220;sem vítima;297,397;BR-101/RJ;Sul;Colisão Lateral;1;2;;;;;1
08/11/2013;06:33:00;24;com vítima;297,908;BR-101/RJ;Sul;Choque - Defensa, barreira ou "submarino";1;0;2;1;;;2
12/11/2013;08:54:00;63;sem vítima;297;BR-101/RJ;Norte;Colisão Traseira;1;2;;;;;1
18/11/2013;07:23:00;58;sem vítima;297;BR-101/RJ;Sul;Colisão Traseira;1;2;;;;;1
22/11/2013;12:29:00;105;sem vítima;297;BR-101/RJ;Norte;Colisão Lateral;1;3;;;;;1
26/11/2013;15:25:00;128;com vítima;297;BR-101/RJ;Sul;Choque - Defensa, barreira ou "submarino";1;1;;4;;;2
26/11/2013;20:35:00;187;sem vítima;297;BR-101/RJ;Norte;Colisão Traseira;1;4;;;;;1
27/11/2013;17:58:00;183;sem vítima;297;BR-101/RJ;Sul;Colisão Lateral;1;2;;;;;1
28/11/2013;12:48:00;115;sem vítima;297;BR-101/RJ;Sul;Engavetamento;1;4;;;;;1
02/12/2013;11:10:00;117;sem vítima;297;BR-101/RJ;Sul;Colisão Lateral;1;3;;;;;1
02/12/2013;12:43:00;129;sem vítima;297;BR-101/RJ;Norte;Colisão Lateral;1;2;;;;;1
04/12/2013;15:39:00;132;sem vítima;297;BR-101/RJ;Norte;Colisão Lateral;1;2;;;;;1
10/12/2013;18:17:00;192;sem vítima;297;BR-101/RJ;Norte;Colisão Lateral;1;2;;;;;1
18/12/2013;12:20:00;108;sem vítima;297;BR-101/RJ;Sul;Colisão Traseira;1;2;;;;;1
20/12/2013;15:04:00;121;sem vítima;297;BR-101/RJ;Sul;Colisão Lateral;1;2;;;;;1
21/12/2013;18:09:00;163;sem vítima;297,814;BR-101/RJ;Norte;Colisão Lateral;1;6;;;;;1
29/12/2013;15:35:00;134;sem vítima;297;BR-101/RJ;Sul;Tombamento;1;3;;;;;1
29/12/2013;18:57:00;172;sem vítima;297;BR-101/RJ;Sul;Colisão Lateral;1;2;;;;;1
29/12/2013;21:08:00;199;sem vítima;297,5;BR-101/RJ;Sul;Colisão Lateral;1;2;;;;;1
08/01/2014;14:48:00;129;sem vítima;297;BR-101/RJ;Norte;Colisão Lateral;1;3;;;;;1
10/01/2014;10:45:00;91;sem vítima;297;BR-101/RJ;Norte;Colisão Traseira;1;4;;;;;1
11/01/2014;11:47:00;97;sem vítima;297,7;BR-101/RJ;Norte;Colisão Traseira;2;4;;;;;1
17/01/2014;14:04:00;104;sem vítima;297;BR-101/RJ;Norte;Colisão Lateral;1;2;;;;;1
29/01/2014;18:50:00;199;sem vítima;297;BR-101/RJ;Norte;Colisão Lateral;1;3;;;;;1
02/02/2014;19:51:00;187;com vítima;297,665;BR-101/RJ;Norte;Colisão Traseira;1;1;1;;;;1
07/02/2014;20:25:00;206;sem vítima;297;BR-101/RJ;Norte;Colisão Lateral;1;3;;;;;1
07/02/2014;20:50:00;210;sem vítima;297;BR-101/RJ;Norte;Colisão Lateral;1;2;;;;;1
10/02/2014;18:15:00;165;sem vítima;297;BR-101/RJ;Norte;Colisão Lateral;1;2;;;;;1
12/02/2014;06:28:00;33;sem vítima;297;BR-101/RJ;Sul;Colisão Lateral;1;2;;;;;1
15/02/2014;12:05:00;105;sem vítima;297;BR-101/RJ;Norte;Colisão Lateral;1;3;;;;;1
15/02/2014;12:44:00;112;sem vítima;297;BR-101/RJ;Norte;Colisão Lateral;1;5;;;;;1
16/02/2014;22:48:00;184;sem vítima;297;BR-101/RJ;Sul;Outros - Sequência;1;10;;;;;1
26/02/2014;13:32:00;125;sem vítima;297;BR-101/RJ;Norte;Colisão Lateral;1;2;;;;;1
27/02/2014;09:26:00;75;sem vítima;297,791;BR-101/RJ;Norte;Colisão Traseira;1;2;;;;;1
28/02/2014;23:20:00;266;sem vítima;297;BR-101/RJ;Norte;Colisão Lateral;1;2;;;;;1
02/03/2014;12:03:00;109;sem vítima;297;BR-101/RJ;Norte;Colisão Traseira;1;2;;;;;1
18/03/2014;12:41:00;92;sem vítima;297;BR-101/RJ;Sul;Colisão Lateral;1;2;;;;;1
20/03/2014;10:30:00;85;sem vítima;297;BR-101/RJ;Sul;Choque - Poste;1;2;;;;;1
21/03/2014;19:49:00;192;sem vítima;297;BR-101/RJ;Norte;Colisão Lateral;1;2;;;;;1
23/03/2014;00:35:00;3;sem vítima;297;BR-101/RJ;Sul;Colisão Lateral;1;3;;;;;1
04/04/2014;17:41:00;144;sem vítima;297;BR-101/RJ;Norte;Colisão Lateral;1;4;;;;;1
11/04/2014;18:17:00;164;sem vítima;297;BR-101/RJ;Norte;Colisão Lateral;1;2;;;;;1
11/04/2014;18:19:00;165;sem vítima;297;BR-101/RJ;Norte;Colisão Lateral;1;2;;;;;1
14/04/2014;14:31:00;112;sem vítima;297;BR-101/RJ;Norte;Colisão Traseira;1;2;;;;;1
14/04/2014;19:50:00;168;sem vítima;297;BR-101/RJ;Norte;Colisão Lateral;1;2;;;;;1
25/04/2014;18:01:00;117;sem vítima;297;BR-101/RJ;Norte;Colisão Lateral;1;2;;;;;1
27/04/2014;16:33:00;93;sem vítima;297,398;BR-101/RJ;Norte;Colisão Traseira;1;6;;;;;1
12/05/2014;19:02:00;171;sem vítima;297,825;BR-101/RJ;Sul;Colisão Lateral;1;2;;;;;1
15/05/2014;11:41:00;99;sem vítima;297;BR-101/RJ;Norte;Colisão Lateral;1;2;;;;;1
24/05/2014;22:24:00;158;sem vítima;297;BR-101/RJ;Norte;Colisão Traseira;1;3;;;;;1
25/05/2014;08:20:00;52;sem vítima;297,327;BR-101/RJ;Norte;Colisão Lateral;1;2;;;;;1
04/06/2014;18:44:00;154;sem vítima;297;BR-101/RJ;Norte;Colisão Lateral;1;2;;;;;1
05/06/2014;08:45:00;65;sem vítima;297;BR-101/RJ;Norte;Colisão Lateral;1;2;;;;;1
05/06/2014;15:26:00;129;sem vítima;297;BR-101/RJ;Norte;Colisão Lateral;1;2;;;;;1
07/06/2014;12:58:00;74;sem vítima;297,77;BR-101/RJ;Sul;Colisão Lateral;1;4;;;;;1
07/06/2014;13:23:00;77;sem vítima;297,9;BR-101/RJ;Norte;Colisão Lateral;1;2;;;;;1
13/06/2014;15:45:00;129;sem vítima;297;BR-101/RJ;Norte;Colisão Lateral;1;2;;;;;1
24/06/2014;18:29:00;147;sem vítima;297;BR-101/RJ;Norte;Colisão Lateral;1;2;;;;;1
27/06/2014;10:16:00;69;sem vítima;297;BR-101/RJ;Norte;Colisão Lateral;1;2;;;;;1
04/07/2014;15:03:00;106;sem vítima;297;BR-101/RJ;Sul;Colisão Transversal;1;2;;;;;1
09/07/2014;16:44:00;137;sem vítima;297;BR-101/RJ;Sul;Colisão Lateral;1;3;;;;;1
11/07/2014;16:41:00;137;sem vítima;297;BR-101/RJ;Norte;Colisão Traseira;1;2;;;;;1
14/07/2014;22:40:00;166;sem vítima;297;BR-101/RJ;Sul;Colisão Traseira;2;2;;;;;1
17/07/2014;17:48:00;129;sem vítima;297;BR-101/RJ;Norte;Colisão Lateral;1;2;;;;;1
19/07/2014;12:22:00;70;sem vítima;297;BR-101/RJ;Norte;Colisão Lateral;1;2;;;;;1
23/07/2014;11:13:00;65;sem vítima;297;BR-101/RJ;Sul;Colisão Traseira;1;3;;;;;1
25/07/2014;13:20:00;105;sem vítima;297;BR-101/RJ;Sul;Colisão Lateral;1;2;;;;;1
25/07/2014;18:51:00;162;sem vítima;297;BR-101/RJ;Sul;Colisão Lateral;1;2;;;;;1
25/07/2014;20:44:00;182;sem vítima;297;BR-101/RJ;Sul;Colisão Lateral;1;3;;;;;1
25/07/2014;20:44:00;183;sem vítima;297;BR-101/RJ;Norte;Colisão Lateral;1;3;;;;;1
26/07/2014;10:45:00;48;sem vítima;297;BR-101/RJ;Norte;Colisão Lateral;1;3;;;;;1
02/08/2014;20:55:00;152;sem vítima;297,357;BR-101/RJ;Norte;Colisão Lateral;1;2;;;;;1
06/08/2014;18:18:00;131;sem vítima;297;BR-101/RJ;Norte;Colisão Lateral;1;3;;;;;1
08/08/2014;17:40:00;162;sem vítima;297;BR-101/RJ;Norte;Colisão Lateral;1;2;;;;;1
08/08/2014;16:37:00;145;sem vítima;297,5;BR-101/RJ;Norte;Colisão Transversal;1;2;;;;;1
09/08/2014;13:09:00;93;sem vítima;297;BR-101/RJ;Sul;Colisão Lateral;1;2;;;;;1
13/08/2014;19:20:00;146;com vítima;297,813;BR-101/RJ;Sul;Colisão Traseira;1;5;1;;;;1
16/08/2014;14:08:00;70;sem vítima;297;BR-101/RJ;Norte;Colisão Lateral;1;2;;;;;1
20/08/2014;11:44:00;71;sem vítima;297;BR-101/RJ;Norte;Colisão Lateral;1;4;;;;;1
23/08/2014;15:13:00;123;com vítima;297;BR-101/RJ;Sul;Colisão Traseira;1;4;1;;;;1
23/08/2014;18:54:00;156;sem vítima;297;BR-101/RJ;Sul;Colisão Lateral;1;2;;;;;1
28/08/2014;16:52:00;99;sem vítima;297,454;BR-101/RJ;Sul;Colisão Lateral;1;2;;;;;1
30/08/2014;10:34:00;50;sem vítima;297;BR-101/RJ;Sul;Choque - Defensa, barreira ou "submarino";1;3;;;;;1
06/09/2014;10:13:00;58;sem vítima;297;BR-101/RJ;Norte;Colisão Lateral;1;2;;;;;1
06/09/2014;11:01:00;64;sem vítima;297;BR-101/RJ;Norte;Colisão Lateral;1;2;;;;;1
10/09/2014;18:20:00;148;sem vítima;297,75;BR-101/RJ;Sul;Colisão Lateral;1;2;;;;;1
13/09/2014;13:52:00;103;sem vítima;297;BR-101/RJ;Norte;Colisão Lateral;1;2;;;;;1
13/09/2014;13:52:00;104;sem vítima;297;BR-101/RJ;Norte;Colisão Lateral;1;2;;;;;1
19/09/2014;16:03:00;134;sem vítima;297,7;BR-101/RJ;Norte;Colisão Lateral;1;2;;;;;1
20/09/2014;12:05:00;90;sem vítima;297;BR-101/RJ;Sul;Colisão Lateral;1;7;;;;;1
02/10/2014;18:46:00;125;sem vítima;297,853;BR-101/RJ;Sul;Colisão Lateral;1;2;;;;;1
05/10/2014;20:08:00;128;sem vítima;297,365;BR-101/RJ;Sul;Colisão Lateral;1;2;;;;;1
10/10/2014;12:23:00;106;sem vítima;297;BR-101/RJ;Norte;Colisão Lateral;1;6;;;;;1
16/10/2014;15:12:00;114;sem vítima;297;BR-101/RJ;Sul;Colisão Traseira;1;2;;;;;1
21/10/2014;18:21:00;143;sem vítima;297;BR-101/RJ;Norte;Colisão Lateral;1;2;;;;;1
22/10/2014;16:38:00;108;sem vítima;297,87;BR-101/RJ;Norte;Choque - Defensa, barreira ou "submarino";1;1;;;;;1
30/10/2014;18:31:00;164;sem vítima;297;BR-101/RJ;Norte;Engavetamento;2;5;;;;;1
01/11/2014;13:29:00;116;sem vítima;297,7;BR-101/RJ;Sul;Engavetamento;2;6;;;;;1
20/11/2014;09:15:00;53;sem vítima;297;BR-101/RJ;Sul;Colisão Lateral;1;3;;;;;1
28/11/2014;07:41:00;38;sem vítima;297;BR-101/RJ;Norte;Colisão Lateral;1;2;;;;;1
01/12/2014;14:26:00;122;com vítima;297,913;BR-101/RJ;Norte;Tombamento;1;0;2;;;;1
08/12/2014;19:38:00;178;sem vítima;297,601;BR-101/RJ;Norte;Colisão Lateral;1;2;;;;;1
09/12/2014;10:25:00;75;sem vítima;297;BR-101/RJ;Norte;Colisão Lateral;1;4;;;;;1
10/12/2014;09:14:00;67;sem vítima;297;BR-101/RJ;Sul;Colisão Lateral;1;2;;;;;1
10/12/2014;16:23:00;130;sem vítima;297;BR-101/RJ;Norte;Outros - Sequência;2;3;;;;;1
12/12/2014;12:45:00;87;sem vítima;297;BR-101/RJ;Norte;Colisão Traseira;1;2;;;;;1
13/12/2014;09:53:00;74;sem vítima;297;BR-101/RJ;Norte;Colisão Lateral;1;3;;;;;1
16/12/2014;17:55:00;124;sem vítima;297;BR-101/RJ;Norte;Colisão Lateral;1;5;;;;;1
19/12/2014;16:23:00;141;sem vítima;297,247;BR-101/RJ;Sul;Engavetamento;1;3;;;;;1
20/12/2014;14:28:00;111;sem vítima;297;BR-101/RJ;Sul;Colisão Lateral;1;2;;;;;1
26/12/2014;14:19:00;92;sem vítima;297;BR-101/RJ;Sul;Colisão Lateral;1;3;;;;;1
26/12/2014;20:16:00;159;sem vítima;297;BR-101/RJ;Sul;Colisão Lateral;1;4;;;;;1
27/12/2014;10:19:00;53;sem vítima;297,85;BR-101/RJ;Norte;Outros - Sequência;2;3;;;;;1
30/12/2014;22:20:00;184;sem vítima;297;BR-101/RJ;Sul;Colisão Lateral;1;3;;;;;1
15/01/2015;13:22:00;97;sem vítima;297;BR-101/RJ;Norte;Colisão Lateral;1;2;;;;;1
17/01/2015;09:30:00;73;sem vítima;297,87;BR-101/RJ;Sul;Colisão Lateral;1;3;;;;;1
21/01/2015;10:49:00;79;sem vítima;297;BR-101/RJ;Norte;Colisão Traseira;1;4;;;;;1
29/01/2015;10:30:00;63;sem vítima;297;BR-101/RJ;Sul;Colisão Traseira;1;4;;;;;1
30/01/2015;15:37:00;143;sem vítima;297;BR-101/RJ;Norte;Colisão Lateral;1;2;;;;;1
04/02/2015;15:15:00;122;sem vítima;297;BR-101/RJ;Sul;Colisão Lateral;1;2;0;0;0;0;1
09/02/2015;13:08:00;101;sem vítima;297;BR-101/RJ;Sul;Colisão Lateral;1;2;0;0;0;0;1
11/02/2015;15:56:00;145;sem vítima;297;BR-101/RJ;Norte;Colisão Transversal;1;2;0;0;0;0;1
12/02/2015;18:18:00;195;sem vítima;297;BR-101/RJ;Norte;Colisão Traseira;1;2;0;0;0;0;1
12/02/2015;08:44:00;54;sem vítima;297,5;BR-101/RJ;Norte;Colisão Traseira;1;2;0;0;0;0;1
12/02/2015;08:57:00;56;sem vítima;297,5;BR-101/RJ;Norte;Colisão Traseira;1;4;0;0;0;0;1
13/02/2015;15:23:00;149;sem vítima;297;BR-101/RJ;Norte;Colisão Lateral;1;2;0;0;0;0;1
15/02/2015;11:06:00;71;sem vítima;297;BR-101/RJ;Norte;Colisão Lateral;1;2;0;0;0;0;1
31/03/2015;10:15:00;99;sem vítima;297;BR-101/RJ;Norte;Outros - Sequência;2;3;0;0;0;0;1
31/03/2015;13:44:00;140;sem vítima;297,3;BR-101/RJ;Sul;Colisão Lateral;1;2;0;0;0;0;1
02/04/2015;22:10:00;234;sem vítima;297;BR-101/RJ;Norte;Colisão Transversal;1;2;;;;;1
28/04/2015;18:55:00;169;sem vítima;297;BR-101/RJ;Sul;Colisão Lateral;1;3;;;;;1
05/05/2015;18:19:00;156;sem vítima;297;BR-101/RJ;Sul;Colisão Lateral;1;4;;;;;1
08/05/2015;16:35:00;162;sem vítima;297;BR-101/RJ;Norte;Colisão Lateral;1;2;;;;;1
15/05/2015;18:15:00;163;sem vítima;297;BR-101/RJ;Sul;Colisão Lateral;1;3;;;;;1
15/05/2015;18:52:00;168;sem vítima;297;BR-101/RJ;Norte;Colisão Lateral;1;3;;;;;1
27/05/2015;18:35:00;145;sem vítima;297;BR-101/RJ;Norte;Colisão Lateral;1;2;;;;;1
29/05/2015;17:41:00;138;sem vítima;297;BR-101/RJ;Norte;Colisão Lateral;1;2;;;;;1
29/05/2015;19:00:00;148;sem vítima;297;BR-101/RJ;Sul;Colisão Traseira;1;2;;;;;1
29/06/2015;13:29:00;150;sem vítima;297;BR-101/RJ;Norte;Colisão Lateral;1;3;;;;;1
02/07/2015;15:57:00;148;sem vítima;297;BR-101/RJ;Norte;Colisão Lateral;1;2;;;;;1
17/07/2015;19:16:00;204;sem vítima;297;BR-101/RJ;Norte;Colisão Lateral;1;2;;;;;1
21/07/2015;12:44:00;115;sem vítima;297,75;BR-101/RJ;Sul;Colisão Lateral;2;2;;;;;1
23/07/2015;13:47:00;133;sem vítima;297;BR-101/RJ;Norte;Colisão Lateral;1;2;;;;;1
06/08/2015;06:33:00;24;sem vítima;297,87;BR-101/RJ;Sul;Choque - Defensa, barreira ou "submarino";1;3;;;;;1
05/09/2015;16:40:00;153;sem vítima;297,6;BR-101/RJ;Norte;Colisão Transversal;1;2;;;;;1
14/09/2015;17:51:00;201;sem vítima;297;BR-101/RJ;Norte;Colisão Lateral;1;2;;;;;1
18/09/2015;11:48:00;147;sem vítima;297,75;BR-101/RJ;Sul;Colisão Traseira;1;3;;;;;1
20/09/2015;02:05:00;14;com vítima;297,733;BR-101/RJ;Norte;Colisão Traseira;1;1;;;3;;2
22/09/2015;09:10:00;66;sem vítima;297;BR-101/RJ;Norte;Colisão Lateral;1;3;;;;;1
05/10/2015;06:56:00;38;com vítima;297;BR-101/RJ;Sul;Colisão Traseira;1;1;1;;;;1
05/10/2015;08:57:00;70;sem vítima;297,3;BR-101/RJ;Sul;Colisão Traseira;2;2;;;;;1
10/10/2015;12:18:00;130;sem vítima;297,705;BR-101/RJ;Norte;Colisão Lateral;1;3;;;;;1
13/10/2015;17:38:00;189;sem vítima;297;BR-101/RJ;Norte;Colisão Traseira;1;3;;;;;1
13/10/2015;08:59:00;76;sem vítima;297,566;BR-101/RJ;Sul;Engavetamento;1;4;;;;;1
13/10/2015;12:54:00;127;sem vítima;297,571;BR-101/RJ;Norte;Colisão Lateral;1;8;;;;;1
17/10/2015;09:34:00;66;sem vítima;297,889;BR-101/RJ;Norte;Colisão Lateral;1;2;;;;;1