data;horario;n_da_ocorrencia;tipo_de_ocorrencia;km;trecho;sentido;tipo_de_acidente;caminhao;ilesos;levemente_feridos;moderadamente_feridos;gravemente_feridos;mortos;3
19/07/2012;21:41:00;192;sem vítima;304,627;BR-101/RJ;Sul;Colisão Traseira;2;3;;;;;1
15/10/2012;09:58:00;59;sem vítima;304;BR-101/RJ;Norte;Colisão Lateral;1;2;;;;;1
16/10/2012;02:53:00;12;com vítima;304,496;BR-101/RJ;Norte;Colisão Traseira;1;1;1;1;;;2
15/01/2013;23:21:00;191;sem vítima;304;BR-101/RJ;Sul;Saida de Pista;1;1;;;;;1
26/01/2013;12:47:00;97;com vítima;304,157;BR-101/RJ;Sul;Engavetamento;1;15;3;1;;;2
14/02/2013;22:56:00;260;com vítima;304;BR-101/RJ;Sul;Saida de Pista;1;0;;1;;;2
15/11/2013;20:05:00;199;com vítima;304;BR-101/RJ;Sul;Engavetamento;1;4;2;1;1;;2
08/01/2014;18:08:00;163;sem vítima;304,55;BR-101/RJ;Norte;Choque - Defensa, barreira ou "submarino";1;2;;;;;1
11/01/2014;14:33:00;138;sem vítima;304,318;BR-101/RJ;Norte;Colisão Traseira;1;6;;;;;1
16/10/2014;10:27:00;83;sem vítima;304;BR-101/RJ;Norte;Colisão Traseira;1;2;;;;;1
09/12/2014;05:43:00;21;sem vítima;304;BR-101/RJ;Sul;Engavetamento;1;7;;;;;1
08/06/2015;01:40:00;10;sem vítima;304,938;BR-101/RJ;Norte;Colisão Traseira;2;2;;;;;1
02/08/2015;21:53:00;176;com vítima;304;BR-101/RJ;Sul;Colisão Lateral;1;1;;1;;;2
25/03/2011;11:04:00;64;sem vítima;319;BR-101/RJ;Sul;Colisão Traseira;1;5;;;;;1
05/10/2011;02:48:00;7;sem vítima;305,29998779296875;BR-101/RJ;Norte;Atropelamento de Animal;1;1;;;;;1
07/12/2011;15:31:00;126;com vítima;305,70001220703125;BR-101/RJ;Norte;Choque - Outros;1;0;;1;;;2
12/07/2012;11:24:00;85;sem vítima;305,5;BR-101/RJ;Norte;Colisão Lateral;1;2;;;;;1
31/08/2012;03:01:00;10;sem vítima;305;BR-101/RJ;Norte;Atropelamento de Animal;1;1;;;;;1
04/10/2012;13:57:00;117;sem vítima;305,7;BR-101/RJ;Sul;Colisão Lateral;2;6;;;;;1
23/11/2012;18:44:00;185;sem vítima;305;BR-101/RJ;Norte;Colisão Traseira;1;6;;;;;1
06/03/2013;02:16:00;15;sem vítima;305,5;BR-101/RJ;Sul;Saida de Pista;1;1;;;;;1
09/04/2013;22:42:00;199;com vítima;305;BR-101/RJ;Sul;Saida de Pista;1;3;;2;;;2
31/05/2014;09:25:00;56;sem vítima;305,795;BR-101/RJ;Sul;Colisão Traseira;1;6;;;;;1
05/09/2015;01:09:00;8;sem vítima;305,873;BR-101/RJ;Norte;Colisão Traseira;1;5;;;;;1
02/02/2010;10:01:00;52;com vítima;306;BR-101/RJ;Norte;Colisão Traseira;1;1;1;;;;1
04/12/2010;16:10:00;138;com vítima;306;BR-101/RJ;Norte;Capotamento;1;2;;;1;;2
26/01/2011;02:54:00;11;com vítima;306;BR-101/RJ;Norte;Colisão Traseira;1;2;2;;;;1
25/03/2011;13:00:00;82;sem vítima;252;BR-101/RJ;Norte;Saida de Pista;1;3;;;;;1
25/03/2011;18:52:00;137;sem vítima;40;BR-101/RJ;Sul;Colisão Lateral;1;2;;;;;1
30/08/2011;03:43:00;8;sem vítima;306,0899963378906;BR-101/RJ;Norte;Colisão Traseira;1;2;;;;;1
11/09/2011;16:00:00;109;sem vítima;306;BR-101/RJ;Norte;Saida de Pista;1;4;;;;;1
01/06/2012;14:20:00;117;sem vítima;306;BR-101/RJ;Norte;Colisão Lateral;1;1;;;;;1
25/07/2012;03:25:00;14;sem vítima;306,8;BR-101/RJ;Norte;Colisão Traseira;2;3;;;;;1
04/10/2012;16:30:00;145;sem vítima;306;BR-101/RJ;Sul;Colisão Traseira;1;3;;;;;1
23/01/2013;15:21:00;127;sem vítima;306;BR-101/RJ;Norte;Colisão Lateral;1;2;;;;;1
21/02/2013;13:01:00;106;sem vítima;306;BR-101/RJ;Norte;Colisão Traseira;1;2;;;;;1
24/04/2013;16:46:00;146;sem vítima;306;BR-101/RJ;Norte;Colisão Lateral;1;2;;;;;1
28/04/2014;00:17:00;3;sem vítima;306,4;BR-101/RJ;Sul;Colisão Traseira;1;2;;;;;1
25/11/2014;03:21:00;17;sem vítima;306;BR-101/RJ;Sul;Choque - Suporte de Sinalização;1;1;;;;;1
24/01/2015;11:17:00;60;com vítima;306;BR-101/RJ;Sul;Colisão Traseira;1;1;;1;;;2
06/04/2010;09:54:00;60;sem vítima;307;BR-101/RJ;Norte;Saida de Pista;1;1;;;;;1
24/05/2010;19:31:00;186;sem vítima;307;BR-101/RJ;Norte;Colisão Traseira;1;2;;;;;1
23/10/2010;17:24:00;139;com vítima;307;BR-101/RJ;Norte;Atropelamento - Ciclista;1;2;;1;;;2
10/12/2010;23:48:00;216;com vítima;307;BR-101/RJ;Norte;Colisão Traseira;1;1;1;1;;;2
13/01/2011;03:03:00;13;com vítima;307;BR-101/RJ;Norte;Colisão Traseira;2;1;;1;;;2
22/01/2011;04:18:00;30;sem vítima;307;BR-101/RJ;Sul;Colisão Traseira;1;2;;;;;1
25/02/2011;15:13:00;132;sem vítima;307;BR-101/RJ;Sul;Colisão Traseira;2;2;;;;;1
06/05/2011;04:21:00;19;sem vítima;307;BR-101/RJ;Sul;Tombamento;2;2;;;;;1
08/05/2011;01:18:00;10;com vítima;307;BR-101/RJ;Sul;Colisão Traseira;1;1;2;;;;1
30/08/2011;11:06:00;88;sem vítima;307;BR-101/RJ;Norte;Colisão Traseira;1;4;;;;;1
04/11/2011;16:22:00;129;sem vítima;307;BR-101/RJ;Norte;Colisão Traseira;1;4;;;;;1
19/12/2011;03:18:00;24;sem vítima;307;BR-101/RJ;Norte;Colisão Traseira;2;2;;;;;1
28/03/2012;06:01:00;24;sem vítima;307,6;BR-101/RJ;Norte;Tombamento;1;1;;;;;1
04/04/2012;08:15:00;52;com vítima;307;BR-101/RJ;Norte;Colisão Traseira;1;3;1;;;;1
05/04/2012;13:56:00;111;sem vítima;307;BR-101/RJ;Sul;Engavetamento;1;2;;;;;1
20/06/2012;19:59:00;167;com vítima;307;BR-101/RJ;Norte;Engavetamento;1;56;;1;2;;2
16/10/2012;16:25:00;165;sem vítima;307;BR-101/RJ;Norte;Colisão Traseira;1;4;;;;;1
22/06/2013;02:10:00;14;com vítima;307,074;BR-101/RJ;Norte;Outros - Sequência;1;2;;1;;;2
11/07/2013;19:13:00;136;sem vítima;307,5;BR-101/RJ;Sul;Colisão Traseira;1;2;;;;;1
28/08/2013;00:43:00;6;sem vítima;307,564;BR-101/RJ;Norte;Colisão Lateral;1;3;;;;;1
12/11/2013;21:56:00;229;sem vítima;307;BR-101/RJ;Norte;Colisão Lateral;1;2;;;;;1
14/04/2014;16:24:00;130;com vítima;307,395;BR-101/RJ;Norte;Choque - Defensa, barreira ou "submarino";1;2;1;;;;1
12/08/2014;15:08:00;126;com vítima;307;BR-101/RJ;Norte;Engavetamento;1;3;1;;;;1
08/09/2014;15:29:00;130;com vítima;307,585;BR-101/RJ;Norte;Tombamento;1;4;1;1;;;2
08/01/2015;09:06:00;49;sem vítima;307;BR-101/RJ;Norte;Engavetamento;1;3;;;;;1
01/02/2015;22:44:00;146;sem vítima;307;BR-101/RJ;Sul;Colisão Lateral;1;2;0;0;0;0;1
25/09/2010;18:28:00;160;com vítima;308;BR-101/RJ;Norte;Colisão Lateral;1;1;1;;;;1
16/09/2011;21:52:00;183;com vítima;308,5;BR-101/RJ;Sul;Queda de Moto;1;1;;;1;1;3
23/03/2012;08:34:00;35;sem vítima;308;BR-101/RJ;Sul;Colisão Frontal;1;4;;;;;1
20/07/2012;20:02:00;175;sem vítima;308,1;BR-101/RJ;Norte;Colisão Traseira;1;4;;;;;1
09/08/2012;23:32:00;160;sem vítima;308;BR-101/RJ;Sul;Colisão Frontal;1;1;;;;;1
21/09/2012;16:02:00;130;sem vítima;308;BR-101/RJ;Norte;Colisão Traseira;1;3;;;;;1
10/01/2013;23:28:00;221;sem vítima;308;BR-101/RJ;Sul;Saida de Pista;1;1;;;;;1
28/02/2013;22:47:00;166;com vítima;308;BR-101/RJ;Norte;Atropelamento - Outros;1;2;;1;;;2
08/06/2013;00:49:00;7;com vítima;308;BR-101/RJ;Norte;Queda de Moto;1;3;;1;;;2
17/08/2013;23:46:00;178;sem vítima;308;BR-101/RJ;Norte;Colisão Traseira;1;2;;;;;1
04/06/2014;04:33:00;16;com vítima;308,36;BR-101/RJ;Sul;Colisão Lateral;1;11;1;1;;;2
21/10/2014;15:29:00;113;sem vítima;308;BR-101/RJ;Norte;Colisão Traseira;1;2;;;;;1
20/01/2015;00:50:00;5;sem vítima;308;BR-101/RJ;Norte;Colisão Traseira;1;4;;;;;1
02/03/2015;13:03:00;97;sem vítima;308;BR-101/RJ;Norte;Saida de Pista;1;1;0;0;0;0;1
26/03/2015;23:28:00;200;sem vítima;308;BR-101/RJ;Norte;Colisão Traseira;1;2;0;0;0;0;1
26/03/2015;23:40:00;204;com vítima;308,5;BR-101/RJ;Norte;Outros - Sequência;1;4;6;0;0;0;1
05/10/2015;06:14:00;26;sem vítima;308,978;BR-101/RJ;Sul;Colisão Traseira;1;7;;;;;1
26/11/2015;16:00:00;155;sem vítima;308,33;BR-101/RJ;Sul;Colisão Traseira;1;18;;;;;1
09/05/2010;03:19:00;15;sem vítima;309;BR-101/RJ;Sul;Colisão Lateral;1;4;;;;;1
18/05/2010;09:05:00;46;sem vítima;309;BR-101/RJ;Norte;Engavetamento;1;3;;;;;1
09/02/2011;16:39:00;122;com vítima;309;BR-101/RJ;Sul;Atropelamento - Morador;1;1;;;1;1;3
11/06/2011;19:24:00;175;sem vítima;309;BR-101/RJ;Norte;Colisão Traseira;1;6;;;;;1
29/08/2011;07:06:00;36;sem vítima;309,11199951171875;BR-101/RJ;Sul;Atropelamento de Animal;1;1;;;;;1
16/12/2011;20:06:00;210;sem vítima;309;BR-101/RJ;Sul;Saida de Pista;1;1;;;;;1
01/02/2012;10:44:00;62;com vítima;309;BR-101/RJ;Norte;Colisão Traseira;1;2;1;;;;1
09/08/2012;10:20:00;68;sem vítima;309;BR-101/RJ;Norte;Colisão Lateral;1;2;;;;;1
21/03/2013;15:09:00;148;sem vítima;309,05;BR-101/RJ;Norte;Tombamento;1;1;;;;;1
11/07/2013;12:43:00;90;com vítima;309,7;BR-101/RJ;Norte;Colisão Traseira;1;3;1;;;;1
09/08/2013;15:46:00;113;sem vítima;309,45;BR-101/RJ;Norte;Colisão Traseira;2;3;;;;;1
22/08/2013;09:36:00;65;com vítima;309;BR-101/RJ;Norte;Engavetamento;1;6;;1;;;2
28/08/2013;13:46:00;93;sem vítima;309;BR-101/RJ;Norte;Colisão Lateral;1;3;;;;;1
20/09/2013;06:16:00;21;sem vítima;309,505;BR-101/RJ;Sul;Colisão Traseira;1;6;;;;;1
18/10/2013;14:05:00;97;sem vítima;309,374;BR-101/RJ;Norte;Engavetamento;1;6;;;;;1
14/12/2013;22:52:00;223;sem vítima;309;BR-101/RJ;Norte;Colisão Traseira;1;3;;;;;1
17/12/2013;22:38:00;201;sem vítima;309;BR-101/RJ;Norte;Colisão Traseira;2;2;;;;;1
04/02/2014;07:50:00;38;sem vítima;309;BR-101/RJ;Norte;Engavetamento;1;6;;;;;1
07/02/2014;11:08:00;83;com vítima;309,5;BR-101/RJ;Norte;Colisão Traseira;1;2;1;1;;;2
21/02/2014;17:25:00;182;sem vítima;309;BR-101/RJ;Norte;Colisão Traseira;1;2;;;;;1
11/03/2014;03:03:00;9;sem vítima;309;BR-101/RJ;Sul;Colisão Traseira;1;2;;;;;1
26/11/2014;21:56:00;193;sem vítima;309;BR-101/RJ;Sul;Colisão Lateral;2;4;;;;;1
05/06/2015;14:57:00;105;com vítima;309;BR-101/RJ;Sul;Engavetamento;1;10;1;;;;1
21/06/2015;14:33:00;97;sem vítima;309;BR-101/RJ;Norte;Colisão Lateral;2;6;;;;;1
23/11/2015;06:40:00;91;sem vítima;309,3;BR-101/RJ;Sul;Colisão Lateral;1;2;;;;;1
28/12/2015;04:37:00;31;sem vítima;309;BR-101/RJ;Norte;Choque - Elemento de Drenagem;1;1;;;;;1
07/02/2010;03:39:00;20;com vítima;310;BR-101/RJ;Norte;Colisão Traseira;1;3;2;;;;1
02/10/2010;11:03:00;74;sem vítima;310;BR-101/RJ;Norte;Colisão Traseira;1;3;;;;;1
06/10/2010;07:18:00;36;sem vítima;310;BR-101/RJ;Sul;Colisão Lateral;1;2;;;;;1
22/11/2010;22:25:00;208;sem vítima;310;BR-101/RJ;Norte;Colisão Traseira;1;3;;;;;1
14/12/2010;16:33:00;140;sem vítima;310,5;BR-101/RJ;Sul;Saida de Pista;1;1;;;;;1
26/03/2011;05:26:00;37;com vítima;25;BR-101/RJ;Norte;Colisão Lateral;1;1;;1;;;2
28/06/2011;09:46:00;53;com vítima;310;BR-101/RJ;Sul;Colisão Traseira;2;6;1;;;;1
09/04/2012;09:50:00;78;sem vítima;310;BR-101/RJ;Sul;Colisão Lateral;1;2;;;;;1
19/04/2012;16:33:00;120;sem vítima;310;BR-101/RJ;Norte;Outros - Sequência;1;4;;;;;1
24/05/2012;00:31:00;2;sem vítima;310;BR-101/RJ;Norte;Colisão Lateral;1;3;;;;;1
20/09/2012;16:18:00;116;sem vítima;310;BR-101/RJ;Sul;Colisão Lateral;1;5;;;;;1
27/09/2012;23:14:00;202;sem vítima;310;BR-101/RJ;Norte;Colisão Traseira;2;2;;;;;1
26/10/2012;03:35:00;21;sem vítima;310;BR-101/RJ;Sul;Colisão Lateral;1;2;;;;;1
07/12/2012;03:36:00;18;com vítima;310,681;BR-101/RJ;Sul;Saida de Pista;1;0;;2;;;2
09/03/2013;10:24:00;85;sem vítima;310;BR-101/RJ;Sul;Colisão Lateral;1;2;;;;;1
02/04/2013;11:41:00;85;com vítima;310;BR-101/RJ;Sul;Colisão Lateral;1;1;;1;;;2
11/09/2013;15:41:00;96;sem vítima;310,245;BR-101/RJ;Norte;Saida de Pista;1;1;;;;;1
03/05/2014;04:09:00;17;sem vítima;310;BR-101/RJ;Sul;Colisão Traseira;1;47;;;;;1
01/08/2014;23:14:00;202;com vítima;310;BR-101/RJ;Sul;Saida de Pista;1;4;1;;;;1
14/09/2014;23:16:00;201;sem vítima;310;BR-101/RJ;Sul;Outros - Sequência;2;6;;;;;1
29/12/2014;11:40:00;78;sem vítima;310;BR-101/RJ;Norte;Engavetamento;1;4;;;;;1
28/01/2015;22:45:00;189;com vítima;310;BR-101/RJ;Sul;Colisão Traseira;2;1;2;;;;1
12/11/2015;16:59:00;164;sem vítima;310,219;BR-101/RJ;Norte;Colisão Traseira;1;3;;;;;1
23/11/2015;18:39:00;193;com vítima;310,147;BR-101/RJ;Sul;Colisão Traseira;1;1;;1;;;2
25/10/2010;16:54:00;160;sem vítima;311;BR-101/RJ;Norte;Colisão Traseira;1;34;;;;;1
26/03/2011;18:27:00;160;com vítima;295;BR-101/RJ;Norte;Capotamento;1;1;;1;;;2
26/03/2011;20:09:00;173;sem vítima;83;BR-101/RJ;Norte;Colisão Lateral;1;2;;;;;1
02/06/2011;02:02:00;7;sem vítima;311;BR-101/RJ;Norte;Objeto lançado contra veículo;1;3;;;;;1
12/11/2011;11:55:00;104;sem vítima;311;BR-101/RJ;Norte;Colisão Lateral;1;2;;;;;1
06/12/2011;18:22:00;187;com vítima;311;BR-101/RJ;Sul;Colisão Traseira;1;2;1;2;;;2
27/07/2012;10:19:00;67;sem vítima;311;BR-101/RJ;Sul;Colisão Traseira;1;2;;;;;1
04/08/2012;05:21:00;27;sem vítima;311,465;BR-101/RJ;Sul;Saida de Pista;1;1;;;;;1
28/03/2013;23:01:00;237;sem vítima;311,12;BR-101/RJ;Norte;Engavetamento;1;9;;;;;1
19/11/2013;12:47:00;108;sem vítima;311,615;BR-101/RJ;Norte;Colisão Traseira;1;3;;;;;1
30/11/2013;21:22:00;220;sem vítima;311;BR-101/RJ;Norte;Colisão Lateral;1;3;;;;;1
10/02/2014;15:53:00;143;com vítima;311;BR-101/RJ;Norte;Atropelamento - Funcionário;1;1;;1;;;2
02/09/2014;16:24:00;120;com vítima;311,152;BR-101/RJ;Sul;Colisão Traseira;1;1;1;;;;1
01/10/2014;23:21:00;158;com vítima;311,299;BR-101/RJ;Norte;Capotamento;1;1;;;1;;2
15/04/2015;11:39:00;106;sem vítima;311;BR-101/RJ;Norte;Colisão Lateral;1;3;;;;;1
15/03/2010;23:33:00;223;sem vítima;312;BR-101/RJ;Norte;Colisão Lateral;1;3;;;;;1
20/03/2010;03:47:00;16;com vítima;312;BR-101/RJ;Sul;Colisão Traseira;1;3;1;2;;;2
26/07/2010;08:42:00;56;sem vítima;312,5;BR-101/RJ;Sul;Colisão Traseira;1;3;;;;;1
10/01/2011;18:22:00;188;sem vítima;312;BR-101/RJ;Norte;Colisão Traseira;1;4;;;;;1
26/03/2011;20:39:00;178;sem vítima;44;BR-101/RJ;Norte;Choque - Veiculo parado no acostamento;2;2;;;;;1
09/05/2011;16:46:00;132;com vítima;312;BR-101/RJ;Norte;Colisão Lateral;1;1;1;1;;;2
12/11/2011;12:48:00;120;com vítima;312;BR-101/RJ;Sul;Outros - Sequência;1;3;1;;;;1
02/01/2012;09:29:00;60;sem vítima;312;BR-101/RJ;Norte;Colisão Traseira;1;6;;;;;1
23/03/2012;05:58:00;14;com vítima;312,2;BR-101/RJ;Norte;Tombamento;1;0;;2;;;2
04/04/2012;23:25:00;208;com vítima;312;BR-101/RJ;Sul;Atropelamento - Funcionário;1;1;;;;1;3
12/04/2012;21:21:00;192;com vítima;312,9;BR-101/RJ;Sul;Colisão Lateral;1;3;1;1;;;2
05/09/2012;10:02:00;89;sem vítima;312;BR-101/RJ;Sul;Colisão Traseira;1;6;;;;;1
26/09/2012;01:06:00;8;com vítima;312,077;BR-101/RJ;Sul;Saida de Pista;1;0;;1;;;2
27/09/2012;15:47:00;149;sem vítima;312,838;BR-101/RJ;Sul;Colisão Traseira;1;5;;;;;1
08/12/2012;00:04:00;2;sem vítima;312,5;BR-101/RJ;Norte;Colisão Traseira;1;3;;;;;1
26/06/2013;18:17:00;143;sem vítima;312;BR-101/RJ;Norte;Colisão Lateral;1;3;;;;;1
06/01/2014;15:02:00;110;sem vítima;312,8;BR-101/RJ;Sul;Colisão Traseira;2;3;;;;;1
03/02/2014;02:59:00;13;sem vítima;312;BR-101/RJ;Sul;Colisão Lateral;1;2;;;;;1
26/08/2014;09:41:00;63;sem vítima;312;BR-101/RJ;Sul;Colisão Traseira;1;2;;;;;1
26/08/2014;09:41:00;57;sem vítima;312,8;BR-101/RJ;Sul;Engavetamento;2;4;;;;;1
29/04/2015;14:37:00;126;sem vítima;312;BR-101/RJ;Sul;Choque - Defensa, barreira ou "submarino";1;2;;;;;1
27/12/2015;19:43:00;198;sem vítima;312;BR-101/RJ;Sul;Colisão Lateral;1;2;;;;;1
25/05/2010;06:33:00;26;com vítima;313;BR-101/RJ;Sul;Colisão Traseira;1;0;5;3;;;2
08/08/2010;03:58:00;21;com vítima;313;BR-101/RJ;Norte;Colisão Traseira;1;3;;;;1;3
16/08/2010;13:37:00;102;com vítima;313;BR-101/RJ;Sul;Colisão Transversal;1;1;1;;;;1
25/09/2010;03:33:00;15;com vítima;313;BR-101/RJ;Norte;Colisão Traseira;2;1;2;3;;;2
03/02/2011;18:06:00;155;sem vítima;313;BR-101/RJ;Sul;Colisão Traseira;1;4;;;;;1
13/05/2011;03:19:00;10;sem vítima;313;BR-101/RJ;Norte;Colisão Traseira;1;2;;;;;1
10/06/2011;02:14:00;7;com vítima;313;BR-101/RJ;Norte;Saida de Pista;1;0;;1;;;2
28/06/2011;12:23:00;84;sem vítima;313,20001220703125;BR-101/RJ;Norte;Saida de Pista;1;2;;;;;1
14/09/2011;07:58:00;35;sem vítima;313;BR-101/RJ;Norte;Colisão Lateral;1;2;;;;;1
26/09/2011;17:47:00;153;sem vítima;313;BR-101/RJ;Norte;Colisão Lateral;1;2;;;;;1
18/10/2011;10:02:00;72;sem vítima;313,8999938964844;BR-101/RJ;Sul;Colisão Traseira;1;6;;;;;1
03/12/2011;00:56:00;7;com vítima;313;BR-101/RJ;Sul;Saida de Pista;2;2;;1;;;2
03/12/2011;02:41:00;17;sem vítima;313;BR-101/RJ;Sul;Colisão Traseira;1;5;;;;;1
14/05/2012;06:43:00;27;sem vítima;313;BR-101/RJ;Sul;Colisão Traseira;1;2;;;;;1
12/06/2012;16:00:00;167;sem vítima;313;BR-101/RJ;Norte;Colisão Lateral;1;2;;;;;1
12/07/2012;18:16:00;155;sem vítima;313;BR-101/RJ;Norte;Colisão Lateral;1;3;;;;;1
11/10/2012;13:46:00;130;sem vítima;313;BR-101/RJ;Norte;Colisão Transversal;2;2;;;;;1
18/12/2012;16:14:00;145;sem vítima;313;BR-101/RJ;Sul;Colisão Lateral;2;2;;;;;1
18/01/2013;06:35:00;28;sem vítima;313;BR-101/RJ;Norte;Colisão Lateral;1;2;;;;;1
05/02/2013;18:21:00;128;sem vítima;313;BR-101/RJ;Norte;Colisão Traseira;1;2;;;;;1
11/04/2013;00:30:00;4;sem vítima;313;BR-101/RJ;Norte;Choque - Veiculo parado no acostamento;1;2;;;;;1
06/06/2013;06:20:00;19;sem vítima;313;BR-101/RJ;Sul;Engavetamento;1;3;;;;;1
10/06/2013;17:56:00;141;com vítima;313,37;BR-101/RJ;Sul;Colisão Traseira;1;4;;1;;;2
24/01/2014;16:20:00;115;sem vítima;313;BR-101/RJ;Sul;Colisão Lateral;2;2;;;;;1
26/03/2014;12:23:00;103;sem vítima;313;BR-101/RJ;Sul;Colisão Lateral;1;4;;;;;1
24/04/2014;08:31:00;56;sem vítima;313,82;BR-101/RJ;Sul;Colisão Traseira;1;3;;;;;1
04/12/2014;06:16:00;24;sem vítima;313;BR-101/RJ;Sul;Colisão Traseira;1;3;;;;;1
31/01/2015;13:04:00;78;sem vítima;313;BR-101/RJ;Norte;Colisão Traseira;1;2;;;;;1
31/08/2015;11:15:00;106;sem vítima;313;BR-101/RJ;Norte;Colisão Lateral;1;2;;;;;1
10/10/2015;11:17:00;113;sem vítima;313,539;BR-101/RJ;Norte;Colisão Traseira;1;4;;;;;1
10/05/2010;21:20:00;195;sem vítima;314;BR-101/RJ;Norte;Colisão Lateral;1;2;;;;;1
08/07/2010;02:45:00;11;sem vítima;314;BR-101/RJ;Sul;Colisão Lateral;1;4;;;;;1
23/11/2010;23:36:00;211;sem vítima;314;BR-101/RJ;Sul;Colisão Traseira;2;7;;;;;1
07/02/2011;10:13:00;90;sem vítima;314;BR-101/RJ;Sul;Colisão Traseira;1;3;;;;;1
14/06/2011;01:37:00;7;com vítima;314;BR-101/RJ;Norte;Tombamento;1;0;1;;;;1
28/10/2011;14:11:00;95;com vítima;314;BR-101/RJ;Sul;Saida de Pista;1;0;;1;;;2
02/12/2011;16:44:00;151;com vítima;314,8999938964844;BR-101/RJ;Sul;Saida de Pista;1;1;;2;;1;3
13/01/2012;03:33:00;16;com vítima;314;BR-101/RJ;Norte;Colisão Traseira;3;2;;1;;;2
12/06/2012;20:26:00;216;sem vítima;314;BR-101/RJ;Sul;Colisão Traseira;1;5;;;;;1
10/07/2012;12:10:00;81;com vítima;314;BR-101/RJ;Norte;Colisão Lateral;1;1;1;;;;1
24/07/2012;05:49:00;17;sem vítima;314;BR-101/RJ;Sul;Colisão Traseira;1;6;;;;;1
08/08/2012;21:08:00;164;sem vítima;314;BR-101/RJ;Sul;Colisão Traseira;1;3;;;;;1
19/10/2012;11:47:00;91;sem vítima;314;BR-101/RJ;Sul;Colisão Traseira;1;2;;;;;1
03/01/2013;08:18:00;65;com vítima;314,1;BR-101/RJ;Sul;Colisão Lateral;1;1;;1;;;2
03/01/2013;03:59:00;24;sem vítima;314,2;BR-101/RJ;Sul;Saida de Pista;1;1;;;;;1
16/07/2013;02:47:00;18;com vítima;314,444;BR-101/RJ;Norte;Tombamento;1;0;1;;;;1
28/01/2014;21:30:00;199;sem vítima;314,899;BR-101/RJ;Sul;Engavetamento;1;5;;;;;1
20/03/2014;21:08:00;205;sem vítima;314;BR-101/RJ;Norte;Colisão Lateral;1;4;;;;;1
04/09/2014;07:31:00;23;com vítima;314,74;BR-101/RJ;Norte;Tombamento;1;0;;2;;;2
06/10/2014;01:05:00;12;sem vítima;314;BR-101/RJ;Norte;Colisão Transversal;1;5;;;;;1
26/01/2015;13:57:00;116;sem vítima;314,35;BR-101/RJ;Sul;Colisão Traseira;1;4;;;;;1
01/04/2015;06:00:00;22;sem vítima;314;BR-101/RJ;Sul;Engavetamento;1;4;;;;;1
09/03/2010;16:23:00;149;sem vítima;315;BR-101/RJ;Norte;Colisão Frontal;1;2;;;;;1
14/04/2010;23:43:00;187;sem vítima;315;BR-101/RJ;Sul;Capotamento;1;3;;;;;1
11/11/2011;15:56:00;127;sem vítima;315,1000061035156;BR-101/RJ;Norte;Colisão Traseira;1;4;;;;;1
19/11/2011;16:38:00;89;com vítima;315,1000061035156;BR-101/RJ;Sul;Colisão Traseira;1;1;;;;1;3
29/11/2011;09:46:00;68;sem vítima;315;BR-101/RJ;Sul;Colisão Traseira;1;4;;;;;1
21/08/2012;09:11:00;51;sem vítima;315,5;BR-101/RJ;Sul;Colisão Traseira;1;3;;;;;1
21/08/2012;22:06:00;167;sem vítima;315,6;BR-101/RJ;Sul;Colisão Traseira;2;2;;;;;1
01/09/2012;06:20:00;34;sem vítima;315;BR-101/RJ;Sul;Colisão Traseira;2;3;;;;;1
29/09/2012;16:21:00;131;com vítima;315;BR-101/RJ;Norte;Colisão Traseira;1;2;1;1;;;2
03/07/2013;21:36:00;154;sem vítima;315;BR-101/RJ;Norte;Saida de Pista;1;1;;;;;1
07/10/2013;18:26:00;132;sem vítima;315;BR-101/RJ;Norte;Colisão Traseira;1;3;;;;;1
09/10/2013;22:23:00;177;sem vítima;315;BR-101/RJ;Norte;Colisão Traseira;1;3;;;;;1
25/11/2013;17:11:00;131;com vítima;315;BR-101/RJ;Norte;Outros - Sequência;1;3;1;;;;1
03/01/2014;14:47:00;142;sem vítima;315,863;BR-101/RJ;Sul;Colisão Traseira;1;3;;;;;1
17/01/2014;23:37:00;194;sem vítima;315,33;BR-101/RJ;Norte;Engavetamento;1;9;;;;;1
22/09/2014;06:40:00;27;sem vítima;315;BR-101/RJ;Sul;Colisão Traseira;1;6;;;;;1
27/09/2014;02:10:00;14;sem vítima;315;BR-101/RJ;Norte;Colisão Traseira;1;2;;;;;1
03/10/2014;16:43:00;144;sem vítima;315,115;BR-101/RJ;Norte;Colisão Traseira;1;2;;;;;1
19/02/2015;18:11:00;174;sem vítima;315;BR-101/RJ;Norte;Saida de Pista;1;1;0;0;0;0;1
05/10/2015;10:14:00;87;com vítima;315,657;BR-101/RJ;Sul;Colisão Traseira;1;1;1;;;;1
09/02/2010;12:55:00;98;sem vítima;316;BR-101/RJ;Norte;Choque - Outros;1;2;;;;;1
13/03/2010;06:52:00;33;com vítima;316;BR-101/RJ;Sul;Colisão Traseira;1;1;;;1;;2
16/04/2010;12:32:00;76;com vítima;316;BR-101/RJ;Norte;Choque - Objeto sobre a pista;1;1;1;;;;1
23/06/2010;01:58:00;7;com vítima;316;BR-101/RJ;Norte;Colisão Traseira;2;1;;;1;;2
25/01/2011;17:19:00;157;sem vítima;316;BR-101/RJ;Sul;Colisão Lateral;1;2;;;;;1
16/05/2011;07:09:00;26;sem vítima;316;BR-101/RJ;Sul;Colisão Lateral;1;2;;;;;1
06/06/2011;13:01:00;105;com vítima;316;BR-101/RJ;Sul;Colisão Traseira;1;1;;1;;;2