data;horario;n_da_ocorrencia;tipo_de_ocorrencia;km;trecho;sentido;tipo_de_acidente;caminhao;ilesos;levemente_feridos;moderadamente_feridos;gravemente_feridos;mortos;3
29/04/2011;16:48:00;139;sem vítima;320;BR-101/RJ;Norte;Colisão Traseira;1;2;;;;;1
29/04/2011;19:46:00;168;sem vítima;298;BR-101/RJ;Norte;Colisão Lateral;1;2;;;;;1
29/04/2011;20:49:00;179;com vítima;34;BR-101/RJ;Sul;Atropelamento - Andarilho;1;1;;;;1;3
01/07/2011;10:06:00;69;sem vítima;252;BR-101/RJ;Norte;Choque - Outros;1;1;;;;;1
01/07/2011;11:26:00;90;sem vítima;252;BR-101/RJ;Sul;Choque - Defensa, barreira ou "submarino";1;1;;;;;1
01/07/2011;18:58:00;172;sem vítima;78,31500244140625;BR-101/RJ;Norte;Colisão Traseira;1;2;;;;;1
01/07/2011;23:10:00;206;sem vítima;320;BR-101/RJ;Norte;Colisão Lateral;1;4;;;;;1
02/07/2011;06:04:00;25;com vítima;52,400001525878906;BR-101/RJ;Sul;Colisão Frontal;1;3;;;;1;3
03/07/2011;06:46:00;16;sem vítima;285;BR-101/RJ;Norte;Choque - Defensa, barreira ou "submarino";1;1;;;;;1
03/07/2011;06:50:00;17;sem vítima;123;BR-101/RJ;Norte;Colisão Traseira;1;25;;;;;1
03/07/2011;11:59:00;58;sem vítima;262,8999938964844;BR-101/RJ;Norte;Colisão Traseira;1;7;;;;;1
04/07/2011;06:55:00;18;sem vítima;180,1999969482422;BR-101/RJ;Sul;Saida de Pista;1;1;;;;;1
04/07/2011;09:21:00;48;com vítima;225,2100067138672;BR-101/RJ;Sul;Colisão Frontal;2;2;2;;;;1
04/07/2011;11:23:00;71;sem vítima;180;BR-101/RJ;Sul;Colisão Traseira;1;5;;;;;1
04/07/2011;14:29:00;94;sem vítima;289;BR-101/RJ;Sul;Colisão Lateral;1;3;;;;;1
04/07/2011;17:28:00;121;sem vítima;320;BR-101/RJ;Norte;Colisão Traseira;1;3;;;;;1
05/07/2011;07:21:00;24;sem vítima;313;BR-101/RJ;Sul;Colisão Traseira;1;2;;;;;1
05/07/2011;08:56:00;41;com vítima;82,69999694824219;BR-101/RJ;Sul;Saida de Pista;1;0;2;2;;;2
05/07/2011;14:20:00;81;sem vítima;123;BR-101/RJ;Norte;Colisão Traseira;1;3;;;;;1
05/07/2011;18:07:00;119;sem vítima;297;BR-101/RJ;Sul;Colisão Traseira;1;2;;;;;1
05/07/2011;18:30:00;122;sem vítima;297;BR-101/RJ;Norte;Colisão Lateral;1;3;;;;;1
05/07/2011;19:59:00;134;sem vítima;59;BR-101/RJ;Sul;Colisão Traseira;1;2;;;;;1
05/07/2011;21:19:00;142;sem vítima;63,02899932861328;BR-101/RJ;Norte;Tombamento;1;2;;;;;1
06/07/2011;10:32:00;72;sem vítima;287;BR-101/RJ;Norte;Colisão Traseira;1;3;;;;;1
06/07/2011;18:21:00;166;sem vítima;310;BR-101/RJ;Norte;Colisão Traseira;1;3;;;;;1
06/07/2011;22:49:00;203;sem vítima;297;BR-101/RJ;Norte;Colisão Lateral;1;2;;;;;1
07/07/2011;01:17:00;2;sem vítima;229,89999389648438;BR-101/RJ;Sul;Saida de Pista;1;1;;;;;1
07/07/2011;01:46:00;3;sem vítima;301;BR-101/RJ;Sul;Colisão Traseira;1;2;;;;;1
07/07/2011;06:25:00;12;sem vítima;300;BR-101/RJ;Sul;Colisão Traseira;1;4;;;;;1
07/07/2011;14:18:00;74;sem vítima;63;BR-101/RJ;Norte;Colisão Lateral;1;3;;;;;1
07/07/2011;17:16:00;96;com vítima;97,45999908447266;BR-101/RJ;Sul;Colisão Frontal;1;1;;1;;1;3
07/07/2011;21:19:00;116;com vítima;124,33499908447266;BR-101/RJ;Sul;Colisão Traseira;1;2;3;;;;1
07/07/2011;21:46:00;118;com vítima;150;BR-101/RJ;Sul;Colisão Lateral;1;1;3;;;;1
08/07/2011;01:00:00;8;sem vítima;252;BR-101/RJ;Sul;Colisão Traseira;2;2;;;;;1
08/07/2011;18:04:00;144;sem vítima;297;BR-101/RJ;Norte;Colisão Lateral;1;6;;;;;1
08/07/2011;19:06:00;164;sem vítima;297,5;BR-101/RJ;Norte;Colisão Lateral;1;4;;;;;1
09/07/2011;05:47:00;27;com vítima;294,79998779296875;BR-101/RJ;Sul;Colisão Frontal;1;6;;1;1;1;3
09/07/2011;23:22:00;169;com vítima;92;BR-101/RJ;Sul;Colisão Traseira;1;1;;2;;;2
10/07/2011;10:14:00;37;com vítima;272,70001220703125;BR-101/RJ;Sul;Saida de Pista;1;1;;1;;;2
12/07/2011;08:59:00;58;sem vítima;210;BR-101/RJ;Sul;Colisão Lateral;1;2;;;;;1
12/07/2011;10:24:00;86;sem vítima;84,9000015258789;BR-101/RJ;Norte;Tombamento;1;2;;;;;1
12/07/2011;15:18:00;152;sem vítima;214;BR-101/RJ;Sul;Colisão Lateral;1;2;;;;;1
12/07/2011;16:19:00;159;sem vítima;174,5;BR-101/RJ;Norte;Colisão Traseira;2;4;;;;;1
13/07/2011;00:04:00;2;sem vítima;75;BR-101/RJ;Sul;Colisão Traseira;1;2;;;;;1
13/07/2011;09:32:00;49;sem vítima;320;BR-101/RJ;Sul;Colisão Lateral;1;5;;;;;1
13/07/2011;11:50:00;112;sem vítima;319;BR-101/RJ;Sul;Colisão Lateral;1;2;;;;;1
13/07/2011;23:33:00;194;sem vítima;40;BR-101/RJ;Sul;Colisão Traseira;2;2;;;;;1
14/07/2011;04:27:00;12;sem vítima;293;BR-101/RJ;Norte;Tombamento;1;1;;;;;1
14/07/2011;09:20:00;49;com vítima;188;BR-101/RJ;Sul;Colisão Traseira;2;6;1;;;;1
14/07/2011;23:28:00;187;com vítima;173,6999969482422;BR-101/RJ;Sul;Colisão Traseira;2;1;1;;;;1
15/07/2011;02:28:00;6;sem vítima;305;BR-101/RJ;Sul;Outros;1;1;;;;;1
15/07/2011;18:02:00;164;sem vítima;297;BR-101/RJ;Norte;Colisão Traseira;1;6;;;;;1
15/07/2011;18:06:00;165;sem vítima;193;BR-101/RJ;Sul;Colisão Lateral;1;2;;;;;1
15/07/2011;20:35:00;197;sem vítima;201;BR-101/RJ;Sul;Colisão Traseira;2;2;;;;;1
16/07/2011;09:42:00;64;sem vítima;125;BR-101/RJ;Norte;Colisão Lateral;1;2;;;;;1
16/07/2011;12:44:00;96;com vítima;243;BR-101/RJ;Sul;Colisão Traseira;1;5;2;1;;;2
16/07/2011;13:04:00;101;sem vítima;275;BR-101/RJ;Sul;Colisão Lateral;1;2;;;;;1
18/07/2011;06:22:00;16;com vítima;49,400001525878906;BR-101/RJ;Norte;Tombamento;1;0;;;1;;2
18/07/2011;10:42:00;76;sem vítima;123;BR-101/RJ;Sul;Colisão Traseira;1;2;;;;;1
18/07/2011;19:11:00;173;com vítima;232,39999389648438;BR-101/RJ;Sul;Queda de Moto;1;1;2;;;;1
19/07/2011;09:43:00;51;sem vítima;194;BR-101/RJ;Norte;Colisão Traseira;1;4;;;;;1
19/07/2011;10:42:00;62;sem vítima;297;BR-101/RJ;Norte;Colisão Lateral;1;3;;;;;1
19/07/2011;23:47:00;171;sem vítima;261;BR-101/RJ;Sul;Tombamento;1;1;;;;;1
20/07/2011;01:03:00;6;sem vítima;177;BR-101/RJ;Sul;Colisão Lateral;4;4;;;;;1
20/07/2011;04:49:00;18;com vítima;105;BR-101/RJ;Norte;Objeto lançado contra veículo;1;1;4;;;;1
20/07/2011;06:55:00;30;com vítima;92;BR-101/RJ;Sul;Tombamento;1;2;1;1;1;;2
20/07/2011;19:45:00;166;sem vítima;297;BR-101/RJ;Norte;Colisão Lateral;1;3;;;;;1
21/07/2011;05:58:00;22;sem vítima;297;BR-101/RJ;Norte;Colisão Traseira;1;3;;;;;1
21/07/2011;10:47:00;84;sem vítima;286,1000061035156;BR-101/RJ;Sul;Colisão Traseira;2;2;;;;;1
21/07/2011;21:03:00;186;com vítima;268,5;BR-101/RJ;Sul;Engavetamento;1;3;2;;;;1
22/07/2011;00:04:00;1;sem vítima;133,10000610351562;BR-101/RJ;Sul;Tombamento;1;2;;;;;1
22/07/2011;08:32:00;42;com vítima;246,3000030517578;BR-101/RJ;Norte;Colisão Frontal;1;0;;;1;4;3
22/07/2011;12:21:00;81;sem vítima;120,8499984741211;BR-101/RJ;Norte;Colisão Lateral;1;7;;;;;1
22/07/2011;12:44:00;84;com vítima;190;BR-101/RJ;Sul;Colisão Transversal;1;1;1;;;;1
22/07/2011;15:17:00;112;sem vítima;320;BR-101/RJ;Norte;Colisão Traseira;1;3;;;;;1
22/07/2011;18:45:00;147;sem vítima;63;BR-101/RJ;Norte;Colisão Lateral;1;2;;;;;1
22/07/2011;21:14:00;174;sem vítima;4;BR-101/RJ;Sul;Choque - Outros;1;5;;;;;1
23/07/2011;07:30:00;36;com vítima;276,9150085449219;BR-101/RJ;Sul;Colisão Traseira;1;3;;;;1;3
23/07/2011;08:03:00;45;sem vítima;283,5;BR-101/RJ;Norte;Tombamento;1;3;;;;;1
23/07/2011;13:14:00;106;sem vítima;224;BR-101/RJ;Sul;Colisão Lateral;1;5;;;;;1
23/07/2011;20:23:00;188;com vítima;169,89999389648438;BR-101/RJ;Norte;Choque - Outros;1;1;;1;;;2
26/07/2011;06:17:00;27;sem vítima;225,3000030517578;BR-101/RJ;Sul;Choque - Defensa, barreira ou "submarino";1;1;;;;;1
26/07/2011;19:26:00;173;com vítima;61,20000076293945;BR-101/RJ;Norte;Colisão Lateral;1;1;1;;;;1
27/07/2011;00:49:00;3;com vítima;314;BR-101/RJ;Norte;Colisão Traseira;1;1;1;1;;;2
27/07/2011;13:02:00;84;com vítima;122,21399688720703;BR-101/RJ;Norte;Colisão Lateral;1;1;1;;;;1
27/07/2011;14:00:00;93;sem vítima;252;BR-101/RJ;Norte;Choque - Outros;1;1;;;;;1
27/07/2011;16:01:00;121;sem vítima;283;BR-101/RJ;Norte;Colisão Traseira;1;4;;;;;1
27/07/2011;18:13:00;151;sem vítima;67;BR-101/RJ;Sul;Colisão Lateral;1;3;;;;;1
27/07/2011;18:57:00;158;sem vítima;296;BR-101/RJ;Norte;Colisão Lateral;1;3;;;;;1
28/07/2011;07:59:00;61;sem vítima;228,29400634765625;BR-101/RJ;Norte;Colisão Lateral;2;2;;;;;1
28/07/2011;12:44:00;113;sem vítima;80;BR-101/RJ;Sul;Saida de Pista;1;1;;;;;1
28/07/2011;19:09:00;211;com vítima;127,80000305175781;BR-101/RJ;Sul;Colisão Traseira;1;2;;;;1;3
29/07/2011;00:56:00;6;sem vítima;213,8000030517578;BR-101/RJ;Sul;Colisão Lateral;1;2;;;;;1
29/07/2011;01:04:00;9;sem vítima;188;BR-101/RJ;Norte;Colisão Traseira;2;3;;;;;1
29/07/2011;04:08:00;23;com vítima;10,899999618530273;BR-101/RJ;Sul;Tombamento;1;0;1;;;;1
29/07/2011;09:37:00;70;sem vítima;306,5;BR-101/RJ;Norte;Colisão Lateral;2;5;;;;;1
29/07/2011;10:53:00;85;sem vítima;262,8999938964844;BR-101/RJ;Sul;Colisão Traseira;2;3;;;;;1
30/07/2011;04:42:00;28;com vítima;313;BR-101/RJ;Norte;Saida de Pista;1;1;1;2;;;2
30/07/2011;05:28:00;31;com vítima;180,39999389648438;BR-101/RJ;Sul;Colisão Frontal;1;2;;1;;;2
30/07/2011;05:50:00;33;sem vítima;252;BR-101/RJ;Norte;Colisão Traseira;2;2;;;;;1
31/07/2011;01:28:00;10;sem vítima;242,5;BR-101/RJ;Norte;Colisão Frontal;1;2;;;;;1
31/07/2011;01:52:00;14;com vítima;4,699999809265137;BR-101/RJ;Norte;Saida de Pista;1;0;1;;;;1
31/07/2011;15:11:00;104;com vítima;82,5;BR-101/RJ;Sul;Saida de Pista;1;0;2;1;;;2
31/07/2011;17:29:00;137;sem vítima;58;BR-101/RJ;Sul;Colisão Traseira;1;6;;;;;1
29/03/2016;08:56:00;80;sem vítima;2,2;BR-101/RJ;Norte;Choque - Arvore;1;1;;;;;1
03/06/2016;18:06:00;165;com vítima;4,219;BR-101/RJ;Sul;Colisão Frontal;1;1;;;;1;3
18/02/2016;19:24:00;215;sem vítima;8,9;BR-101/RJ;Sul;Colisão Traseira;1;2;;;;;1
21/03/2016;11:41:00;111;com vítima;12,7;BR-101/RJ;Sul;Colisão Frontal;1;1;;1;1;1;3
30/06/2016;21:20:00;231;sem vítima;16;BR-101/RJ;Sul;Colisão Frontal;1;2;;;;;1
16/02/2016;08:18:00;66;com vítima;16,2;BR-101/RJ;Norte;Colisão Transversal;1;2;;;;1;3
25/08/2016;18:07:00;210;com vítima;16,5;BR-101/RJ;Norte;Colisão Transversal;1;1;;;1;1;3
20/03/2016;19:36:00;154;sem vítima;19;BR-101/RJ;Norte;Colisão Transversal;1;2;;;;;1
11/06/2016;21:37:00;185;sem vítima;22;BR-101/RJ;Norte;Choque - Elemento de Drenagem;1;1;;;;;1
28/01/2016;20:51:00;268;sem vítima;27;BR-101/RJ;Sul;Colisão Traseira;1;2;;;;;1
26/01/2016;23:49:00;269;sem vítima;27,6;BR-101/RJ;Sul;Choque - Outros;1;2;;;;;1
24/02/2016;15:11:00;141;sem vítima;33,7;BR-101/RJ;Sul;Choque - Talude;1;1;;;;;1
25/06/2016;04:44:00;21;sem vítima;36,786;BR-101/RJ;Sul;Colisão Frontal;1;3;;;;;1
15/03/2016;19:37:00;207;com vítima;44;BR-101/RJ;Norte;Colisão Lateral;1;2;1;;;;1
03/02/2016;16:02:00;165;sem vítima;45;BR-101/RJ;Sul;Colisão Lateral;2;2;;;;;1
06/01/2016;18:46:00;200;sem vítima;50,8;BR-101/RJ;Sul;Colisão Frontal;1;4;;;;;1
07/03/2016;21:40:00;233;com vítima;51;BR-101/RJ;Norte;Tombamento;1;0;1;;;1;3
28/06/2016;06:42:00;31;com vítima;52,2;BR-101/RJ;Norte;Choque - Defensa, barreira ou "submarino";1;1;1;;;;1
24/06/2016;05:25:00;26;com vítima;52,688;BR-101/RJ;Sul;Colisão Frontal;1;1;1;;;;1
31/01/2016;03:24:00;13;sem vítima;55;BR-101/RJ;Norte;Atropelamento - Animal;1;1;;;;;1
08/01/2016;19:31:00;222;sem vítima;55,107;BR-101/RJ;Norte;Colisão Traseira;2;3;;;;;1
05/08/2016;16:33:00;185;com vítima;56,455;BR-101/RJ;Norte;Colisão Transversal;2;1;2;1;;;2
05/02/2016;14:34:00;173;sem vítima;58;BR-101/RJ;Sul;Colisão Traseira;1;2;;;;;1
12/07/2016;23:06:00;241;sem vítima;58;BR-101/RJ;Norte;Colisão Lateral;1;4;;;;;1
26/06/2016;01:12:00;10;sem vítima;58,5;BR-101/RJ;Sul;Colisão Transversal;1;2;;;;;1
25/07/2016;19:35:00;223;com vítima;59,5;BR-101/RJ;Sul;Colisão Frontal;1;3;1;1;;;2
16/07/2016;00:21:00;5;com vítima;59,583;BR-101/RJ;Norte;Colisão Transversal;1;1;;1;;;2
22/03/2016;18:38:00;178;sem vítima;60;BR-101/RJ;Norte;Colisão Transversal;1;3;;;;;1
25/08/2016;10:09:00;115;com vítima;60,7;BR-101/RJ;Norte;Colisão Traseira;1;2;2;;;;1
02/02/2016;09:46:00;104;sem vítima;61;BR-101/RJ;Norte;Engavetamento;1;4;;;;;1
04/03/2016;12:45:00;127;com vítima;61;BR-101/RJ;Sul;Colisão Transversal;1;0;2;;;;1
26/05/2016;15:18:00;123;com vítima;61,26;BR-101/RJ;Sul;Colisão Transversal;1;1;1;;;;1
17/03/2016;09:56:00;102;sem vítima;62;BR-101/RJ;Sul;Colisão Lateral;1;2;;;;;1
11/04/2016;11:53:00;117;com vítima;62,532;BR-101/RJ;Sul;Colisão Traseira;1;2;1;;;;1
21/01/2016;05:52:00;38;com vítima;63;BR-101/RJ;Norte;Colisão Transversal;1;0;4;;;;1
06/02/2016;17:10:00;255;sem vítima;63;BR-101/RJ;Norte;Colisão Lateral;1;6;;;;;1
19/04/2016;16:53:00;199;com vítima;63;BR-101/RJ;Norte;Colisão Lateral;1;2;1;;;;1
06/05/2016;00:41:00;5;sem vítima;63;BR-101/RJ;Norte;Colisão Transversal;1;2;;;;;1
09/05/2016;01:27:00;7;sem vítima;63;BR-101/RJ;Norte;Colisão Transversal;1;2;;;;;1
27/07/2016;00:47:00;8;sem vítima;63;BR-101/RJ;Norte;Colisão Transversal;1;2;;;;;1
07/01/2016;14:00:00;121;sem vítima;65;BR-101/RJ;Norte;Colisão Lateral;1;2;;;;;1
16/03/2016;06:53:00;33;sem vítima;65;BR-101/RJ;Sul;Colisão Lateral;1;2;;;;;1
10/07/2016;17:06:00;123;sem vítima;65;BR-101/RJ;Norte;Colisão Traseira;1;2;;;;;1
25/02/2016;12:11:00;109;sem vítima;66;BR-101/RJ;Norte;Colisão Lateral;1;4;;;;;1
15/05/2016;16:26:00;113;com vítima;66;BR-101/RJ;Norte;Colisão Lateral;1;3;1;;;;1
13/04/2016;08:05:00;59;com vítima;68;BR-101/RJ;Norte;Colisão Frontal;1;2;1;;;1;3
09/08/2016;16:55:00;185;com vítima;72,076;BR-101/RJ;Norte;Colisão Traseira;1;1;1;;;;1
31/05/2016;03:27:00;10;com vítima;72,143;BR-101/RJ;Sul;Choque - Defensa, barreira ou "submarino";1;1;1;;;;1
10/03/2016;00:53:00;5;sem vítima;74;BR-101/RJ;Norte;Colisão Traseira;1;2;;;;;1
28/06/2016;21:44:00;225;sem vítima;74,104;BR-101/RJ;Sul;Engavetamento;1;3;;;;;1
12/07/2016;21:46:00;232;sem vítima;75,42;BR-101/RJ;Norte;Tombamento;1;3;;;;;1
17/06/2016;18:06:00;188;com vítima;76,195;BR-101/RJ;Sul;Colisão Traseira;1;0;3;;;;1
27/08/2016;15:05:00;130;sem vítima;76,198;BR-101/RJ;Sul;Colisão Lateral;1;2;;;;;1
20/02/2016;01:10:00;10;sem vítima;78,5;BR-101/RJ;Norte;Colisão Frontal;2;3;;;;;1
27/08/2016;21:40:00;197;com vítima;79;BR-101/RJ;Norte;Colisão Transversal;1;1;1;1;;;2
19/08/2016;04:43:00;24;sem vítima;80,861;BR-101/RJ;Norte;Colisão Lateral;1;5;;;;;1
12/01/2016;17:16:00;150;sem vítima;82;BR-101/RJ;Norte;Colisão Traseira;1;7;;;;;1
22/01/2016;22:35:00;270;com vítima;82;BR-101/RJ;Sul;Colisão Frontal;1;1;;3;;;2
24/06/2016;13:47:00;126;sem vítima;82,385;BR-101/RJ;Norte;Colisão Lateral;1;6;;;;;1
08/06/2016;07:34:00;21;com vítima;82,452;BR-101/RJ;Norte;Choque - Defensa, barreira ou "submarino";1;0;1;;;;1
21/03/2016;18:13:00;168;com vítima;84;BR-101/RJ;Sul;Atropelamento - Morador;1;1;;1;;;2
18/04/2016;06:48:00;39;com vítima;86,059;BR-101/RJ;Norte;Colisão Frontal;1;5;1;;;2;3
22/04/2016;06:51:00;40;sem vítima;87;BR-101/RJ;Sul;Colisão Lateral;2;4;;;;;1
25/06/2016;16:54:00;148;com vítima;87,311;BR-101/RJ;Norte;Colisão Frontal;1;4;;1;;;2
30/08/2016;04:54:00;16;com vítima;87,642;BR-101/RJ;Sul;Colisão Frontal;1;1;;1;;1;3
23/02/2016;18:24:00;191;sem vítima;88;BR-101/RJ;Sul;Colisão Lateral;1;2;;;;;1
20/04/2016;15:55:00;174;sem vítima;88;BR-101/RJ;Sul;Colisão Transversal;1;5;;;;;1
31/08/2016;09:51:00;93;sem vítima;88;BR-101/RJ;Norte;Colisão Lateral;2;2;;;;;1
12/03/2016;19:34:00;210;sem vítima;89;BR-101/RJ;Sul;Tombamento;1;1;;;;;1
08/03/2016;15:16:00;162;sem vítima;89,1;BR-101/RJ;Norte;Colisão Traseira;2;4;;;;;1
10/06/2016;04:45:00;20;com vítima;89,355;BR-101/RJ;Norte;Tombamento;1;0;1;;;;1
18/04/2016;05:47:00;30;sem vítima;89,402;BR-101/RJ;Norte;Colisão Traseira;1;5;;;;;1
18/07/2016;18:50:00;198;com vítima;90;BR-101/RJ;Norte;Colisão Traseira;1;4;3;2;;;2
28/06/2016;18:49:00;202;com vítima;90,77;BR-101/RJ;Sul;Colisão Frontal;2;2;4;1;;;2
12/06/2016;02:51:00;11;com vítima;91,93;BR-101/RJ;Sul;Tombamento;1;22;3;;;;1
05/04/2016;21:28:00;209;sem vítima;92;BR-101/RJ;Norte;Colisão Lateral;1;2;;;;;1
13/05/2016;14:07:00;167;com vítima;92;BR-101/RJ;Norte;Colisão Traseira;1;5;4;;;;1
03/07/2016;18:11:00;134;com vítima;92;BR-101/RJ;Sul;Tombamento;1;0;1;;;;1
10/04/2016;04:34:00;19;sem vítima;95,9;BR-101/RJ;Sul;Choque - Outros;1;2;;;;;1
29/06/2016;10:06:00;105;sem vítima;96;BR-101/RJ;Sul;Engavetamento;2;6;;;;;1
07/04/2016;22:06:00;228;sem vítima;98;BR-101/RJ;Norte;Colisão Transversal;2;2;;;;;1
13/06/2016;08:45:00;80;sem vítima;99,5;BR-101/RJ;Sul;Colisão Lateral;1;2;;;;;1
05/03/2016;02:16:00;21;com vítima;101;BR-101/RJ;Norte;Colisão Traseira;2;1;;;1;;2
12/03/2016;18:32:00;195;sem vítima;101;BR-101/RJ;Norte;Colisão Traseira;2;2;;;;;1
13/04/2016;11:57:00;100;com vítima;101,302;BR-101/RJ;Sul;Colisão Traseira;2;2;1;;;;1
07/07/2016;18:12:00;180;sem vítima;101,399;BR-101/RJ;Norte;Colisão Traseira;2;2;;;;;1
21/01/2016;21:06:00;237;com vítima;101,853;BR-101/RJ;Sul;Choque - Defensa, barreira ou "submarino";1;0;;;;1;3
15/01/2016;17:04:00;195;sem vítima;102;BR-101/RJ;Norte;Colisão Lateral;1;4;;;;;1
29/02/2016;06:46:00;25;sem vítima;104;BR-101/RJ;Norte;Colisão Lateral;1;3;;;;;1
18/01/2016;09:46:00;88;sem vítima;107,954;BR-101/RJ;Sul;Colisão Traseira;1;2;;;;;1
29/07/2016;16:38:00;169;com vítima;109;BR-101/RJ;Sul;Tombamento;1;0;1;;;;1
17/01/2016;21:23:00;157;com vítima;110;BR-101/RJ;Sul;Engavetamento;1;4;;1;;;2
20/01/2016;07:32:00;26;com vítima;110;BR-101/RJ;Norte;Colisão Traseira;1;1;1;;;;1
07/03/2016;09:49:00;102;com vítima;110;BR-101/RJ;Norte;Colisão Traseira;1;6;1;;;;1
11/03/2016;00:44:00;4;com vítima;110;BR-101/RJ;Sul;Colisão Traseira;1;1;1;;;;1
31/01/2016;18:54:00;197;sem vítima;113;BR-101/RJ;Norte;Colisão Traseira;1;5;;;;;1
11/03/2016;17:17:00;183;com vítima;116;BR-101/RJ;Norte;Choque - Arvore;1;0;;;;1;3
17/04/2016;11:32:00;73;sem vítima;118;BR-101/RJ;Sul;Saida de Pista;1;1;;;;;1
24/08/2016;11:02:00;100;sem vítima;119;BR-101/RJ;Sul;Colisão Transversal;1;5;;;;;1
13/02/2016;07:29:00;33;sem vítima;120;BR-101/RJ;Norte;Colisão Lateral;1;3;;;;;1
19/05/2016;06:34:00;27;sem vítima;120;BR-101/RJ;Norte;Colisão Transversal;1;5;;;;;1
22/07/2016;11:31:00;102;com vítima;120;BR-101/RJ;Sul;Colisão Transversal;1;3;3;;;;1
25/08/2016;09:57:00;111;sem vítima;122,458;BR-101/RJ;Sul;Choque - Defensa, barreira ou "submarino";1;1;;;;;1
23/06/2016;06:54:00;35;com vítima;122,884;BR-101/RJ;Norte;Colisão Traseira;1;2;1;;;;1
17/01/2016;16:53:00;106;com vítima;123;BR-101/RJ;Sul;Colisão Traseira;1;2;1;;;;1
27/01/2016;00:00:00;1;sem vítima;123;BR-101/RJ;Sul;Colisão Traseira;1;5;;;;;1
01/02/2016;17:35:00;213;sem vítima;123;BR-101/RJ;Norte;Choque - Defensa, barreira ou "submarino";1;1;;;;;1
09/04/2016;12:05:00;98;sem vítima;123;BR-101/RJ;Norte;Colisão Traseira;1;6;;;;;1
27/04/2016;11:04:00;110;sem vítima;123;BR-101/RJ;Sul;Colisão Traseira;2;2;;;;;1
28/04/2016;07:34:00;37;sem vítima;123;BR-101/RJ;Norte;Colisão Traseira;1;2;;;;;1
18/05/2016;08:07:00;58;com vítima;123;BR-101/RJ;Sul;Colisão Transversal;1;2;2;;;;1
23/06/2016;09:33:00;90;sem vítima;123;BR-101/RJ;Norte;Colisão Traseira;2;2;;;;;1
23/07/2016;15:08:00;135;sem vítima;123;BR-101/RJ;Sul;Choque - Defensa, barreira ou "submarino";1;1;;;;;1
15/05/2016;22:29:00;167;sem vítima;123,13;BR-101/RJ;Sul;Colisão Traseira;2;2;;;;;1
25/04/2016;14:38:00;144;com vítima;125;BR-101/RJ;Sul;Tombamento;1;0;2;;;;1
27/07/2016;04:39:00;23;sem vítima;125,5;BR-101/RJ;Norte;Choque - Defensa, barreira ou "submarino";1;2;;;;;1
19/05/2016;15:43:00;154;sem vítima;128,85;BR-101/RJ;Sul;Colisão Traseira;1;2;;;;;1
28/03/2016;09:54:00;85;sem vítima;130;BR-101/RJ;Norte;Choque - Talude;1;1;;;;;1
10/07/2016;21:26:00;173;sem vítima;130,897;BR-101/RJ;Sul;Colisão Lateral;1;2;;;;;1
09/08/2016;01:23:00;10;sem vítima;131;BR-101/RJ;Sul;Colisão Lateral;1;2;;;;;1
14/07/2016;05:23:00;23;sem vítima;135;BR-101/RJ;Sul;Colisão Traseira;1;2;;;;;1
29/02/2016;18:55:00;205;sem vítima;144;BR-101/RJ;Norte;Choque - Objeto sobre a pista;1;4;;;;;1
07/04/2016;12:08:00;110;com vítima;144;BR-101/RJ;Sul;Tombamento;1;0;1;2;;;2
07/08/2016;05:18:00;21;sem vítima;144;BR-101/RJ;Norte;Objeto lançado contra veículo;1;2;;;;;1
24/03/2016;00:50:00;7;sem vítima;144,8;BR-101/RJ;Norte;Tombamento;1;2;;;;;1
01/06/2016;01:08:00;3;com vítima;144,814;BR-101/RJ;Norte;Tombamento;1;0;;1;;;2
18/04/2016;01:41:00;9;sem vítima;146,102;BR-101/RJ;Norte;Choque - Defensa, barreira ou "submarino";1;1;;;;;1
13/02/2016;11:02:00;80;sem vítima;155;BR-101/RJ;Sul;Colisão Lateral;2;6;;;;;1
29/04/2016;01:27:00;8;com vítima;157,048;BR-101/RJ;Norte;Colisão Frontal;1;1;;1;;;2
19/03/2016;16:10:00;144;sem vítima;159;BR-101/RJ;Norte;Colisão Lateral;1;5;;;;;1
06/07/2016;13:34:00;120;com vítima;159,9;BR-101/RJ;Sul;Engavetamento;1;2;5;2;;;2
12/04/2016;11:55:00;112;com vítima;160,285;BR-101/RJ;Norte;Engavetamento;3;2;;;1;;2
25/04/2016;12:31:00;121;com vítima;160,7;BR-101/RJ;Norte;Choque - Defensa, barreira ou "submarino";1;0;;1;;;2
07/08/2016;08:24:00;46;sem vítima;163,669;BR-101/RJ;Norte;Engavetamento;1;11;;;;;1
15/01/2016;18:25:00;211;com vítima;164;BR-101/RJ;Norte;Colisão Frontal;1;0;3;;;1;3
20/07/2016;19:34:00;174;com vítima;164,518;BR-101/RJ;Sul;Colisão Frontal;2;4;;1;1;;2
06/04/2016;03:59:00;13;com vítima;167,833;BR-101/RJ;Norte;Colisão Frontal;2;0;1;;;1;3
18/01/2016;06:34:00;31;com vítima;169;BR-101/RJ;Norte;Colisão Frontal;1;1;1;;;;1
20/05/2016;14:13:00;150;sem vítima;169,53;BR-101/RJ;Sul;Choque - Defensa, barreira ou "submarino";1;1;;;;;1
03/05/2016;10:27:00;101;sem vítima;170;BR-101/RJ;Sul;Colisão Frontal;1;1;;;;;1
23/02/2016;19:22:00;211;sem vítima;172;BR-101/RJ;Norte;Saida de Pista;1;1;;;;;1