data;horario;n_da_ocorrencia;tipo_de_ocorrencia;km;trecho;sentido;tipo_de_acidente;caminhao;ilesos;levemente_feridos;moderadamente_feridos;gravemente_feridos;mortos;3
23/07/2016;05:54:00;37;sem vítima;172,235;BR-101/RJ;Sul;Choque - Elemento de Drenagem;1;1;;;;;1
13/01/2016;00:49:00;4;sem vítima;173;BR-101/RJ;Norte;Colisão Frontal;2;2;;;;;1
03/07/2016;05:52:00;24;sem vítima;173;BR-101/RJ;Norte;Colisão Lateral;1;2;;;;;1
12/02/2016;07:03:00;21;com vítima;174;BR-101/RJ;Norte;Colisão Traseira;1;2;1;;;;1
30/07/2016;04:46:00;16;sem vítima;174,617;BR-101/RJ;Sul;Tombamento;1;1;;;;;1
21/06/2016;13:36:00;151;sem vítima;175;BR-101/RJ;Sul;Colisão Traseira;2;2;;;;;1
28/08/2016;23:51:00;187;com vítima;175,5;BR-101/RJ;Norte;Colisão Lateral;1;2;2;;;;1
05/02/2016;02:34:00;25;com vítima;176;BR-101/RJ;Norte;Colisão Frontal;1;0;3;;;1;3
01/08/2016;11:23:00;123;com vítima;176,5;BR-101/RJ;Norte;Choque - Defensa, barreira ou "submarino";1;0;1;;;;1
30/07/2016;07:42:00;39;sem vítima;178;BR-101/RJ;Norte;Engavetamento;1;5;;;;;1
21/06/2016;16:58:00;183;sem vítima;178,895;BR-101/RJ;Norte;Colisão Traseira;1;2;;;;;1
08/04/2016;21:18:00;258;sem vítima;180;BR-101/RJ;Sul;Tombamento;1;2;;;;;1
18/03/2016;05:02:00;26;com vítima;181,3;BR-101/RJ;Sul;Colisão Frontal;1;1;3;2;;;2
02/05/2016;17:50:00;161;com vítima;182,335;BR-101/RJ;Norte;Colisão Frontal;1;1;1;2;;1;3
04/01/2016;20:05:00;239;sem vítima;184;BR-101/RJ;Norte;Colisão Transversal;1;3;;;;;1
29/01/2016;22:35:00;244;com vítima;184;BR-101/RJ;Sul;Choque - Defensa, barreira ou "submarino";1;0;1;;;;1
01/04/2016;13:00:00;141;sem vítima;184,5;BR-101/RJ;Norte;Tombamento;2;2;;;;;1
02/02/2016;17:06:00;185;sem vítima;185,5;BR-101/RJ;Norte;Colisão Lateral;2;2;;;;;1
29/02/2016;09:48:00;91;com vítima;187;BR-101/RJ;Norte;Colisão Lateral;1;2;1;;;;1
03/01/2016;13:53:00;115;sem vítima;189;BR-101/RJ;Norte;Saida de Pista;1;1;;;;;1
09/07/2016;07:21:00;30;com vítima;189,8;BR-101/RJ;Norte;Colisão Lateral;1;1;1;;;;1
23/01/2016;05:24:00;39;com vítima;189,9;BR-101/RJ;Sul;Saida de Pista;1;2;1;;;;1
03/08/2016;17:17:00;174;com vítima;189,96;BR-101/RJ;Norte;Colisão Frontal;1;0;6;3;8;1;3
29/01/2016;12:27:00;118;com vítima;189,975;BR-101/RJ;Norte;Colisão Traseira;2;1;;1;;;2
01/08/2016;07:28:00;42;sem vítima;189,99;BR-101/RJ;Sul;Colisão Frontal;1;2;;;;;1
30/05/2016;22:57:00;210;com vítima;190,482;BR-101/RJ;Sul;Choque - Elemento de Drenagem;1;1;1;;;;1
06/01/2016;22:08:00;231;com vítima;192,94;BR-101/RJ;Sul;Atropelamento - Usuário;1;3;1;;;;1
11/01/2016;07:02:00;35;com vítima;193;BR-101/RJ;Sul;Colisão Traseira;1;4;1;;;;1
10/03/2016;00:09:00;1;sem vítima;193;BR-101/RJ;Sul;Choque - Defensa, barreira ou "submarino";1;1;;;;;1
18/03/2016;10:45:00;111;sem vítima;193;BR-101/RJ;Sul;Engavetamento;1;4;;;;;1
18/03/2016;13:58:00;136;sem vítima;196;BR-101/RJ;Sul;Colisão Lateral;1;2;;;;;1
04/07/2016;16:02:00;172;sem vítima;196,885;BR-101/RJ;Norte;Colisão Traseira;1;3;;;;;1
23/07/2016;17:10:00;157;sem vítima;197;BR-101/RJ;Norte;Colisão Traseira;1;5;;;;;1
19/02/2016;08:58:00;66;com vítima;198;BR-101/RJ;Norte;Colisão Traseira;1;1;2;;;;1
24/04/2016;10:45:00;72;sem vítima;198;BR-101/RJ;Norte;Colisão Lateral;1;3;;;;;1
01/06/2016;05:56:00;14;sem vítima;198;BR-101/RJ;Norte;Colisão Lateral;1;2;;;;;1
03/06/2016;08:02:00;43;sem vítima;199,987;BR-101/RJ;Sul;Choque - Suporte de Sinalização;1;1;;;;;1
14/05/2016;08:54:00;69;sem vítima;200;BR-101/RJ;Norte;Colisão Traseira;1;2;;;;;1
15/08/2016;07:29:00;38;sem vítima;200,95;BR-101/RJ;Norte;Colisão Traseira;1;4;;;;;1
04/03/2016;18:15:00;211;sem vítima;203;BR-101/RJ;Sul;Saida de Pista;1;2;;;;;1
05/03/2016;02:50:00;24;sem vítima;203;BR-101/RJ;Sul;Saida de Pista;1;1;;;;;1
19/01/2016;13:11:00;82;com vítima;205;BR-101/RJ;Sul;Colisão Lateral;1;1;1;;;;1
29/01/2016;10:46:00;99;sem vítima;205;BR-101/RJ;Sul;Colisão Traseira;1;2;;;;;1
05/04/2016;00:20:00;1;sem vítima;205;BR-101/RJ;Sul;Atropelamento - Animal;1;1;;;;;1
19/01/2016;08:56:00;39;com vítima;206;BR-101/RJ;Norte;Engavetamento;2;5;4;;;;1
29/01/2016;15:47:00;158;sem vítima;206;BR-101/RJ;Norte;Colisão Lateral;1;2;;;;;1
12/02/2016;13:30:00;125;sem vítima;206;BR-101/RJ;Norte;Colisão Transversal;1;3;;;;;1
15/07/2016;17:17:00;183;sem vítima;206;BR-101/RJ;Sul;Engavetamento;1;8;;;;;1
05/08/2016;14:03:00;145;sem vítima;206,042;BR-101/RJ;Sul;Colisão Lateral;1;3;;;;;1
17/06/2016;07:48:00;65;sem vítima;206,594;BR-101/RJ;Norte;Colisão Traseira;2;2;;;;;1
15/02/2016;00:06:00;1;com vítima;208;BR-101/RJ;Norte;Saida de Pista;1;0;1;;;;1
31/07/2016;18:03:00;148;com vítima;209,6;BR-101/RJ;Norte;Colisão Frontal;1;1;1;2;1;1;3
15/01/2016;18:08:00;207;com vítima;210;BR-101/RJ;Norte;Engavetamento;3;5;;;1;;2
31/08/2016;20:12:00;200;com vítima;210,117;BR-101/RJ;Sul;Tombamento;1;3;1;;;;1
01/04/2016;12:24:00;140;sem vítima;211,3;BR-101/RJ;Norte;Colisão Traseira;1;2;;;;;1
07/02/2016;16:54:00;147;com vítima;215;BR-101/RJ;Sul;Colisão Traseira;1;1;1;;;;1
24/03/2016;01:55:00;15;sem vítima;216;BR-101/RJ;Sul;Tombamento;1;1;;;;;1
20/05/2016;14:27:00;153;com vítima;216;BR-101/RJ;Norte;Colisão Traseira;1;2;1;;;;1
28/04/2016;12:18:00;117;sem vítima;218;BR-101/RJ;Sul;Objeto lançado contra veículo;1;3;;;;;1
04/07/2016;03:17:00;16;sem vítima;218,156;BR-101/RJ;Norte;Atropelamento - Animal;1;1;;;;;1
19/08/2016;00:22:00;3;com vítima;218,3;BR-101/RJ;Sul;Colisão Frontal;1;1;4;;;;1
20/04/2016;00:42:00;5;sem vítima;220,604;BR-101/RJ;Norte;Colisão Frontal;1;2;;;;;1
07/06/2016;01:03:00;2;sem vítima;221;BR-101/RJ;Sul;Tombamento;1;1;;;;;1
09/01/2016;11:50:00;114;com vítima;221,703;BR-101/RJ;Sul;Colisão Frontal;1;3;2;;;;1
18/03/2016;00:05:00;1;sem vítima;221,9;BR-101/RJ;Sul;Saida de Pista;1;2;;;;;1
25/07/2016;06:07:00;36;sem vítima;222,17;BR-101/RJ;Norte;Atropelamento - Animal;1;1;;;;;1
08/04/2016;14:35:00;166;sem vítima;222,8;BR-101/RJ;Sul;Colisão Lateral;1;2;;;;;1
16/08/2016;12:49:00;169;sem vítima;226,512;BR-101/RJ;Norte;Colisão Traseira;2;2;;;;;1
19/01/2016;10:39:00;55;com vítima;227;BR-101/RJ;Sul;Saida de Pista;1;2;1;;;;1
08/06/2016;00:22:00;1;sem vítima;227,188;BR-101/RJ;Norte;Colisão Transversal;1;4;;;;;1
21/03/2016;02:03:00;11;com vítima;227,85;BR-101/RJ;Norte;Choque - Outros;1;0;;1;;;2
04/05/2016;16:55:00;157;com vítima;228,165;BR-101/RJ;Sul;Colisão Transversal;1;1;;;;1;3
24/03/2016;00:47:00;4;sem vítima;229,5;BR-101/RJ;Sul;Saida de Pista;1;1;;;;;1
28/04/2016;23:14:00;203;com vítima;229,6;BR-101/RJ;Sul;Tombamento;1;0;1;;;;1
29/02/2016;20:45:00;236;sem vítima;230;BR-101/RJ;Norte;Colisão Lateral;1;2;;;;;1
02/01/2016;11:50:00;95;com vítima;230,3;BR-101/RJ;Norte;Colisão Frontal;1;2;;1;1;1;3
16/03/2016;03:19:00;14;com vítima;231,8;BR-101/RJ;Norte;Tombamento;1;0;1;;;;1
29/03/2016;01:39:00;9;sem vítima;232;BR-101/RJ;Sul;Tombamento;1;1;;;;;1
30/07/2016;16:30:00;117;com vítima;234,8;BR-101/RJ;Sul;Colisão Traseira;1;2;1;;;4;3
09/03/2016;14:37:00;149;com vítima;236;BR-101/RJ;Norte;Colisão Traseira;1;1;;1;;;2
03/02/2016;10:59:00;101;sem vítima;237;BR-101/RJ;Norte;Engavetamento;1;9;;;;;1
12/08/2016;16:01:00;174;sem vítima;237,635;BR-101/RJ;Sul;Engavetamento;2;6;;;;;1
02/02/2016;09:01:00;86;sem vítima;238;BR-101/RJ;Sul;Colisão Transversal;1;3;;;;;1
12/03/2016;14:56:00;146;com vítima;238;BR-101/RJ;Norte;Colisão Lateral;1;23;1;;;;1
11/07/2016;20:10:00;240;com vítima;238,7;BR-101/RJ;Norte;Colisão Frontal;1;2;;;1;;2
27/06/2016;07:42:00;48;sem vítima;239;BR-101/RJ;Sul;Colisão Lateral;2;2;;;;;1
16/01/2016;21:09:00;200;sem vítima;240;BR-101/RJ;Norte;Saida de Pista;1;1;;;;;1
30/01/2016;11:53:00;132;sem vítima;240;BR-101/RJ;Sul;Colisão Traseira;1;4;;;;;1
28/06/2016;12:23:00;136;sem vítima;240;BR-101/RJ;Norte;Colisão Lateral;1;2;;;;;1
30/08/2016;10:37:00;125;sem vítima;241;BR-101/RJ;Norte;Colisão Traseira;1;6;;;;;1
25/04/2016;03:50:00;23;sem vítima;241,723;BR-101/RJ;Sul;Tombamento;1;1;;;;;1
28/06/2016;17:50:00;195;sem vítima;242;BR-101/RJ;Norte;Colisão Traseira;1;2;;;;;1
04/02/2016;21:24:00;276;sem vítima;243;BR-101/RJ;Sul;Choque - Defensa, barreira ou "submarino";1;1;;;;;1
11/03/2016;06:01:00;20;sem vítima;243;BR-101/RJ;Norte;Colisão Lateral;2;4;;;;;1
04/08/2016;01:48:00;10;com vítima;243,153;BR-101/RJ;Norte;Colisão Frontal;1;1;;1;;;2
02/05/2016;00:15:00;206;com vítima;243,6;BR-101/RJ;Sul;Atropelamento - Animal;1;3;2;;;;1
05/02/2016;16:59:00;221;com vítima;244;BR-101/RJ;Norte;Colisão Frontal;2;0;1;;;2;3
05/02/2016;01:12:00;12;com vítima;245;BR-101/RJ;Norte;Engavetamento;1;5;3;;;;1
28/06/2016;18:12:00;198;sem vítima;247,14;BR-101/RJ;Norte;Engavetamento;3;7;;;;;1
15/02/2016;00:30:00;6;sem vítima;247,5;BR-101/RJ;Sul;Atropelamento - Animal;1;1;;;;;1
23/05/2016;17:20:00;160;sem vítima;248,024;BR-101/RJ;Sul;Colisão Lateral;1;4;;;;;1
19/08/2016;08:13:00;82;sem vítima;248,5;BR-101/RJ;Sul;Colisão Frontal;1;2;;;;;1
19/06/2016;22:54:00;176;com vítima;249,171;BR-101/RJ;Sul;Tombamento;1;0;1;;;;1
26/01/2016;23:40:00;266;sem vítima;249,581;BR-101/RJ;Sul;Saida de Pista;1;4;;;;;1
03/02/2016;09:40:00;87;sem vítima;252;BR-101/RJ;Norte;Choque - Suporte de Sinalização;1;1;;;;;1
05/02/2016;19:42:00;254;sem vítima;252;BR-101/RJ;Norte;Colisão Lateral;1;2;;;;;1
18/02/2016;13:26:00;137;sem vítima;252;BR-101/RJ;Norte;Colisão Traseira;2;2;;;;;1
01/03/2016;09:42:00;111;com vítima;252;BR-101/RJ;Sul;Capotamento;1;1;2;;;;1
01/03/2016;13:00:00;165;sem vítima;252;BR-101/RJ;Sul;Colisão Traseira;1;2;;;;;1
04/03/2016;11:44:00;115;com vítima;252;BR-101/RJ;Norte;Engavetamento;1;3;3;;;;1
01/04/2016;15:34:00;158;sem vítima;252;BR-101/RJ;Norte;Colisão Traseira;1;5;;;;;1
09/04/2016;13:55:00;116;sem vítima;252;BR-101/RJ;Norte;Colisão Traseira;1;2;;;;;1
29/04/2016;11:32:00;90;sem vítima;252;BR-101/RJ;Sul;Colisão Traseira;2;3;;;;;1
15/07/2016;11:01:00;105;sem vítima;252,262;BR-101/RJ;Sul;Choque - Outros;1;1;;;;;1
07/07/2016;01:17:00;7;com vítima;253,298;BR-101/RJ;Norte;Colisão Transversal;1;4;4;;;;1
08/07/2016;08:34:00;72;sem vítima;253,793;BR-101/RJ;Norte;Colisão Traseira;1;4;;;;;1
24/02/2016;16:51:00;165;com vítima;255;BR-101/RJ;Norte;Colisão Lateral;1;1;1;1;;;2
21/06/2016;00:26:00;4;sem vítima;255,897;BR-101/RJ;Sul;Atropelamento - Animal;1;1;;;;;1
06/07/2016;06:08:00;21;sem vítima;256;BR-101/RJ;Sul;Choque - Suporte de Sinalização;1;1;;;;;1
23/06/2016;17:40:00;187;com vítima;256,75;BR-101/RJ;Sul;Colisão Frontal;1;1;2;;;;1
07/05/2016;14:46:00;116;com vítima;258,522;BR-101/RJ;Norte;Colisão Traseira;1;9;1;2;2;2;3
04/02/2016;15:15:00;181;sem vítima;260;BR-101/RJ;Sul;Colisão Traseira;2;2;;;;;1
20/05/2016;11:16:00;109;com vítima;260,5;BR-101/RJ;Norte;Colisão Frontal;2;3;;1;;;2
15/04/2016;15:12:00;143;sem vítima;261;BR-101/RJ;Norte;Colisão Lateral;1;3;;;;;1
18/02/2016;07:10:00;32;sem vítima;261,8;BR-101/RJ;Norte;Colisão Lateral;1;25;;;;;1
09/04/2016;06:49:00;32;sem vítima;261,89;BR-101/RJ;Norte;Colisão Traseira;1;3;;;;;1
23/04/2016;12:41:00;90;sem vítima;262,27;BR-101/RJ;Norte;Colisão Traseira;1;6;;;;;1
30/06/2016;09:57:00;101;sem vítima;262,499;BR-101/RJ;Norte;Colisão Traseira;1;2;;;;;1
13/05/2016;13:35:00;163;sem vítima;262,59;BR-101/RJ;Norte;Choque - Poste;1;1;;;;;1
25/06/2016;21:16:00;188;sem vítima;262,8;BR-101/RJ;Sul;Colisão Lateral;1;4;;;;;1
30/07/2016;07:42:00;38;sem vítima;262,939;BR-101/RJ;Norte;Objeto lançado contra veículo;1;16;;;;;1
03/01/2016;05:47:00;26;sem vítima;263;BR-101/RJ;Sul;Colisão Lateral;1;2;;;;;1
19/02/2016;06:03:00;17;sem vítima;263;BR-101/RJ;Norte;Colisão Lateral;2;3;;;;;1
15/04/2016;12:33:00;108;sem vítima;263;BR-101/RJ;Norte;Colisão Traseira;2;2;;;;;1
30/06/2016;09:43:00;96;sem vítima;263;BR-101/RJ;Norte;Engavetamento;1;6;;;;;1
13/01/2016;01:30:00;5;com vítima;264;BR-101/RJ;Sul;Atropelamento - Morador;1;1;;;;1;3
06/06/2016;20:00:00;217;sem vítima;264;BR-101/RJ;Sul;Colisão Traseira;1;2;;;;;1
01/03/2016;04:41:00;26;sem vítima;266;BR-101/RJ;Norte;Choque - Poste;1;1;;;;;1
13/02/2016;16:50:00;136;sem vítima;267,05;BR-101/RJ;Norte;Tombamento;1;2;;;;;1
12/04/2016;04:33:00;15;com vítima;267,913;BR-101/RJ;Sul;Atropelamento - Animal;1;0;1;;;;1
04/08/2016;11:30:00;109;com vítima;268,698;BR-101/RJ;Sul;Colisão Traseira;1;4;;;;1;3
08/04/2016;13:01:00;145;sem vítima;269;BR-101/RJ;Sul;Engavetamento;1;3;;;;;1
09/08/2016;10:15:00;114;sem vítima;269,049;BR-101/RJ;Sul;Colisão Lateral;1;5;;;;;1
03/05/2016;11:31:00;110;com vítima;269,556;BR-101/RJ;Sul;Colisão Traseira;1;4;1;;;;1
19/07/2016;13:24:00;136;sem vítima;271,74;BR-101/RJ;Norte;Choque - Defensa, barreira ou "submarino";1;1;;;;;1
08/04/2016;23:32:00;276;com vítima;272;BR-101/RJ;Norte;Queda de Moto;1;1;2;;;;1
17/03/2016;13:01:00;134;sem vítima;273;BR-101/RJ;Norte;Colisão Lateral;1;5;;;;;1
21/04/2016;01:48:00;18;sem vítima;273;BR-101/RJ;Norte;Engavetamento;1;7;;;;;1
25/05/2016;17:39:00;185;sem vítima;273,3;BR-101/RJ;Sul;Atropelamento - Animal;1;2;;;;;1
16/01/2016;08:32:00;62;sem vítima;274;BR-101/RJ;Norte;Colisão Lateral;1;2;;;;;1
06/03/2016;15:15:00;108;sem vítima;274;BR-101/RJ;Sul;Colisão Transversal;1;2;;;;;1
21/07/2016;16:56:00;135;com vítima;276;BR-101/RJ;Sul;Capotamento;1;1;1;;;;1
30/08/2016;11:47:00;135;com vítima;276;BR-101/RJ;Sul;Engavetamento;1;7;2;;;;1
05/07/2016;18:41:00;201;sem vítima;276,32;BR-101/RJ;Norte;Colisão Traseira;1;2;;;;;1
12/07/2016;01:10:00;4;sem vítima;277;BR-101/RJ;Norte;Choque - Talude;1;2;;;;;1
11/07/2016;06:54:00;41;sem vítima;278,096;BR-101/RJ;Norte;Choque - Outros;1;1;;;;;1
19/03/2016;03:09:00;20;com vítima;280;BR-101/RJ;Sul;Colisão Lateral;1;1;1;;;;1
26/02/2016;11:36:00;107;sem vítima;281;BR-101/RJ;Sul;Colisão Lateral;1;4;;;;;1
07/04/2016;17:57:00;186;com vítima;282;BR-101/RJ;Norte;Colisão Traseira;1;1;1;;;;1
28/07/2016;02:33:00;13;com vítima;283,133;BR-101/RJ;Sul;Colisão Traseira;1;3;;;;1;3
11/03/2016;00:10:00;1;com vítima;284;BR-101/RJ;Norte;Colisão Traseira;2;1;1;;;;1
22/03/2016;04:44:00;21;com vítima;284;BR-101/RJ;Norte;Colisão Traseira;1;1;1;;1;;2
18/01/2016;12:52:00;125;sem vítima;285;BR-101/RJ;Norte;Choque - Suporte de Sinalização;1;2;;;;;1
16/06/2016;16:42:00;182;sem vítima;285;BR-101/RJ;Norte;Colisão Traseira;1;2;;;;;1
14/01/2016;11:20:00;119;com vítima;285,668;BR-101/RJ;Norte;Colisão Traseira;1;1;1;;;;1
08/01/2016;12:25:00;121;com vítima;286;BR-101/RJ;Sul;Engavetamento;1;2;1;;;;1
03/03/2016;23:17:00;215;com vítima;287;BR-101/RJ;Norte;Colisão Traseira;1;1;;1;;;2
29/07/2016;22:28:00;231;com vítima;287;BR-101/RJ;Sul;Colisão Traseira;1;3;;;1;2;3
12/07/2016;23:31:00;243;com vítima;288,17;BR-101/RJ;Norte;Colisão Traseira;1;16;23;;;;1
28/03/2016;13:16:00;128;sem vítima;289;BR-101/RJ;Norte;Colisão Lateral;1;2;;;;;1
09/06/2016;14:48:00;172;com vítima;289;BR-101/RJ;Sul;Colisão Traseira;1;14;2;;;;1
16/01/2016;04:35:00;25;com vítima;289,354;BR-101/RJ;Sul;Colisão Traseira;1;1;1;1;1;;2
04/08/2016;05:20:00;28;com vítima;290,5;BR-101/RJ;Sul;Atropelamento de Animal;1;5;1;;;;1
21/08/2016;22:37:00;187;sem vítima;290,733;BR-101/RJ;Sul;Colisão Lateral;1;6;;;;;1
22/01/2016;09:39:00;77;sem vítima;293;BR-101/RJ;Norte;Colisão Lateral;1;2;;;;;1
31/01/2016;04:17:00;20;sem vítima;293;BR-101/RJ;Sul;Colisão Traseira;1;3;;;;;1
25/02/2016;08:20:00;67;com vítima;293;BR-101/RJ;Sul;Colisão Lateral;2;9;2;1;;;2
25/04/2016;13:32:00;133;sem vítima;293;BR-101/RJ;Sul;Engavetamento;1;12;;;;;1
04/07/2016;07:41:00;52;sem vítima;293;BR-101/RJ;Norte;Colisão Traseira;1;3;;;;;1
18/07/2016;10:27:00;102;sem vítima;293;BR-101/RJ;Norte;Colisão Lateral;1;2;;;;;1
04/02/2016;08:08:00;81;sem vítima;293,3;BR-101/RJ;Norte;Colisão Traseira;1;2;;;;;1
27/05/2016;13:53:00;105;sem vítima;293,37;BR-101/RJ;Norte;Tombamento;1;0;;;;;1
22/08/2016;00:31:00;4;com vítima;293,482;BR-101/RJ;Sul;Tombamento;1;2;1;;;;1
08/07/2016;04:38:00;22;com vítima;293,483;BR-101/RJ;Sul;Tombamento;1;0;1;2;;;2
29/02/2016;18:50:00;204;sem vítima;294;BR-101/RJ;Norte;Colisão Traseira;2;2;;;;;1
17/03/2016;13:53:00;144;sem vítima;294;BR-101/RJ;Sul;Colisão Lateral;1;2;;;;;1
07/01/2016;11:33:00;97;com vítima;295;BR-101/RJ;Sul;Colisão Traseira;1;2;1;;;;1
16/01/2016;14:19:00;123;sem vítima;295;BR-101/RJ;Norte;Engavetamento;1;5;;;;;1
28/05/2016;13:36:00;88;sem vítima;295;BR-101/RJ;Norte;Colisão Traseira;1;3;;;;;1
30/06/2016;14:43:00;155;com vítima;295,139;BR-101/RJ;Sul;Colisão Traseira;1;2;1;;;;1
17/05/2016;11:27:00;88;com vítima;296;BR-101/RJ;Sul;Colisão Lateral;1;2;1;;;;1
06/06/2016;08:35:00;76;sem vítima;296,401;BR-101/RJ;Sul;Colisão Lateral;1;2;;;;;1
02/06/2016;17:19:00;159;sem vítima;296,5;BR-101/RJ;Sul;Engavetamento;1;4;;;;;1
08/01/2016;17:01:00;182;sem vítima;297;BR-101/RJ;Sul;Colisão Lateral;1;2;;;;;1
12/01/2016;09:40:00;56;sem vítima;297;BR-101/RJ;Norte;Colisão Lateral;1;2;;;;;1
12/01/2016;11:09:00;74;sem vítima;297;BR-101/RJ;Norte;Colisão Lateral;1;2;;;;;1
14/01/2016;12:21:00;131;sem vítima;297;BR-101/RJ;Sul;Colisão Lateral;1;2;;;;;1
01/02/2016;11:03:00;110;sem vítima;297;BR-101/RJ;Norte;Colisão Lateral;1;5;;;;;1
05/02/2016;09:38:00;104;sem vítima;297;BR-101/RJ;Norte;Colisão Lateral;1;14;;;;;1
16/02/2016;15:24:00;150;sem vítima;297;BR-101/RJ;Sul;Colisão Lateral;1;2;;;;;1
24/02/2016;20:41:00;211;sem vítima;297;BR-101/RJ;Norte;Colisão Lateral;1;5;;;;;1
04/03/2016;10:25:00;99;sem vítima;297;BR-101/RJ;Norte;Colisão Lateral;1;3;;;;;1
09/03/2016;18:22:00;204;sem vítima;297;BR-101/RJ;Norte;Colisão Lateral;1;3;;;;;1
19/03/2016;08:42:00;55;com vítima;297;BR-101/RJ;Norte;Atropelamento - Usuário;1;1;;1;;;2
21/03/2016;19:15:00;174;sem vítima;297;BR-101/RJ;Norte;Colisão Lateral;1;2;;;;;1
31/03/2016;08:34:00;66;sem vítima;297;BR-101/RJ;Sul;Colisão Lateral;1;2;;;;;1
09/04/2016;18:02:00;179;com vítima;297;BR-101/RJ;Norte;Objeto lançado contra veículo;1;4;2;;;;1
20/04/2016;16:59:00;188;sem vítima;297;BR-101/RJ;Norte;Colisão Lateral;1;2;;;;;1
20/04/2016;17:05:00;194;sem vítima;297;BR-101/RJ;Norte;Colisão Lateral;2;2;;;;;1
05/05/2016;12:45:00;134;com vítima;297;BR-101/RJ;Norte;Colisão Lateral;1;2;1;;;;1
21/06/2016;07:36:00;53;sem vítima;297;BR-101/RJ;Norte;Colisão Lateral;1;2;;;;;1
04/07/2016;07:18:00;46;com vítima;297;BR-101/RJ;Norte;Colisão Traseira;1;1;;1;;;2
05/07/2016;14:04:00;133;sem vítima;297;BR-101/RJ;Sul;Colisão Traseira;1;3;;;;;1
05/08/2016;15:26:00;168;sem vítima;297;BR-101/RJ;Norte;Colisão Lateral;1;2;;;;;1
08/08/2016;20:17:00;212;com vítima;297;BR-101/RJ;Norte;Colisão Traseira;1;4;1;;;;1
22/08/2016;21:35:00;253;sem vítima;297;BR-101/RJ;Norte;Colisão Lateral;1;2;;;;;1
16/06/2016;19:47:00;214;sem vítima;297,297;BR-101/RJ;Sul;Colisão Traseira;1;3;;;;;1
17/08/2016;16:40:00;215;sem vítima;297,5;BR-101/RJ;Norte;Colisão Traseira;1;2;;;;;1
05/07/2016;14:33:00;137;sem vítima;297,6;BR-101/RJ;Norte;Colisão Traseira;1;3;;;;;1
18/02/2016;15:21:00;163;sem vítima;297,8;BR-101/RJ;Norte;Colisão Lateral;1;4;;;;;1
02/03/2016;09:32:00;84;sem vítima;297,8;BR-101/RJ;Sul;Colisão Lateral;1;2;;;;;1
23/05/2016;16:36:00;152;sem vítima;298;BR-101/RJ;Sul;Engavetamento;1;3;;;;;1
26/08/2016;15:12:00;168;sem vítima;298,4;BR-101/RJ;Sul;Colisão Lateral;1;2;;;;;1
22/08/2016;19:53:00;235;sem vítima;299;BR-101/RJ;Sul;Colisão Lateral;1;2;;;;;1
02/05/2016;00:46:00;1;com vítima;299,302;BR-101/RJ;Sul;Choque - Defensa, barreira ou "submarino";1;2;1;;;;1
27/07/2016;14:36:00;145;sem vítima;299,405;BR-101/RJ;Norte;Choque - Elemento de Drenagem;1;1;;;;;1
07/05/2016;09:43:00;64;sem vítima;299,8;BR-101/RJ;Sul;Choque - Outros;1;1;;;;;1
12/01/2016;12:05:00;87;sem vítima;300;BR-101/RJ;Norte;Colisão Traseira;1;5;;;;;1
17/06/2016;18:25:00;193;sem vítima;300;BR-101/RJ;Norte;Engavetamento;1;9;;;;;1
05/08/2016;14:03:00;146;com vítima;301,31;BR-101/RJ;Norte;Queda de Moto;1;1;;1;;;2
04/01/2016;06:41:00;41;sem vítima;302;BR-101/RJ;Norte;Colisão Traseira;1;2;;;;;1
19/04/2016;05:44:00;28;sem vítima;302,842;BR-101/RJ;Norte;Colisão Frontal;1;5;;;;;1
22/06/2016;09:48:00;85;sem vítima;302,849;BR-101/RJ;Sul;Colisão Lateral;1;3;;;;;1
29/02/2016;10:39:00;101;com vítima;306;BR-101/RJ;Norte;Colisão Traseira;1;1;2;;;;1
21/06/2016;03:37:00;20;sem vítima;306,331;BR-101/RJ;Sul;Colisão Traseira;2;2;;;;;1
10/08/2016;15:24:00;132;com vítima;306,69;BR-101/RJ;Norte;Colisão Traseira;1;10;1;;;;1
16/04/2016;15:00:00;114;com vítima;307,55;BR-101/RJ;Sul;Colisão Lateral;1;2;1;;;;1
04/03/2016;13:25:00;133;com vítima;308;BR-101/RJ;Norte;Colisão Traseira;1;2;1;;;;1
11/04/2016;10:47:00;106;com vítima;308;BR-101/RJ;Norte;Colisão Lateral;1;1;1;;;;1
05/04/2016;17:17:00;166;com vítima;309;BR-101/RJ;Norte;Colisão Lateral;1;3;;1;;;2
21/05/2016;01:01:00;4;com vítima;309,325;BR-101/RJ;Norte;Choque - Defensa, barreira ou "submarino";1;2;1;;;;1
29/01/2016;17:35:00;187;sem vítima;310;BR-101/RJ;Norte;Colisão Traseira;1;3;;;;;1
06/05/2016;13:49:00;141;com vítima;310;BR-101/RJ;Sul;Colisão Traseira;1;4;4;;;;1
17/08/2016;22:38:00;269;sem vítima;310,595;BR-101/RJ;Norte;Colisão Traseira;2;2;;;;;1
19/05/2016;03:06:00;12;com vítima;310,836;BR-101/RJ;Sul;Tombamento;1;1;4;;;;1
08/03/2016;23:12:00;236;sem vítima;311;BR-101/RJ;Norte;Colisão Lateral;1;3;;;;;1
15/03/2016;23:16:00;231;sem vítima;311;BR-101/RJ;Norte;Colisão Traseira;1;2;;;;;1
27/04/2016;04:03:00;27;sem vítima;312,05;BR-101/RJ;Norte;Colisão Traseira;1;3;;;;;1