data;horario;n_da_ocorrencia;tipo_de_ocorrencia;km;trecho;sentido;tipo_de_acidente;caminhao;ilesos;levemente_feridos;moderadamente_feridos;gravemente_feridos;mortos;3
25/04/2016;08:36:00;71;com vítima;312,7;BR-101/RJ;Sul;Engavetamento;1;5;1;;;;1
28/01/2016;21:15:00;271;com vítima;313;BR-101/RJ;Norte;Colisão Lateral;1;1;;1;;;2
06/06/2016;15:25:00;174;sem vítima;313;BR-101/RJ;Norte;Colisão Traseira;1;2;;;;;1
22/06/2016;17:55:00;180;com vítima;313,37;BR-101/RJ;Sul;Choque - Defensa, barreira ou "submarino";1;0;;1;;;2
29/05/2016;14:22:00;87;com vítima;313,44;BR-101/RJ;Norte;Colisão Traseira;1;5;2;;;;1
27/08/2016;06:04:00;30;sem vítima;313,714;BR-101/RJ;Norte;Colisão Lateral;1;4;;;;;1
08/05/2016;12:09:00;75;sem vítima;314;BR-101/RJ;Norte;Colisão Traseira;1;3;;;;;1
16/01/2016;03:39:00;20;sem vítima;316;BR-101/RJ;Sul;Choque - Defensa, barreira ou "submarino";1;1;;;;;1
12/06/2016;22:26:00;151;com vítima;317,787;BR-101/RJ;Norte;Colisão Frontal;1;1;;2;;;2
08/01/2016;20:05:00;231;sem vítima;318;BR-101/RJ;Norte;Colisão Lateral;1;3;;;;;1
22/03/2016;07:06:00;41;com vítima;318;BR-101/RJ;Sul;Colisão Traseira;1;2;2;;;;1
01/08/2016;17:10:00;194;com vítima;318;BR-101/RJ;Norte;Colisão Traseira;1;2;2;;;;1
31/05/2016;16:08:00;160;sem vítima;318,666;BR-101/RJ;Norte;Colisão Lateral;1;2;;;;;1
16/01/2016;12:17:00;104;sem vítima;319;BR-101/RJ;Sul;Choque - Defensa, barreira ou "submarino";1;2;;;;;1
26/02/2016;15:52:00;161;sem vítima;319;BR-101/RJ;Norte;Colisão Lateral;1;3;;;;;1
19/06/2016;23:20:00;178;sem vítima;319;BR-101/RJ;Sul;Colisão Lateral;1;2;;;;;1
08/03/2016;07:01:00;41;com vítima;321;BR-101/RJ;Sul;Queda de Moto;1;1;1;1;;;2
23/03/2016;01:47:00;2;com vítima;321;BR-101/RJ;Sul;Tombamento;1;0;;1;;1;3
29/04/2016;20:18:00;179;sem vítima;321;BR-101/RJ;Norte;Colisão Lateral;1;2;;;;;1
24/02/2016;09:33:00;91;sem vítima;322;BR-101/RJ;Sul;Colisão Lateral;1;2;;;;;1
22/07/2016;15:20:00;135;sem vítima;322;BR-101/RJ;Norte;Colisão Lateral;1;6;;;;;1
01/09/2016;00:43:00;6;sem vítima;225,395;BR-101/RJ;Sul;Colisão Traseira;2;2;;;;;1
02/09/2016;15:35:00;185;com vítima;181,75;BR-101/RJ;Sul;Colisão Traseira;1;4;1;;;;1
02/09/2016;23:07:00;259;sem vítima;151,85;BR-101/RJ;Sul;Tombamento;1;1;;;;;1
03/09/2016;17:42:00;156;sem vítima;90,449;BR-101/RJ;Sul;Tombamento;1;1;;;;;1
06/09/2016;01:44:00;9;sem vítima;27,73;BR-101/RJ;Sul;Engavetamento;1;3;;;;;1
06/09/2016;10:18:00;115;sem vítima;297;BR-101/RJ;Norte;Colisão Lateral;1;2;;;;;1
06/09/2016;11:09:00;128;sem vítima;232,772;BR-101/RJ;Sul;Colisão Lateral;1;2;;;;;1
06/09/2016;15:30:00;174;com vítima;319;BR-101/RJ;Norte;Colisão Traseira;1;3;1;;;;1
06/09/2016;15:35:00;190;sem vítima;266;BR-101/RJ;Norte;Objeto lançado contra veículo;1;2;;;;;1
07/09/2016;04:06:00;17;com vítima;254,66;BR-101/RJ;Sul;Colisão Frontal;1;1;2;;;;1
09/09/2016;05:03:00;30;com vítima;236;BR-101/RJ;Norte;Colisão Lateral;3;1;2;;;;1
09/09/2016;10:27:00;115;com vítima;236,7;BR-101/RJ;Sul;Colisão Transversal;1;0;3;;;;1
09/09/2016;22:54:00;239;com vítima;169,08;BR-101/RJ;Norte;Tombamento;1;0;3;;;;1
11/09/2016;16:12:00;135;com vítima;166,18;BR-101/RJ;Norte;Colisão Frontal;1;0;;;1;1;3
12/09/2016;03:46:00;18;sem vítima;206,662;BR-101/RJ;Norte;Colisão Traseira;1;6;;;;;1
12/09/2016;13:14:00;154;com vítima;90;BR-101/RJ;Sul;Capotamento;1;0;;;;2;3
12/09/2016;22:36:00;240;com vítima;251;BR-101/RJ;Norte;Colisão Lateral;1;2;3;;;;1
13/09/2016;07:54:00;68;com vítima;210,256;BR-101/RJ;Sul;Tombamento;1;0;1;;;;1
14/09/2016;07:54:00;73;sem vítima;265;BR-101/RJ;Norte;Colisão Lateral;1;3;;;;;1
14/09/2016;08:41:00;95;sem vítima;294;BR-101/RJ;Sul;Colisão Traseira;1;4;;;;;1
14/09/2016;14:17:00;178;sem vítima;285;BR-101/RJ;Norte;Colisão Traseira;1;3;;;;;1
15/09/2016;00:04:00;1;com vítima;315,602;BR-101/RJ;Norte;Colisão Traseira;1;3;1;;;;1
16/09/2016;02:29:00;11;sem vítima;287,4;BR-101/RJ;Norte;Engavetamento;2;3;;;;;1
16/09/2016;17:00:00;188;sem vítima;297;BR-101/RJ;Norte;Colisão Lateral;1;2;;;;;1
16/09/2016;21:29:00;221;com vítima;284;BR-101/RJ;Sul;Colisão Lateral;1;1;2;;;;1
17/09/2016;01:43:00;16;sem vítima;123;BR-101/RJ;Norte;Colisão Traseira;2;2;;;;;1
18/09/2016;18:13:00;166;sem vítima;225;BR-101/RJ;Norte;Colisão Traseira;1;9;;;;;1
19/09/2016;14:48:00;191;sem vítima;274;BR-101/RJ;Norte;Engavetamento;2;5;;;;;1
20/09/2016;07:27:00;33;sem vítima;205;BR-101/RJ;Norte;Engavetamento;2;6;;;;;1
20/09/2016;08:29:00;55;sem vítima;178;BR-101/RJ;Norte;Colisão Lateral;1;2;;;;;1
20/09/2016;17:40:00;158;sem vítima;243,405;BR-101/RJ;Norte;Colisão Lateral;1;7;;;;;1
20/09/2016;19:05:00;173;com vítima;213,211;BR-101/RJ;Norte;Colisão Frontal;1;1;3;;;2;3
21/09/2016;21:50:00;235;sem vítima;296;BR-101/RJ;Sul;Choque - Objeto sobre a pista;1;1;;;;;1
21/09/2016;23:07:00;240;sem vítima;102;BR-101/RJ;Sul;Colisão Lateral;1;2;;;;;1
22/09/2016;00:58:00;6;sem vítima;215,96;BR-101/RJ;Sul;Choque - Objeto sobre a pista;1;1;;;;;1
23/09/2016;10:09:00;103;sem vítima;242;BR-101/RJ;Sul;Colisão Traseira;2;3;;;;;1
24/09/2016;10:09:00;82;com vítima;200;BR-101/RJ;Sul;Engavetamento;1;2;5;;;;1
25/09/2016;15:30:00;105;sem vítima;252;BR-101/RJ;Sul;Colisão Traseira;2;2;;;;;1
26/09/2016;00:20:00;4;sem vítima;293;BR-101/RJ;Sul;Colisão Lateral;1;2;;;;;1
26/09/2016;13:55:00;144;sem vítima;310;BR-101/RJ;Norte;Colisão Lateral;1;5;;;;;1
27/09/2016;13:42:00;142;com vítima;137;BR-101/RJ;Sul;Colisão Transversal;1;3;;1;;;2
27/09/2016;23:46:00;215;com vítima;105,025;BR-101/RJ;Norte;Choque - Elemento de Drenagem;1;0;1;;;;1
28/09/2016;09:45:00;102;sem vítima;122;BR-101/RJ;Norte;Colisão Traseira;1;4;;;;;1
28/09/2016;10:20:00;110;sem vítima;303,155;BR-101/RJ;Norte;Choque - Defensa, barreira ou "submarino";1;1;;;;;1
28/09/2016;10:39:00;117;com vítima;308,601;BR-101/RJ;Sul;Colisão Traseira;1;1;1;;;;1
28/09/2016;12:20:00;139;sem vítima;259,085;BR-101/RJ;Sul;Colisão Traseira;1;2;;;;;1
29/09/2016;05:36:00;24;sem vítima;215,97;BR-101/RJ;Sul;Tombamento;1;1;;;;;1
29/09/2016;09:25:00;97;sem vítima;231,498;BR-101/RJ;Sul;Colisão Lateral;1;5;;;;;1
29/09/2016;17:05:00;186;sem vítima;71,32;BR-101/RJ;Norte;Colisão Traseira;2;2;;;;;1
29/09/2016;19:16:00;211;com vítima;90,332;BR-101/RJ;Norte;Colisão Frontal;1;1;1;;;;1
29/09/2016;19:55:00;216;sem vítima;271,135;BR-101/RJ;Sul;Atropelamento de Animal;1;1;;;;;1
30/09/2016;01:43:00;14;sem vítima;318,7;BR-101/RJ;Norte;Colisão Lateral;1;2;;;;;1
30/09/2016;07:02:00;47;sem vítima;102,057;BR-101/RJ;Norte;Choque - Elemento de Drenagem;1;1;;;;;1
30/09/2016;09:17:00;97;sem vítima;303;BR-101/RJ;Norte;Choque - Suporte de Sinalização;1;1;;;;;1
30/09/2016;22:10:00;243;com vítima;320,939;BR-101/RJ;Norte;Choque - Defensa, barreira ou "submarino";1;0;1;;;;1
30/09/2016;22:22:00;245;sem vítima;239;BR-101/RJ;Sul;Colisão Lateral;1;2;;;;;1
30/09/2016;23:22:00;256;com vítima;285,285;BR-101/RJ;Norte;Atropelamento de Animal;1;5;1;;;;1
01/10/2016;19:45:00;182;sem vítima;306;BR-101/RJ;Norte;Objeto lançado contra veículo;1;1;;;;;1
03/10/2016;21:35:00;228;sem vítima;188;BR-101/RJ;Norte;Tombamento;1;1;;;;;1
03/10/2016;22:50:00;237;sem vítima;87;BR-101/RJ;Sul;Atropelamento de Animal;1;1;;;;;1
04/10/2016;00:28:00;5;sem vítima;262,341;BR-101/RJ;Norte;Choque - Elemento de Drenagem;1;2;;;;;1
04/10/2016;05:51:00;34;com vítima;176,6;BR-101/RJ;Norte;Colisão Frontal;2;4;;;;1;3
04/10/2016;06:26:00;38;sem vítima;265,121;BR-101/RJ;Norte;Choque - Elemento de Drenagem;1;1;;;;;1
04/10/2016;08:21:00;56;com vítima;312,66;BR-101/RJ;Sul;Colisão Traseira;1;3;1;;;;1
04/10/2016;21:26:00;181;sem vítima;305;BR-101/RJ;Norte;Objeto lançado contra veículo;1;1;;;;;1
05/10/2016;20:24:00;242;sem vítima;15;BR-101/RJ;Sul;Choque - Objeto sobre a pista;1;1;;;;;1
06/10/2016;04:57:00;22;sem vítima;59,7;BR-101/RJ;Norte;Colisão Traseira;1;2;;;;;1
06/10/2016;09:04:00;84;sem vítima;229;BR-101/RJ;Sul;Capotamento;1;1;;;;;1
06/10/2016;16:18:00;174;sem vítima;297,81;BR-101/RJ;Norte;Colisão Lateral;1;3;;;;;1
07/10/2016;06:28:00;28;sem vítima;293,504;BR-101/RJ;Norte;Colisão Lateral;1;5;;;;;1
07/10/2016;09:47:00;94;com vítima;252;BR-101/RJ;Norte;Colisão Traseira;1;1;1;;;;1
07/10/2016;20:30:00;237;sem vítima;215;BR-101/RJ;Norte;Objeto lançado contra veículo;1;2;;;;;1
10/10/2016;18:19:00;164;com vítima;262;BR-101/RJ;Sul;Choque - Defensa, barreira ou "submarino";1;2;1;;;;1
11/10/2016;12:42:00;154;sem vítima;190;BR-101/RJ;Norte;Colisão Traseira;1;3;;;;;1
11/10/2016;14:57:00;177;com vítima;66,707;BR-101/RJ;Norte;Tombamento;1;2;;1;;;2
11/10/2016;18:42:00;215;sem vítima;297;BR-101/RJ;Norte;Colisão Lateral;1;2;;;;;1
12/10/2016;03:01:00;22;com vítima;95,81;BR-101/RJ;Sul;Tombamento;1;0;1;;;;1
13/10/2016;23:04:00;255;com vítima;252;BR-101/RJ;Sul;Choque - Outros;1;0;1;;;;1
14/10/2016;08:32:00;92;com vítima;169;BR-101/RJ;Norte;Colisão Traseira;1;1;4;;;;1
14/10/2016;08:45:00;98;com vítima;284,334;BR-101/RJ;Norte;Choque - Defensa, barreira ou "submarino";1;0;;1;;;2
14/10/2016;11:51:00;147;com vítima;296,514;BR-101/RJ;Sul;Tombamento;1;1;;1;;;2
14/10/2016;12:34:00;155;sem vítima;296,514;BR-101/RJ;Sul;Colisão Lateral;1;2;;;;;1
14/10/2016;18:09:00;235;sem vítima;272,502;BR-101/RJ;Norte;Engavetamento;1;5;;;;;1
15/10/2016;00:17:00;4;sem vítima;266,5;BR-101/RJ;Norte;Colisão Lateral;1;5;;;;;1
16/10/2016;11:47:00;70;com vítima;155,6;BR-101/RJ;Norte;Colisão Lateral;1;0;6;;;;1
18/10/2016;22:44:00;236;com vítima;296,881;BR-101/RJ;Norte;Colisão Lateral;1;1;1;;;;1
20/10/2016;02:37:00;15;com vítima;156,265;BR-101/RJ;Norte;Tombamento;1;0;;1;;;2
20/10/2016;09:14:00;98;sem vítima;227;BR-101/RJ;Norte;Colisão Lateral;1;3;;;;;1
20/10/2016;18:50:00;240;sem vítima;294;BR-101/RJ;Norte;Engavetamento;1;5;;;;;1
21/10/2016;00:20:00;4;sem vítima;222,05;BR-101/RJ;Sul;Tombamento;1;1;;;;;1
21/10/2016;14:49:00;163;sem vítima;272;BR-101/RJ;Norte;Colisão Traseira;1;3;;;;;1
22/10/2016;01:41:00;12;sem vítima;321,55;BR-101/RJ;Sul;Colisão Traseira;1;2;;;;;1
22/10/2016;11:06:00;94;sem vítima;221,5;BR-101/RJ;Norte;Choque - Objeto sobre a pista;1;1;;;;;1
22/10/2016;12:17:00;110;com vítima;102,087;BR-101/RJ;Norte;Choque - Defensa, barreira ou "submarino";1;2;1;;;;1
23/10/2016;06:27:00;25;com vítima;293;BR-101/RJ;Sul;Colisão Traseira;1;2;1;;;;1
23/10/2016;07:54:00;35;com vítima;197,455;BR-101/RJ;Norte;Colisão Traseira;1;5;;1;;;2
23/10/2016;20:51:00;150;com vítima;76;BR-101/RJ;Norte;Colisão Lateral;1;1;1;;;;1
24/10/2016;22:00:00;239;com vítima;263;BR-101/RJ;Sul;Objeto lançado contra veículo;1;0;1;;;;1
25/10/2016;11:24:00;110;sem vítima;175;BR-101/RJ;Norte;Colisão Lateral;2;3;;;;;1
25/10/2016;14:50:00;141;sem vítima;92;BR-101/RJ;Sul;Colisão Traseira;1;7;;;;;1
25/10/2016;22:10:00;204;com vítima;240,169;BR-101/RJ;Sul;Colisão Lateral;1;3;1;;;;1
26/10/2016;02:04:00;15;sem vítima;305,46;BR-101/RJ;Sul;Atropelamento de Animal;1;3;;;;;1
26/10/2016;04:39:00;22;com vítima;13;BR-101/RJ;Sul;Colisão Traseira;2;2;1;;;;1
26/10/2016;07:27:00;43;sem vítima;296;BR-101/RJ;Norte;Colisão Lateral;1;2;;;;;1
26/10/2016;11:51:00;126;sem vítima;62,676;BR-101/RJ;Sul;Colisão Traseira;1;13;;;;;1
26/10/2016;12:48:00;134;sem vítima;68,428;BR-101/RJ;Norte;Colisão Traseira;1;2;;;;;1
26/10/2016;21:49:00;215;com vítima;82,325;BR-101/RJ;Norte;Colisão Traseira;2;2;;1;;;2
26/10/2016;23:38:00;228;sem vítima;54;BR-101/RJ;Sul;Objeto lançado contra veículo;1;1;;;;;1
27/10/2016;00:08:00;2;sem vítima;57;BR-101/RJ;Sul;Objeto lançado contra veículo;1;1;;;;;1
27/10/2016;02:28:00;15;com vítima;180,5;BR-101/RJ;Sul;Tombamento;1;0;2;;;;1
27/10/2016;08:36:00;79;sem vítima;297;BR-101/RJ;Norte;Colisão Lateral;1;2;;;;;1
27/10/2016;17:20:00;216;com vítima;116,8;BR-101/RJ;Norte;Tombamento;1;0;1;;;;1
29/10/2016;19:18:00;188;sem vítima;299,5;BR-101/RJ;Sul;Colisão Lateral;2;3;;;;;1
30/10/2016;08:12:00;40;sem vítima;317,606;BR-101/RJ;Sul;Choque - Defensa, barreira ou "submarino";1;2;;;;;1
31/10/2016;10:05:00;93;sem vítima;63,294;BR-101/RJ;Norte;Colisão Lateral;1;2;;;;;1
31/10/2016;18:43:00;207;com vítima;200,421;BR-101/RJ;Sul;Colisão Lateral;1;2;1;;;;1
01/11/2016;10:32:00;110;sem vítima;279;BR-101/RJ;Norte;Colisão Lateral;1;3;;;;;1
01/11/2016;15:30:00;194;com vítima;282,744;BR-101/RJ;Norte;Tombamento;1;0;1;;;;1
02/11/2016;09:06:00;58;sem vítima;283;BR-101/RJ;Norte;Colisão Traseira;1;7;;;;;1
02/11/2016;11:19:00;83;sem vítima;40;BR-101/RJ;Sul;Colisão Traseira;1;2;;;;;1
03/11/2016;01:13:00;10;sem vítima;276,63;BR-101/RJ;Norte;Choque - Poste;1;2;;;;;1
03/11/2016;10:29:00;121;sem vítima;297;BR-101/RJ;Norte;Colisão Lateral;1;2;;;;;1
03/11/2016;10:54:00;123;sem vítima;297;BR-101/RJ;Norte;Engavetamento;1;3;;;;;1
03/11/2016;23:36:00;254;sem vítima;224,276;BR-101/RJ;Norte;Tombamento;1;1;;;;;1
04/11/2016;01:03:00;4;sem vítima;228,105;BR-101/RJ;Norte;Choque - Defensa, barreira ou "submarino";1;1;;;;;1
04/11/2016;01:28:00;8;sem vítima;295,634;BR-101/RJ;Norte;Choque - Suporte de Sinalização;1;2;;;;;1
04/11/2016;15:57:00;152;sem vítima;190,165;BR-101/RJ;Norte;Colisão Lateral;1;7;;;;;1
05/11/2016;04:27:00;19;sem vítima;261;BR-101/RJ;Sul;Colisão Lateral;1;5;;;;;1
05/11/2016;07:03:00;34;com vítima;193,29;BR-101/RJ;Norte;Choque - Suporte de Sinalização;1;0;1;;;;1
05/11/2016;11:20:00;86;sem vítima;288,625;BR-101/RJ;Sul;Colisão Traseira;1;3;;;;;1
06/11/2016;14:25:00;93;sem vítima;184,887;BR-101/RJ;Norte;Tombamento;1;3;;;;;1
08/11/2016;16:10:00;202;com vítima;120,781;BR-101/RJ;Norte;Colisão Transversal;1;4;;1;;;2
10/11/2016;03:06:00;16;sem vítima;278,061;BR-101/RJ;Sul;Tombamento;1;2;;;;;1
10/11/2016;05:36:00;24;com vítima;49,594;BR-101/RJ;Sul;Atropelamento - Morador;1;1;;;;1;3
10/11/2016;06:51:00;32;sem vítima;101;BR-101/RJ;Norte;Colisão Traseira;1;5;;;;;1
11/11/2016;03:59:00;15;com vítima;175,7;BR-101/RJ;Norte;Colisão Lateral;1;2;1;;;;1
11/11/2016;06:19:00;26;com vítima;223;BR-101/RJ;Sul;Choque - Defensa, barreira ou "submarino";1;0;1;;;;1
11/11/2016;07:13:00;43;sem vítima;295;BR-101/RJ;Norte;Colisão Traseira;1;2;;;;;1
11/11/2016;10:55:00;118;com vítima;297;BR-101/RJ;Sul;Colisão Lateral;1;1;;1;;;2
11/11/2016;15:12:00;164;sem vítima;56;BR-101/RJ;Sul;Colisão Lateral;1;4;;;;;1
11/11/2016;20:17:00;232;com vítima;276;BR-101/RJ;Sul;Colisão Lateral;1;1;2;;;;1
12/11/2016;09:03:00;79;com vítima;243;BR-101/RJ;Sul;Colisão Frontal;1;3;;5;;;2
12/11/2016;14:33:00;137;sem vítima;242;BR-101/RJ;Norte;Choque - Suporte de Sinalização;1;1;;;;;1
12/11/2016;14:58:00;139;sem vítima;121;BR-101/RJ;Sul;Objeto lançado contra veículo;1;2;;;;;1
12/11/2016;16:21:00;159;sem vítima;61;BR-101/RJ;Sul;Colisão Transversal;1;3;;;;;1
12/11/2016;23:19:00;225;sem vítima;169,2;BR-101/RJ;Norte;Choque - Defensa, barreira ou "submarino";1;3;;;;;1
14/11/2016;00:14:00;2;com vítima;60,317;BR-101/RJ;Norte;Colisão Transversal;1;1;1;;;;1
14/11/2016;15:51:00;118;sem vítima;297;BR-101/RJ;Norte;Colisão Lateral;1;5;;;;;1
14/11/2016;18:51:00;149;sem vítima;297;BR-101/RJ;Norte;Colisão Lateral;1;2;;;;;1
15/11/2016;02:07:00;18;sem vítima;234,88;BR-101/RJ;Norte;Choque - Defensa, barreira ou "submarino";1;1;;;;;1
16/11/2016;11:58:00;129;sem vítima;185,215;BR-101/RJ;Sul;Colisão Traseira;2;2;;;;;1
17/11/2016;04:27:00;19;sem vítima;81,6;BR-101/RJ;Sul;Choque - Poste;1;1;;;;;1
17/11/2016;19:29:00;231;sem vítima;123;BR-101/RJ;Sul;Colisão Lateral;1;2;;;;;1
17/11/2016;21:19:00;249;sem vítima;135,313;BR-101/RJ;Sul;Atropelamento de Animal;1;1;;;;;1
18/11/2016;03:10:00;13;sem vítima;247,177;BR-101/RJ;Norte;Colisão Traseira;1;3;;;;;1
18/11/2016;03:58:00;17;com vítima;320,4;BR-101/RJ;Norte;Colisão Traseira;1;1;1;1;1;1;3
18/11/2016;05:38:00;30;sem vítima;94,536;BR-101/RJ;Sul;Colisão Frontal;2;2;;;;;1
19/11/2016;07:14:00;33;sem vítima;92;BR-101/RJ;Norte;Colisão Traseira;1;4;;;;;1
19/11/2016;07:15:00;34;sem vítima;92;BR-101/RJ;Norte;Colisão Traseira;1;2;;;;;1
19/11/2016;11:07:00;69;sem vítima;298;BR-101/RJ;Norte;Colisão Lateral;1;4;;;;;1
20/11/2016;21:26:00;168;com vítima;263,178;BR-101/RJ;Norte;Colisão Lateral;1;1;;1;;;2
20/11/2016;23:59:00;181;sem vítima;184;BR-101/RJ;Norte;Colisão Lateral;1;2;;;;;1
21/11/2016;01:42:00;13;com vítima;70;BR-101/RJ;Sul;Colisão Transversal;1;1;2;;;;1
21/11/2016;12:53:00;168;sem vítima;186;BR-101/RJ;Sul;Choque - Suporte de Sinalização;1;1;;;;;1
22/11/2016;09:25:00;92;com vítima;255,94;BR-101/RJ;Norte;Engavetamento;1;10;1;3;;;2
22/11/2016;09:33:00;96;com vítima;65,9;BR-101/RJ;Norte;Colisão Transversal;1;1;1;;;;1
22/11/2016;18:36:00;203;sem vítima;297;BR-101/RJ;Norte;Colisão Lateral;1;2;;;;;1
22/11/2016;20:47:00;219;sem vítima;219,8;BR-101/RJ;Norte;Atropelamento de Animal;1;1;;;;;1
23/11/2016;00:31:00;11;com vítima;220,9;BR-101/RJ;Sul;Tombamento;1;0;1;;;;1
24/11/2016;15:39:00;166;sem vítima;237,743;BR-101/RJ;Sul;Colisão Traseira;1;4;;;;;1
25/11/2016;00:39:00;4;com vítima;61,25;BR-101/RJ;Sul;Colisão Traseira;2;0;3;;;;1
25/11/2016;07:26:00;47;sem vítima;221;BR-101/RJ;Sul;Objeto lançado contra veículo;1;2;;;;;1
25/11/2016;19:58:00;207;sem vítima;27;BR-101/RJ;Norte;Choque - Objeto sobre a pista;1;2;;;;;1
27/11/2016;16:18:00;112;com vítima;254,563;BR-101/RJ;Norte;Colisão Lateral;1;5;1;;;;1
27/11/2016;20:36:00;174;sem vítima;33;BR-101/RJ;Sul;Colisão Lateral;1;4;;;;;1
27/11/2016;21:46:00;184;sem vítima;299,9;BR-101/RJ;Sul;Colisão Lateral;1;3;;;;;1
28/11/2016;12:03:00;149;sem vítima;297;BR-101/RJ;Norte;Colisão Lateral;1;2;;;;;1
28/11/2016;13:39:00;173;sem vítima;297;BR-101/RJ;Norte;Colisão Lateral;1;2;;;;;1
29/11/2016;16:56:00;186;com vítima;274;BR-101/RJ;Sul;Colisão Frontal;1;1;1;;;;1
29/11/2016;22:38:00;238;com vítima;184,6;BR-101/RJ;Norte;Colisão Frontal;1;0;2;;;;1
30/11/2016;11:44:00;98;sem vítima;85,269;BR-101/RJ;Sul;Choque - Objeto sobre a pista;1;2;;;;;1
02/12/2016;06:00:00;27;sem vítima;68,967;BR-101/RJ;Sul;Colisão Lateral;1;2;;;;;1
02/12/2016;16:52:00;199;sem vítima;296,4;BR-101/RJ;Norte;Engavetamento;1;6;;;;;1
03/12/2016;08:03:00;43;sem vítima;209;BR-101/RJ;Norte;Colisão Lateral;1;2;;;;;1
04/12/2016;00:00:00;1;sem vítima;203,337;BR-101/RJ;Sul;Choque - Defensa, barreira ou "submarino";1;1;;;;;1
04/12/2016;11:16:00;68;com vítima;166,282;BR-101/RJ;Norte;Colisão Frontal;2;4;2;1;;;2
04/12/2016;14:13:00;91;sem vítima;252;BR-101/RJ;Norte;Colisão Traseira;1;3;;;;;1
06/12/2016;04:20:00;17;com vítima;261,815;BR-101/RJ;Sul;Tombamento;1;0;1;;;;1
07/12/2016;16:47:00;200;sem vítima;252;BR-101/RJ;Sul;Choque - Defensa, barreira ou "submarino";1;1;;;;;1
07/12/2016;23:12:00;285;com vítima;93;BR-101/RJ;Norte;Engavetamento;1;3;2;;;;1
08/12/2016;04:45:00;21;sem vítima;128,115;BR-101/RJ;Norte;Tombamento;1;1;;;;;1
08/12/2016;09:55:00;102;sem vítima;67,288;BR-101/RJ;Norte;Colisão Traseira;1;4;;;;;1
08/12/2016;12:08:00;142;com vítima;295;BR-101/RJ;Sul;Colisão Traseira;1;1;1;;;;1
08/12/2016;17:02:00;211;sem vítima;9;BR-101/RJ;Norte;Colisão Traseira;1;2;;;;;1
08/12/2016;20:38:00;270;sem vítima;317;BR-101/RJ;Norte;Engavetamento;1;6;;;;;1
08/12/2016;23:36:00;283;sem vítima;241,782;BR-101/RJ;Norte;Choque - Suporte de Sinalização;1;1;;;;;1
09/12/2016;04:04:00;27;sem vítima;12,585;BR-101/RJ;Norte;Colisão Traseira;1;3;;;;;1
09/12/2016;10:39:00;137;sem vítima;297;BR-101/RJ;Sul;Colisão Traseira;2;2;;;;;1
09/12/2016;14:45:00;189;com vítima;184,718;BR-101/RJ;Sul;Saida de Pista;1;0;1;;;;1
10/12/2016;19:00:00;215;com vítima;56,6;BR-101/RJ;Norte;Atropelamento de Animal;1;1;4;1;;;2
10/12/2016;20:11:00;241;sem vítima;277;BR-101/RJ;Norte;Colisão Lateral;1;2;;;;;1
11/12/2016;23:56:00;174;com vítima;217,778;BR-101/RJ;Sul;Colisão Frontal;3;4;;;;2;3
12/12/2016;01:39:00;9;sem vítima;193;BR-101/RJ;Sul;Colisão Traseira;2;2;;;;;1
12/12/2016;17:22:00;191;sem vítima;300;BR-101/RJ;Norte;Choque - Elemento de Drenagem;2;4;;;;;1
12/12/2016;18:21:00;206;sem vítima;320;BR-101/RJ;Sul;Colisão Traseira;1;2;;;;;1
12/12/2016;20:06:00;219;com vítima;241,775;BR-101/RJ;Sul;Colisão Frontal;1;1;;1;;1;3
13/12/2016;00:11:00;1;sem vítima;251,745;BR-101/RJ;Norte;Atropelamento de Animal;1;1;;;;;1
13/12/2016;00:26:00;4;sem vítima;269;BR-101/RJ;Sul;Colisão Traseira;1;2;;;;;1
13/12/2016;06:01:00;25;com vítima;209;BR-101/RJ;Norte;Colisão Transversal;1;3;2;;;;1
15/12/2016;07:55:00;65;sem vítima;101,981;BR-101/RJ;Norte;Choque - Defensa, barreira ou "submarino";1;1;;;;;1
15/12/2016;11:15:00;109;com vítima;314,441;BR-101/RJ;Sul;Engavetamento;2;3;;;2;;2
16/12/2016;09:52:00;124;sem vítima;65;BR-101/RJ;Sul;Colisão Traseira;1;2;;;;;1
17/12/2016;11:45:00;106;sem vítima;312,965;BR-101/RJ;Norte;Colisão Traseira;1;3;;;;;1
17/12/2016;16:30:00;159;sem vítima;254,073;BR-101/RJ;Sul;Colisão Transversal;1;2;;;;;1
18/12/2016;23:31:00;210;sem vítima;193;BR-101/RJ;Sul;Colisão Lateral;1;2;;;;;1
18/12/2016;23:46:00;213;com vítima;97,6;BR-101/RJ;Sul;Choque - Talude;1;2;1;;;;1
20/12/2016;08:13:00;84;com vítima;294;BR-101/RJ;Norte;Colisão Lateral;1;1;;;1;;2
21/12/2016;00:14:00;2;sem vítima;122,719;BR-101/RJ;Sul;Choque - Defensa, barreira ou "submarino";1;1;;;;;1
21/12/2016;21:52:00;277;com vítima;248;BR-101/RJ;Sul;Atropelamento - Morador;1;1;1;;;;1
22/12/2016;09:07:00;103;sem vítima;297;BR-101/RJ;Norte;Colisão Lateral;1;2;;;;;1
22/12/2016;16:51:00;238;sem vítima;297;BR-101/RJ;Sul;Colisão Traseira;1;2;;;;;1
22/12/2016;22:55:00;314;sem vítima;163;BR-101/RJ;Sul;Atropelamento de Animal;1;1;;;;;1