data;horario;n_da_ocorrencia;tipo_de_ocorrencia;km;trecho;sentido;tipo_de_acidente;caminhao;ilesos;levemente_feridos;moderadamente_feridos;gravemente_feridos;mortos;3
19/10/2018;18:33:00;195;sem vítima;297,863;BR-101/RJ;Sul;Engavetamento;1;5;;;;;1
20/10/2018;07:46:00;73;sem vítima;59,8;BR-101/RJ;Sul;Colisão Traseira;1;4;;;;;1
20/10/2018;17:52:00;184;sem vítima;65,313;BR-101/RJ;Norte;Tombamento;1;2;;;;;1
21/10/2018;04:57:00;43;sem vítima;318,311;BR-101/RJ;Norte;Colisão Lateral;1;2;;;;;1
22/10/2018;16:51:00;179;sem vítima;190,48;BR-101/RJ;Sul;Colisão Lateral;1;2;;;;;1
23/10/2018;06:28:00;47;com vítima;48,78;BR-101/RJ;Norte;Colisão Frontal;1;1;;1;;;2
23/10/2018;08:44:00;78;com vítima;54,4;BR-101/RJ;Norte;Colisão Transversal;1;1;;;;1;3
23/10/2018;23:38:00;215;com vítima;10,95;BR-101/RJ;Sul;Tombamento;1;0;;1;;;2
24/10/2018;00:38:00;21;sem vítima;73,65;BR-101/RJ;Sul;Colisão Frontal;1;1;;;;;1
24/10/2018;03:26:00;36;com vítima;172,378;BR-101/RJ;Norte;Colisão Frontal;1;1;;;1;1;3
25/10/2018;08:03:00;58;sem vítima;298,056;BR-101/RJ;Norte;Colisão Traseira;1;2;;;;;1
25/10/2018;08:43:00;65;sem vítima;297,545;BR-101/RJ;Sul;Colisão Lateral;1;2;;;;;1
25/10/2018;12:02:00;102;sem vítima;297,702;BR-101/RJ;Norte;Colisão Lateral;1;3;;;;;1
25/10/2018;15:09:00;130;sem vítima;179,089;BR-101/RJ;Norte;Engavetamento;3;3;;;;;1
29/10/2018;15:33:00;145;com vítima;187,24;BR-101/RJ;Norte;Colisão Frontal;1;1;;;1;;2
31/10/2018;11:05:00;105;sem vítima;295,015;BR-101/RJ;Sul;Colisão Traseira;1;6;;;;;1
31/10/2018;15:18:00;142;sem vítima;297,412;BR-101/RJ;Sul;Colisão Traseira;2;2;;;;;1
31/10/2018;22:48:00;203;com vítima;286,2;BR-101/RJ;Sul;Atropelamento - Usuário;1;2;;1;;;2
31/10/2018;22:44:00;208;sem vítima;286,2;BR-101/RJ;Sul;Atropelamento de Animal;1;1;;;;;1
01/11/2018;00:33:00;21;sem vítima;52,522;BR-101/RJ;Norte;Tombamento;1;1;;;;;1
01/11/2018;16:21:00;174;sem vítima;233,02;BR-101/RJ;Sul;Outros - Sequência;1;5;;;;;1
01/11/2018;19:43:00;212;com vítima;68,5;BR-101/RJ;Sul;Colisão Transversal;1;1;1;;;;1
01/11/2018;20:33:00;220;com vítima;205,8;BR-101/RJ;Norte;Colisão Traseira;1;1;1;;;;1
01/11/2018;23:42:00;239;sem vítima;119,269;BR-101/RJ;Sul;Colisão Traseira;2;2;;;;;1
02/11/2018;12:36:00;122;sem vítima;283,656;BR-101/RJ;Norte;Colisão Traseira;1;3;;;;;1
04/11/2018;04:25:00;33;com vítima;88,664;BR-101/RJ;Norte;Choque - Defensa, barreira ou "submarino";1;1;2;;;;1
05/11/2018;17:32:00;155;com vítima;87,28;BR-101/RJ;Norte;Choque - Talude;1;1;1;;;;1
05/11/2018;19:03:00;163;com vítima;82,689;BR-101/RJ;Norte;Tombamento;1;0;1;;;;1
06/11/2018;21:46:00;176;sem vítima;86,971;BR-101/RJ;Sul;Choque - Defensa, barreira ou "submarino";1;1;;;;;1
07/11/2018;12:42:00;137;sem vítima;80,001;BR-101/RJ;Sul;Choque - Suporte de Sinalização;1;2;;;;;1
08/11/2018;03:31:00;27;sem vítima;293,208;BR-101/RJ;Sul;Choque - Defensa, barreira ou "submarino";1;1;;;;;1
08/11/2018;06:51:00;45;sem vítima;298,15;BR-101/RJ;Norte;Choque - Defensa, barreira ou "submarino";1;2;;;;;1
08/11/2018;08:08:00;61;com vítima;294,15;BR-101/RJ;Norte;Colisão Traseira;1;2;1;;;;1
08/11/2018;13:29:00;138;com vítima;87,525;BR-101/RJ;Norte;Capotamento;1;0;2;1;;;2
08/11/2018;18:21:00;211;sem vítima;236,568;BR-101/RJ;Sul;Choque - Suporte de Sinalização;1;1;;;;;1
11/11/2018;03:21:00;35;sem vítima;229,384;BR-101/RJ;Norte;Choque - Outros;1;1;;;;;1
12/11/2018;22:56:00;226;com vítima;287,9;BR-101/RJ;Norte;Choque - Veiculo parado na pista;1;1;1;1;;;2
13/11/2018;14:12:00;130;com vítima;127,5;BR-101/RJ;Norte;Colisão Traseira;1;1;1;;;;1
14/11/2018;01:07:00;23;sem vítima;262,1;BR-101/RJ;Norte;Choque - Defensa, barreira ou "submarino";1;1;;;;;1
14/11/2018;07:04:00;53;com vítima;262,762;BR-101/RJ;Norte;Colisão Lateral;2;6;;1;;;2
14/11/2018;08:48:00;90;com vítima;192,808;BR-101/RJ;Sul;Colisão Traseira;2;1;1;;;;1
14/11/2018;20:42:00;251;sem vítima;208,801;BR-101/RJ;Norte;Colisão Lateral;1;2;;;;;1
16/11/2018;20:53:00;203;com vítima;52,89;BR-101/RJ;Norte;Colisão Frontal;1;2;;;1;;2
16/11/2018;20:54:00;204;sem vítima;52,89;BR-101/RJ;Sul;Colisão Traseira;1;2;;;;;1
19/11/2018;20:18:00;207;com vítima;185,83;BR-101/RJ;Sul;Tombamento;1;0;1;1;;;2
21/11/2018;09:28:00;74;com vítima;11,15;BR-101/RJ;Sul;Tombamento;1;0;1;;;;1
22/11/2018;10:34:00;116;sem vítima;292,141;BR-101/RJ;Norte;Colisão Lateral;1;3;;;;;1
22/11/2018;13:20:00;143;com vítima;296,897;BR-101/RJ;Sul;Colisão Transversal;1;1;1;;;;1
22/11/2018;16:30:00;176;sem vítima;295,29;BR-101/RJ;Sul;Choque - Defensa, barreira ou "submarino";1;1;;;;;1
22/11/2018;18:05:00;187;sem vítima;295,29;BR-101/RJ;Sul;Colisão Lateral;1;5;;;;;1
24/11/2018;00:56:00;18;sem vítima;41,1;BR-101/RJ;Sul;Atropelamento de Animal;1;1;;;;;1
24/11/2018;08:52:00;71;sem vítima;76,6;BR-101/RJ;Sul;Colisão Traseira;1;4;;;;;1
27/11/2018;14:26:00;162;com vítima;73,08;BR-101/RJ;Norte;Engavetamento;1;8;1;;;;1
29/11/2018;03:32:00;41;sem vítima;312,468;BR-101/RJ;Norte;Colisão Traseira;1;3;;;;;1
30/11/2018;12:59:00;135;com vítima;266,521;BR-101/RJ;Norte;Choque - Defensa, barreira ou "submarino";1;1;1;;;;1
30/11/2018;23:17:00;276;com vítima;22,568;BR-101/RJ;Sul;Colisão Frontal;1;1;1;1;;1;3
01/12/2018;16:38:00;174;com vítima;222,964;BR-101/RJ;Sul;Colisão Traseira;1;2;1;;;;1
03/12/2018;09:26:00;94;sem vítima;177,22;BR-101/RJ;Norte;Colisão Traseira;2;3;;;;;1
04/12/2018;11:33:00;126;com vítima;175,638;BR-101/RJ;Sul;Colisão Traseira;2;1;2;;;1;3
04/12/2018;17:37:00;192;sem vítima;253,653;BR-101/RJ;Sul;Colisão Lateral;2;3;;;;;1
05/12/2018;14:04:00;173;com vítima;57,341;BR-101/RJ;Norte;Colisão Lateral;1;0;5;;;;1
06/12/2018;02:56:00;38;sem vítima;257,92;BR-101/RJ;Sul;Choque - Defensa, barreira ou "submarino";1;1;;;;;1
08/12/2018;04:57:00;42;sem vítima;222,808;BR-101/RJ;Sul;Choque - Elemento de Drenagem;1;1;;;;;1
08/12/2018;07:38:00;55;sem vítima;91,97;BR-101/RJ;Norte;Choque - Defensa, barreira ou "submarino";1;1;;;;;1
08/12/2018;08:25:00;60;com vítima;19,67;BR-101/RJ;Norte;Tombamento;1;1;1;;;;1
08/12/2018;20:58:00;167;sem vítima;236,815;BR-101/RJ;Sul;Colisão Lateral;1;5;;;;;1
09/12/2018;05:33:00;45;sem vítima;242,068;BR-101/RJ;Sul;Colisão Lateral;1;8;;;;;1
09/12/2018;10:18:00;80;com vítima;94,901;BR-101/RJ;Sul;Choque - Defensa, barreira ou "submarino";1;0;3;;;;1
10/12/2018;11:11:00;129;com vítima;161,353;BR-101/RJ;Norte;Tombamento;1;0;;;1;;2
10/12/2018;21:46:00;264;sem vítima;170,8;BR-101/RJ;Sul;Colisão Lateral;1;2;;;;;1
11/12/2018;01:58:00;30;com vítima;155,25;BR-101/RJ;Norte;Tombamento;1;0;1;;;;1
11/12/2018;07:24:00;67;com vítima;310,933;BR-101/RJ;Sul;Colisão Traseira;1;1;1;1;;;2
11/12/2018;10:32:00;120;sem vítima;227,025;BR-101/RJ;Norte;Colisão Traseira;1;4;;;;;1
11/12/2018;14:28:00;177;com vítima;291,657;BR-101/RJ;Sul;Colisão Traseira;1;3;1;;;;1
12/12/2018;17:50:00;219;com vítima;67,975;BR-101/RJ;Norte;Colisão Traseira;1;3;1;;;;1
13/12/2018;01:03:00;30;sem vítima;300,862;BR-101/RJ;Norte;Colisão Traseira;1;2;;;;;1
13/12/2018;02:49:00;35;com vítima;302,201;BR-101/RJ;Norte;Colisão Traseira;1;2;;;;1;3
14/12/2018;04:39:00;40;sem vítima;86,785;BR-101/RJ;Sul;Atropelamento de Animal;1;1;;;;;1
14/12/2018;08:12:00;68;com vítima;212,001;BR-101/RJ;Norte;Colisão Traseira;1;3;6;;;;1
14/12/2018;14:44:00;157;sem vítima;65,6;BR-101/RJ;Sul;Colisão Traseira;1;3;;;;;1
15/12/2018;01:20:00;30;com vítima;118,322;BR-101/RJ;Sul;Atropelamento - Morador;1;1;;;;1;3
15/12/2018;07:05:00;53;sem vítima;266,45;BR-101/RJ;Sul;Choque - Defensa, barreira ou "submarino";1;1;;;;;1
15/12/2018;21:35:00;236;sem vítima;68,313;BR-101/RJ;Sul;Colisão Lateral;1;3;;;;;1
16/12/2018;00:14:00;26;sem vítima;285,72;BR-101/RJ;Norte;Colisão Traseira;2;3;;;;;1
17/12/2018;04:41:00;42;sem vítima;162,35;BR-101/RJ;Norte;Colisão Lateral;2;2;;;;;1
17/12/2018;17:19:00;234;com vítima;299,5;BR-101/RJ;Sul;Atropelamento - Morador;1;1;1;;;;1
17/12/2018;20:24:00;288;sem vítima;272,855;BR-101/RJ;Sul;Choque - Objeto sobre a pista;1;1;;;;;1
19/12/2018;19:23:00;229;sem vítima;66,423;BR-101/RJ;Norte;Colisão Lateral;1;3;;;;;1
20/12/2018;05:18:00;47;sem vítima;32,644;BR-101/RJ;Sul;Colisão Traseira;1;1;;;;;1
20/12/2018;06:49:00;67;com vítima;255,4;BR-101/RJ;Sul;Colisão Traseira;2;1;2;1;;;2
20/12/2018;17:26:00;228;sem vítima;19,806;BR-101/RJ;Sul;Choque - Defensa, barreira ou "submarino";1;2;;;;;1
21/12/2018;00:13:00;27;sem vítima;116,555;BR-101/RJ;Sul;Choque - Talude;1;1;;;;;1
21/12/2018;13:45:00;163;sem vítima;297,03;BR-101/RJ;Sul;Colisão Lateral;1;5;;;;;1
21/12/2018;14:36:00;176;com vítima;193,14;BR-101/RJ;Sul;Engavetamento;1;7;2;;;;1
21/12/2018;18:17:00;226;sem vítima;236,355;BR-101/RJ;Norte;Colisão Traseira;1;3;;;;;1
22/12/2018;01:50:00;35;sem vítima;249,818;BR-101/RJ;Norte;Colisão Traseira;1;4;;;;;1
22/12/2018;14:08:00;160;com vítima;67,81;BR-101/RJ;Norte;Engavetamento;1;9;1;;;;1
23/12/2018;15:31:00;184;com vítima;72,715;BR-101/RJ;Sul;Colisão Lateral;1;3;1;4;2;;2
23/12/2018;21:16:00;249;sem vítima;83,578;BR-101/RJ;Norte;Choque - Defensa, barreira ou "submarino";1;1;;;;;1
24/12/2018;00:51:00;27;sem vítima;123,071;BR-101/RJ;Sul;Choque - Cancela de Pedagio;1;1;;;;;1
25/12/2018;06:55:00;37;com vítima;21,527;BR-101/RJ;Sul;Colisão Frontal;1;0;1;;;1;3
26/12/2018;18:09:00;180;sem vítima;123,077;BR-101/RJ;Sul;Colisão Lateral;1;2;;;;;1
27/12/2018;17:52:00;185;sem vítima;283,352;BR-101/RJ;Norte;Colisão Traseira;1;4;;;;;1
28/12/2018;04:21:00;39;com vítima;253,062;BR-101/RJ;Sul;Colisão Traseira;1;1;1;;;;1
28/12/2018;13:30:00;128;sem vítima;284,102;BR-101/RJ;Sul;Choque - Defensa, barreira ou "submarino";1;2;;;;;1
28/12/2018;14:55:00;139;com vítima;169,102;BR-101/RJ;Sul;Colisão Frontal;2;0;;1;3;;2
28/12/2018;20:52:00;204;com vítima;74,564;BR-101/RJ;Sul;Colisão Lateral;1;2;;;1;;2
30/12/2018;22:22:00;179;sem vítima;79,956;BR-101/RJ;Norte;Colisão Traseira;1;4;;;;;1
01/02/2019;01:32:00;29;sem vítima;61,2;BR-101/RJ;Sul;Colisão Traseira;2;3;;;;;1
01/02/2019;18:59:00;242;sem vítima;295,86;BR-101/RJ;Sul;Colisão Traseira;1;3;;;;;1
01/02/2019;22:51:00;293;com vítima;254,491;BR-101/RJ;Sul;Colisão Traseira;2;1;;2;;1;3
03/02/2019;10:46:00;76;sem vítima;63,369;BR-101/RJ;Sul;Colisão Lateral;1;2;;;;;1
03/02/2019;20:06:00;168;com vítima;97,248;BR-101/RJ;Sul;Colisão Lateral;1;2;;1;1;;2
04/02/2019;13:00:00;122;sem vítima;206,2;BR-101/RJ;Norte;Colisão Traseira;1;3;;;;;1
05/02/2019;01:15:00;33;com vítima;153,5;BR-101/RJ;Norte;Colisão Transversal;1;2;1;;;;1
05/02/2019;01:37:00;37;sem vítima;272,96;BR-101/RJ;Norte;Colisão Traseira;1;36;;;;;1
05/02/2019;01:44:00;38;com vítima;215,2;BR-101/RJ;Sul;Choque - Defensa, barreira ou "submarino";1;0;1;;;;1
05/02/2019;11:22:00;116;sem vítima;293,652;BR-101/RJ;Norte;Colisão Traseira;1;2;;;;;1
05/02/2019;21:26:00;214;com vítima;53,285;BR-101/RJ;Sul;Colisão Frontal;1;0;2;;;1;3
06/02/2019;01:29:00;28;sem vítima;62,644;BR-101/RJ;Norte;Colisão Traseira;1;2;;;;;1
06/02/2019;19:10:00;168;sem vítima;252,89;BR-101/RJ;Sul;Choque - Elemento de Drenagem;1;1;;;;;1
06/02/2019;19:14:00;169;com vítima;85,783;BR-101/RJ;Norte;Tombamento;1;0;1;;;;1
06/02/2019;23:40:00;202;sem vítima;76,109;BR-101/RJ;Sul;Atropelamento de Animal;1;1;;;;;1
07/02/2019;00:07:00;24;sem vítima;209,5;BR-101/RJ;Sul;Tombamento;1;1;;;;;1
07/02/2019;18:58:00;207;sem vítima;236,355;BR-101/RJ;Norte;Colisão Lateral;1;2;;;;;1
08/02/2019;05:06:00;42;com vítima;206,748;BR-101/RJ;Norte;Colisão Traseira;1;32;1;1;;;2
08/02/2019;12:42:00;146;sem vítima;209,5;BR-101/RJ;Sul;Colisão Lateral;1;18;;;;;1
08/02/2019;16:31:00;192;sem vítima;312,781;BR-101/RJ;Sul;Outros - Sequência;1;4;;;;;1
10/02/2019;01:27:00;27;sem vítima;123,068;BR-101/RJ;Norte;Choque - Cancela de Pedagio;1;1;;;;;1
12/02/2019;08:24:00;74;com vítima;93,15;BR-101/RJ;Sul;Colisão Traseira;1;1;2;;;;1
14/02/2019;04:32:00;41;sem vítima;215,065;BR-101/RJ;Sul;Colisão Lateral;2;2;;;;;1
14/02/2019;08:29:00;87;sem vítima;196,208;BR-101/RJ;Norte;Tombamento;1;2;;;;;1
15/02/2019;11:18:00;115;com vítima;303,207;BR-101/RJ;Norte;Choque - Defensa, barreira ou "submarino";1;1;1;;;;1
18/02/2019;19:55:00;232;sem vítima;236,606;BR-101/RJ;Sul;Choque - Defensa, barreira ou "submarino";1;1;;;;;1
18/02/2019;22:23:00;252;com vítima;39,515;BR-101/RJ;Sul;Colisão Frontal;1;1;;;3;1;3
18/02/2019;23:16:00;255;sem vítima;296,459;BR-101/RJ;Norte;Colisão Traseira;1;3;;;;;1
19/02/2019;00:06:00;20;com vítima;256,851;BR-101/RJ;Norte;Colisão Traseira;1;1;1;;;1;3
19/02/2019;19:36:00;232;sem vítima;280,96;BR-101/RJ;Sul;Objeto lançado contra veículo;1;4;;;;;1
20/02/2019;15:07:00;169;sem vítima;300,582;BR-101/RJ;Norte;Colisão Traseira;1;3;;;;;1
21/02/2019;15:41:00;139;com vítima;116,954;BR-101/RJ;Sul;Tombamento;1;0;1;;;;1
21/02/2019;16:20:00;148;sem vítima;213,5;BR-101/RJ;Sul;Colisão Lateral;1;2;;;;;1
22/02/2019;01:11:00;28;sem vítima;271,3;BR-101/RJ;Norte;Saida de Pista;1;1;;;;;1
22/02/2019;07:15:00;63;sem vítima;211,7;BR-101/RJ;Norte;Choque - Suporte de Sinalização;1;2;;;;;1
22/02/2019;11:00:00;126;sem vítima;320,045;BR-101/RJ;Sul;Colisão Transversal;1;4;;;;;1
23/02/2019;11:33:00;120;sem vítima;122,9;BR-101/RJ;Norte;Colisão Traseira;1;3;;;;;1
25/02/2019;01:55:00;33;sem vítima;197,083;BR-101/RJ;Norte;Choque - Objeto sobre a pista;1;1;;;;;1
25/02/2019;06:42:00;58;com vítima;18,35;BR-101/RJ;Norte;Colisão Lateral;1;1;3;1;;;2
25/02/2019;13:22:00;175;com vítima;76,337;BR-101/RJ;Norte;Colisão Frontal;1;0;2;;;;1
25/02/2019;22:35:00;267;sem vítima;306,433;BR-101/RJ;Norte;Colisão Traseira;1;2;;;;;1
26/02/2019;22:38:00;221;sem vítima;309,37;BR-101/RJ;Norte;Colisão Traseira;1;2;;;;;1
27/02/2019;04:21:00;37;com vítima;285,087;BR-101/RJ;Sul;Colisão Traseira;2;1;;1;;;2
27/02/2019;06:10:00;49;sem vítima;282,944;BR-101/RJ;Sul;Colisão Lateral;1;2;;;;;1
27/02/2019;17:18:00;176;sem vítima;297,2;BR-101/RJ;Norte;Colisão Lateral;1;3;;;;;1
27/02/2019;19:45:00;204;sem vítima;67,2;BR-101/RJ;Norte;Engavetamento;1;5;;;;;1
28/02/2019;00:13:00;19;sem vítima;317,89;BR-101/RJ;Sul;Atropelamento de Animal;1;1;;;;;1
28/02/2019;10:14:00;97;sem vítima;321,166;BR-101/RJ;Sul;Colisão Traseira;1;3;;;;;1
28/02/2019;18:32:00;239;sem vítima;192,82;BR-101/RJ;Norte;Choque - Outros;1;1;;;;;1
01/03/2019;03:36:00;41;sem vítima;249,03;BR-101/RJ;Sul;Choque - Elemento de Drenagem;1;1;;;;;1
01/03/2019;15:08:00;225;com vítima;254,7;BR-101/RJ;Sul;Choque - Defensa, barreira ou "submarino";1;0;;1;;;2
01/03/2019;15:42:00;231;sem vítima;60,38;BR-101/RJ;Norte;Colisão Transversal;1;2;;;;;1
01/03/2019;18:49:00;284;sem vítima;81,577;BR-101/RJ;Sul;Colisão Traseira;1;2;;;;;1
02/03/2019;06:56:00;71;sem vítima;63,456;BR-101/RJ;Sul;Choque - Defensa, barreira ou "submarino";1;3;;;;;1
02/03/2019;07:27:00;82;com vítima;255,8;BR-101/RJ;Sul;Choque - Suporte de Sinalização;1;1;1;1;;;2
02/03/2019;13:42:00;195;com vítima;152,8;BR-101/RJ;Norte;Colisão Frontal;1;1;2;1;;2;3
04/03/2019;23:00:00;176;sem vítima;63,331;BR-101/RJ;Norte;Colisão Transversal;1;4;;;;;1
06/03/2019;07:04:00;45;sem vítima;49,5;BR-101/RJ;Sul;Colisão Traseira;1;2;;;;;1
06/03/2019;17:03:00;211;sem vítima;267,45;BR-101/RJ;Sul;Colisão Traseira;1;2;;;;;1
07/03/2019;16:15:00;206;sem vítima;299,65;BR-101/RJ;Sul;Choque - Outros;1;1;;;;;1
07/03/2019;16:46:00;214;sem vítima;48,334;BR-101/RJ;Norte;Colisão Traseira;1;2;;;;;1
08/03/2019;12:41:00;121;com vítima;247,756;BR-101/RJ;Sul;Colisão Lateral;1;5;2;;;;1
09/03/2019;13:44:00;126;com vítima;27,9;BR-101/RJ;Sul;Colisão Traseira;1;7;1;;;;1
11/03/2019;15:12:00;154;com vítima;239,05;BR-101/RJ;Sul;Choque - Defensa, barreira ou "submarino";1;0;1;;;;1
13/03/2019;02:32:00;27;com vítima;139,95;BR-101/RJ;Norte;Colisão Traseira;2;1;1;;;;1
13/03/2019;07:48:00;61;com vítima;169,486;BR-101/RJ;Norte;Colisão Traseira;1;4;1;;;;1
14/03/2019;10:42:00;111;sem vítima;60,571;BR-101/RJ;Norte;Colisão Traseira;1;6;;;;;1
15/03/2019;07:24:00;56;com vítima;260,787;BR-101/RJ;Sul;Colisão Traseira;2;1;1;1;;;2
15/03/2019;09:20:00;79;sem vítima;297,9;BR-101/RJ;Norte;Colisão Lateral;1;2;;;;;1
15/03/2019;09:22:00;80;sem vítima;297,965;BR-101/RJ;Norte;Colisão Lateral;1;3;;;;;1
15/03/2019;13:39:00;133;com vítima;179,425;BR-101/RJ;Norte;Choque - Defensa, barreira ou "submarino";1;1;1;;;;1
16/03/2019;09:50:00;82;sem vítima;175,3;BR-101/RJ;Sul;Colisão Lateral;1;5;;;;;1
16/03/2019;12:52:00;106;sem vítima;56,2;BR-101/RJ;Norte;Engavetamento;2;6;;;;;1
19/03/2019;05:07:00;28;sem vítima;318,3;BR-101/RJ;Norte;Choque - Defensa, barreira ou "submarino";1;1;;;;;1
20/03/2019;06:10:00;32;sem vítima;34,609;BR-101/RJ;Sul;Colisão Lateral;1;2;;;;;1
20/03/2019;09:18:00;89;sem vítima;291,981;BR-101/RJ;Sul;Colisão Traseira;1;5;;;;;1
20/03/2019;11:13:00;122;sem vítima;229,3;BR-101/RJ;Sul;Colisão Lateral;1;2;;;;;1
21/03/2019;08:47:00;70;com vítima;296,8;BR-101/RJ;Sul;Colisão Traseira;1;1;;1;;;2
22/03/2019;09:54:00;83;com vítima;61,876;BR-101/RJ;Sul;Colisão Transversal;1;4;2;;;;1
22/03/2019;10:22:00;90;sem vítima;297,947;BR-101/RJ;Norte;Colisão Lateral;1;4;;;;;1
22/03/2019;12:37:00;123;com vítima;180,349;BR-101/RJ;Sul;Colisão Traseira;2;7;1;;;;1
23/03/2019;00:12:00;18;sem vítima;91,473;BR-101/RJ;Sul;Choque - Defensa, barreira ou "submarino";1;4;;;;;1
23/03/2019;06:53:00;36;com vítima;278,5;BR-101/RJ;Norte;Colisão Traseira;1;1;1;;;;1
27/03/2019;13:25:00;143;com vítima;314,915;BR-101/RJ;Sul;Engavetamento;2;1;3;;;;1
30/03/2019;01:59:00;25;com vítima;309,113;BR-101/RJ;Norte;Colisão Traseira;1;1;;1;;;2
30/03/2019;03:31:00;35;sem vítima;297,42;BR-101/RJ;Norte;Engavetamento;2;4;;;;;1
30/03/2019;06:17:00;44;sem vítima;139,954;BR-101/RJ;Norte;Choque - Elemento de Drenagem;1;2;;;;;1
30/03/2019;07:18:00;56;com vítima;271,179;BR-101/RJ;Norte;Choque - Defensa, barreira ou "submarino";1;0;1;;;;1
30/03/2019;17:42:00;171;sem vítima;92,637;BR-101/RJ;Norte;Choque - Talude;1;3;;;;;1
31/03/2019;23:35:00;185;sem vítima;114,512;BR-101/RJ;Sul;Atropelamento - Andarilho;1;2;;;;;1
02/01/2019;23:43:00;319;sem vítima;252,89;BR-101/RJ;Sul;Colisão Traseira;1;2;;;;;1
03/01/2019;10:45:00;114;sem vítima;297,7;BR-101/RJ;Sul;Colisão Lateral;1;2;;;;;1
03/01/2019;11:08:00;122;com vítima;295,201;BR-101/RJ;Sul;Colisão Traseira;1;1;2;;;;1
03/01/2019;19:11:00;263;sem vítima;297,855;BR-101/RJ;Norte;Colisão Lateral;1;2;;;;;1
03/01/2019;22:07:00;300;sem vítima;213,2;BR-101/RJ;Sul;Choque - Defensa, barreira ou "submarino";1;1;;;;;1
06/01/2019;18:03:00;174;com vítima;61,123;BR-101/RJ;Norte;Outros - Sequência;2;4;1;;;;1
08/01/2019;09:21:00;86;sem vítima;297,406;BR-101/RJ;Sul;Engavetamento;1;3;;;;;1
08/01/2019;19:02:00;252;sem vítima;303,714;BR-101/RJ;Norte;Colisão Lateral;1;3;;;;;1
08/01/2019;19:41:00;263;sem vítima;192,83;BR-101/RJ;Norte;Choque - Cancela de Pedagio;1;1;;;;;1
08/01/2019;20:37:00;276;sem vítima;294,3;BR-101/RJ;Sul;Colisão Lateral;1;2;;;;;1
08/01/2019;22:00:00;295;sem vítima;297,698;BR-101/RJ;Norte;Choque - Outros;1;1;;;;;1
09/01/2019;15:12:00;162;sem vítima;183,925;BR-101/RJ;Norte;Colisão Traseira;2;2;;;;;1
09/01/2019;19:28:00;222;com vítima;313,4;BR-101/RJ;Norte;Colisão Traseira;1;1;1;;;;1
10/01/2019;16:03:00;194;sem vítima;282,794;BR-101/RJ;Norte;Choque - Defensa, barreira ou "submarino";1;1;;;;;1
10/01/2019;17:31:00;213;sem vítima;299,565;BR-101/RJ;Sul;Colisão Traseira;1;2;;;;;1
10/01/2019;19:11:00;229;sem vítima;213,488;BR-101/RJ;Sul;Colisão Lateral;1;2;;;;;1
10/01/2019;20:28:00;241;sem vítima;97,143;BR-101/RJ;Sul;Colisão Traseira;1;4;;;;;1
11/01/2019;00:21:00;27;com vítima;107,883;BR-101/RJ;Sul;Colisão Traseira;2;1;;1;;1;3
11/01/2019;09:45:00;107;sem vítima;316,884;BR-101/RJ;Sul;Colisão Lateral;1;2;;;;;1
12/01/2019;01:15:00;36;com vítima;120,379;BR-101/RJ;Sul;Colisão Transversal;1;1;;1;;;2
13/01/2019;15:21:00;120;com vítima;267,764;BR-101/RJ;Norte;Capotamento;1;2;3;;;;1
15/01/2019;08:45:00;79;sem vítima;283,66;BR-101/RJ;Norte;Colisão Traseira;1;2;;;;;1
15/01/2019;13:21:00;142;com vítima;311,26;BR-101/RJ;Norte;Colisão Lateral;1;3;1;1;;;2
15/01/2019;21:36:00;248;com vítima;271,365;BR-101/RJ;Sul;Colisão Traseira;1;3;2;;;;1
16/01/2019;01:17:00;27;sem vítima;57,16;BR-101/RJ;Sul;Colisão Traseira;1;5;;;;;1
16/01/2019;07:25:00;55;com vítima;59,482;BR-101/RJ;Sul;Colisão Traseira;1;4;;1;;;2
16/01/2019;09:47:00;96;sem vítima;106,284;BR-101/RJ;Norte;Choque - Suporte de Sinalização;1;2;;;;;1
16/01/2019;10:24:00;114;sem vítima;295,36;BR-101/RJ;Sul;Colisão Traseira;1;5;;;;;1
16/01/2019;22:36:00;243;sem vítima;233,743;BR-101/RJ;Norte;Choque - Objeto sobre a pista;1;1;;;;;1
17/01/2019;06:30:00;68;sem vítima;299,7;BR-101/RJ;Sul;Colisão Transversal;1;2;;;;;1
18/01/2019;03:37:00;42;sem vítima;81,52;BR-101/RJ;Norte;Atropelamento de Animal;1;1;;;;;1
18/01/2019;12:00:00;132;sem vítima;209,951;BR-101/RJ;Norte;Outros;1;1;;;;;1
23/01/2019;03:20:00;38;sem vítima;241,35;BR-101/RJ;Sul;Atropelamento de Animal;1;1;;;;;1
24/01/2019;03:58:00;38;com vítima;94,435;BR-101/RJ;Norte;Colisão Traseira;2;1;1;;;;1
26/01/2019;03:39:00;43;com vítima;59,5;BR-101/RJ;Sul;Colisão Transversal;1;1;;1;;;2
26/01/2019;10:13:00;102;sem vítima;192,93;BR-101/RJ;Norte;Colisão Traseira;1;2;;;;;1
28/01/2019;17:21:00;169;sem vítima;51,2;BR-101/RJ;Sul;Tombamento;1;1;;;;;1
29/01/2019;00:38:00;25;sem vítima;212,585;BR-101/RJ;Norte;Tombamento;1;1;;;;;1