data;horario;n_da_ocorrencia;tipo_de_ocorrencia;km;trecho;sentido;tipo_de_acidente;caminhao;ilesos;levemente_feridos;moderadamente_feridos;gravemente_feridos;mortos;3
05/09/2020;04:01:00;23;3 - Acidente com Danos Materiais;320,95;BR-101/RJ;Sul;Choque - Defensa, barreira ou "submarino";1;1;;;;;1
06/09/2020;08:25:00;47;2 - Acidente com VITIMA;315,918;BR-101/RJ;Norte;Colisão Traseira;1;1;2;;;;1
06/09/2020;12:59:00;92;1 - Acidente com Vitima Fatal;156,107;BR-101/RJ;Sul;Colisão Frontal;1;5;;;;4;3
07/09/2020;17:22:00;156;1 - Acidente com Vitima Fatal;216,843;BR-101/RJ;Norte;Outros - Sequência;1;3;1;;;2;3
09/09/2020;09:05:00;65;2 - Acidente com VITIMA;56,7;BR-101/RJ;Sul;Colisão Transversal;1;1;1;1;;;2
10/09/2020;02:44:00;14;3 - Acidente com Danos Materiais;46,001;BR-101/RJ;Norte;Atropelamento de Animal;1;1;;;;;1
12/09/2020;11:17:00;84;3 - Acidente com Danos Materiais;318,315;BR-101/RJ;Norte;Colisão Traseira;1;5;;;;;1
12/09/2020;13:14:00;109;3 - Acidente com Danos Materiais;213,368;BR-101/RJ;Sul;Colisão Lateral;1;2;;;;;1
12/09/2020;15:53:00;136;2 - Acidente com VITIMA;46,942;BR-101/RJ;Sul;Colisão Lateral;1;1;;1;;;2
12/09/2020;21:16:00;187;3 - Acidente com Danos Materiais;261,5;BR-101/RJ;Norte;Colisão Traseira;1;2;;;;;1
15/09/2020;12:12:00;122;3 - Acidente com Danos Materiais;297,452;BR-101/RJ;Sul;Colisão Lateral;1;4;;;;;1
18/09/2020;01:12:00;4;2 - Acidente com VITIMA;175,22;BR-101/RJ;Sul;Tombamento;1;0;1;;;;1
18/09/2020;14:22:00;134;3 - Acidente com Danos Materiais;297,757;BR-101/RJ;Norte;Colisão Lateral;1;2;;;;;1
19/09/2020;04:51:00;15;3 - Acidente com Danos Materiais;181,627;BR-101/RJ;Sul;Objeto lançado contra veículo;1;2;;;;;1
20/09/2020;07:23:00;32;2 - Acidente com VITIMA;111,735;BR-101/RJ;Sul;Saida de Pista;1;0;1;;;;1
20/09/2020;11:11:00;67;3 - Acidente com Danos Materiais;122,4;BR-101/RJ;Sul;Colisão Traseira;1;3;;;;;1
20/09/2020;12:51:00;76;3 - Acidente com Danos Materiais;288,976;BR-101/RJ;Sul;Colisão Traseira;2;2;;;;;1
20/09/2020;16:43:00;117;2 - Acidente com VITIMA;60,776;BR-101/RJ;Norte;Colisão Transversal;1;1;2;;;;1
20/09/2020;20:27:00;159;1 - Acidente com Vitima Fatal;276,474;BR-101/RJ;Norte;Atropelamento - Andarilho;1;1;;;;1;3
22/09/2020;05:50:00;14;3 - Acidente com Danos Materiais;180,436;BR-101/RJ;Sul;Choque - Suporte de Sinalização;1;3;;;;;1
22/09/2020;10:01:00;67;3 - Acidente com Danos Materiais;64,016;BR-101/RJ;Norte;Colisão Lateral;1;2;;;;;1
22/09/2020;14:30:00;120;3 - Acidente com Danos Materiais;86,586;BR-101/RJ;Norte;Choque - Suporte de Sinalização;1;2;;;;;1
22/09/2020;15:18:00;129;1 - Acidente com Vitima Fatal;158,088;BR-101/RJ;Norte;Colisão Frontal;1;0;1;1;;4;3
22/09/2020;18:12:00;157;3 - Acidente com Danos Materiais;318,985;BR-101/RJ;Sul;Colisão Traseira;1;4;;;;;1
22/09/2020;19:00:00;168;2 - Acidente com VITIMA;154,545;BR-101/RJ;Norte;Colisão Transversal;2;1;1;;;;1
22/09/2020;21:11:00;194;2 - Acidente com VITIMA;164,505;BR-101/RJ;Norte;Engavetamento;3;5;3;;;;1
23/09/2020;00:46:00;6;3 - Acidente com Danos Materiais;318,647;BR-101/RJ;Sul;Choque - Defensa, barreira ou "submarino";1;1;;;;;1
23/09/2020;01:49:00;14;3 - Acidente com Danos Materiais;299,688;BR-101/RJ;Sul;Colisão Traseira;1;2;;;;;1
24/09/2020;01:41:00;11;2 - Acidente com VITIMA;34,527;BR-101/RJ;Norte;Colisão Frontal;1;1;1;;;;1
24/09/2020;12:12:00;95;2 - Acidente com VITIMA;88,48;BR-101/RJ;Sul;Tombamento;1;0;2;;;;1
25/09/2020;17:01:00;174;3 - Acidente com Danos Materiais;297,626;BR-101/RJ;Sul;Colisão Lateral;1;2;;;;;1
26/09/2020;11:22:00;84;2 - Acidente com VITIMA;173,667;BR-101/RJ;Sul;Colisão Traseira;1;4;1;;;;1
26/09/2020;20:09:00;176;3 - Acidente com Danos Materiais;292,437;BR-101/RJ;Sul;Colisão Lateral;1;2;;;;;1
27/09/2020;06:49:00;38;3 - Acidente com Danos Materiais;88,858;BR-101/RJ;Sul;Colisão Lateral;1;5;;;;;1
29/09/2020;16:13:00;182;3 - Acidente com Danos Materiais;64,084;BR-101/RJ;Norte;Colisão Lateral;1;2;;;;;1
29/09/2020;17:51:00;202;2 - Acidente com VITIMA;84,036;BR-101/RJ;Norte;Choque - Objeto sobre a pista;2;0;5;;;;1
30/09/2020;06:03:00;19;2 - Acidente com VITIMA;144,287;BR-101/RJ;Sul;Capotamento;1;0;1;;;;1
30/09/2020;08:07:00;47;3 - Acidente com Danos Materiais;301,396;BR-101/RJ;Norte;Colisão Lateral;1;2;;;;;1
01/10/2020;20:45:00;231;3 - Acidente com Danos Materiais;160,146;BR-101/RJ;Norte;Objeto lançado contra veículo;1;3;;;;;1
02/10/2020;11:10:00;112;2 - Acidente com VITIMA;136,428;BR-101/RJ;Norte;Colisão Lateral;1;1;1;;;;1
02/10/2020;12:53:00;145;3 - Acidente com Danos Materiais;297,606;BR-101/RJ;Norte;Colisão Lateral;1;2;;;;;1
02/10/2020;23:57:00;288;3 - Acidente com Danos Materiais;299,73;BR-101/RJ;Sul;Colisão Traseira;1;2;;;;;1
05/10/2020;13:29:00;130;2 - Acidente com VITIMA;111,839;BR-101/RJ;Norte;Colisão Traseira;1;1;1;;;;1
05/10/2020;14:15:00;138;3 - Acidente com Danos Materiais;122,9;BR-101/RJ;Sul;Engavetamento;1;3;;;;;1
07/10/2020;10:51:00;103;3 - Acidente com Danos Materiais;247,405;BR-101/RJ;Sul;Choque - Defensa, barreira ou "submarino";1;1;;;;;1
09/10/2020;00:45:00;7;2 - Acidente com VITIMA;293,279;BR-101/RJ;Sul;Tombamento;1;0;1;;;;1
09/10/2020;00:46:00;8;3 - Acidente com Danos Materiais;313,167;BR-101/RJ;Norte;Choque - Defensa, barreira ou "submarino";1;1;;;;;1
09/10/2020;19:53:00;196;2 - Acidente com VITIMA;69,669;BR-101/RJ;Sul;Colisão Lateral;1;0;6;;;;1
09/10/2020;22:06:00;213;2 - Acidente com VITIMA;255,966;BR-101/RJ;Sul;Tombamento;1;0;1;;;;1
10/10/2020;01:49:00;9;3 - Acidente com Danos Materiais;284,381;BR-101/RJ;Norte;Colisão Frontal;1;2;;;;;1
10/10/2020;15:33:00;118;3 - Acidente com Danos Materiais;318,142;BR-101/RJ;Sul;Colisão Lateral;1;2;;;;;1
10/10/2020;18:53:00;152;2 - Acidente com VITIMA;37,193;BR-101/RJ;Norte;Colisão Transversal;1;1;1;;;;1
11/10/2020;01:54:00;8;3 - Acidente com Danos Materiais;197,242;BR-101/RJ;Norte;Choque - Defensa, barreira ou "submarino";1;1;;;;;1
11/10/2020;23:48:00;139;1 - Acidente com Vitima Fatal;56,497;BR-101/RJ;Norte;Colisão Frontal;1;2;;;;1;3
13/10/2020;07:27:00;50;3 - Acidente com Danos Materiais;303,023;BR-101/RJ;Sul;Colisão Lateral;1;5;;;;;1
13/10/2020;10:15:00;89;3 - Acidente com Danos Materiais;321,923;BR-101/RJ;Sul;Colisão Lateral;1;3;;;;;1
14/10/2020;16:43:00;141;3 - Acidente com Danos Materiais;290,754;BR-101/RJ;Sul;Colisão Traseira;1;2;;;;;1
15/10/2020;17:17:00;143;2 - Acidente com VITIMA;68,055;BR-101/RJ;Norte;Colisão Traseira;1;0;3;;;;1
16/10/2020;06:02:00;31;3 - Acidente com Danos Materiais;260,24;BR-101/RJ;Sul;Colisão Traseira;1;2;;;;;1
16/10/2020;08:59:00;69;3 - Acidente com Danos Materiais;297;BR-101/RJ;Norte;Colisão Lateral;1;2;;;;;1
17/10/2020;06:31:00;33;2 - Acidente com VITIMA;252,904;BR-101/RJ;Norte;Choque - Defensa, barreira ou "submarino";1;3;1;;;;1
17/10/2020;18:54:00;154;3 - Acidente com Danos Materiais;291,199;BR-101/RJ;Norte;Colisão Lateral;1;3;;;;;1
20/10/2020;06:58:00;31;2 - Acidente com VITIMA;257,99;BR-101/RJ;Norte;Tombamento;1;1;1;;;;1
20/10/2020;21:03:00;189;3 - Acidente com Danos Materiais;159,114;BR-101/RJ;Sul;Colisão Traseira;2;2;;;;;1
23/10/2020;06:03:00;23;3 - Acidente com Danos Materiais;262,556;BR-101/RJ;Norte;Colisão Lateral;1;3;;;;;1
24/10/2020;01:51:00;7;3 - Acidente com Danos Materiais;223,92;BR-101/RJ;Sul;Choque - Defensa, barreira ou "submarino";1;1;;;;;1
24/10/2020;18:59:00;141;3 - Acidente com Danos Materiais;315,95;BR-101/RJ;Norte;Colisão Lateral;1;2;;;;;1
24/10/2020;19:13:00;145;2 - Acidente com VITIMA;275,12;BR-101/RJ;Norte;Engavetamento;2;6;1;;;;1
25/10/2020;18:39:00;120;3 - Acidente com Danos Materiais;237,076;BR-101/RJ;Norte;Colisão Lateral;1;5;;;;;1
26/10/2020;00:10:00;2;2 - Acidente com VITIMA;194,621;BR-101/RJ;Norte;Tombamento;1;0;;1;;;2
26/10/2020;04:34:00;13;3 - Acidente com Danos Materiais;250,95;BR-101/RJ;Sul;Choque - Defensa, barreira ou "submarino";1;1;;;;;1
26/10/2020;06:47:00;25;2 - Acidente com VITIMA;310,32;BR-101/RJ;Sul;Colisão Traseira;1;2;1;;;;1
27/10/2020;16:05:00;154;3 - Acidente com Danos Materiais;153,721;BR-101/RJ;Sul;Choque - Defensa, barreira ou "submarino";1;1;;;;;1
28/10/2020;16:15:00;155;3 - Acidente com Danos Materiais;135,05;BR-101/RJ;Sul;Colisão Lateral;1;5;;;;;1
29/10/2020;09:16:00;93;3 - Acidente com Danos Materiais;252,889;BR-101/RJ;Norte;Choque - Defensa, barreira ou "submarino";1;1;;;;;1
30/10/2020;21:01:00;196;3 - Acidente com Danos Materiais;296,06;BR-101/RJ;Norte;Colisão Lateral;1;4;;;;;1
30/10/2020;21:18:00;202;2 - Acidente com VITIMA;143,458;BR-101/RJ;Sul;Colisão Lateral;1;1;2;;;;1
31/10/2020;02:16:00;19;2 - Acidente com VITIMA;162,6;BR-101/RJ;Norte;Colisão Lateral;2;0;2;1;;;2
31/10/2020;05:19:00;26;3 - Acidente com Danos Materiais;294,529;BR-101/RJ;Sul;Choque - Defensa, barreira ou "submarino";1;3;;;;;1
04/11/2020;00:54:00;4;2 - Acidente com VITIMA;150,824;BR-101/RJ;Sul;Colisão Transversal;1;0;;1;1;;2
04/11/2020;02:41:00;15;3 - Acidente com Danos Materiais;315,172;BR-101/RJ;Sul;Colisão Traseira;1;5;;;;;1
04/11/2020;07:32:00;40;3 - Acidente com Danos Materiais;313,044;BR-101/RJ;Sul;Colisão Lateral;1;2;;;;;1
04/11/2020;21:54:00;187;3 - Acidente com Danos Materiais;153,458;BR-101/RJ;Norte;Colisão Lateral;2;3;;;;;1
05/11/2020;06:06:00;23;3 - Acidente com Danos Materiais;112,953;BR-101/RJ;Norte;Colisão Lateral;1;2;;;;;1
05/11/2020;14:33:00;119;2 - Acidente com VITIMA;317,089;BR-101/RJ;Norte;Engavetamento;1;1;2;;;;1
08/11/2020;14:20:00;85;2 - Acidente com VITIMA;213,083;BR-101/RJ;Norte;Colisão Traseira;1;3;2;;;;1
09/11/2020;00:31:00;5;3 - Acidente com Danos Materiais;277,8;BR-101/RJ;Sul;Outros - Sequência;1;5;;;;;1
09/11/2020;15:11:00;144;3 - Acidente com Danos Materiais;195,3;BR-101/RJ;Sul;Choque - Defensa, barreira ou "submarino";1;2;;;;;1
09/11/2020;18:31:00;189;3 - Acidente com Danos Materiais;295,296;BR-101/RJ;Sul;Colisão Lateral;1;2;;;;;1
09/11/2020;21:55:00;206;1 - Acidente com Vitima Fatal;287,717;BR-101/RJ;Norte;Colisão Traseira;2;1;;;;1;3
10/11/2020;09:27:00;64;2 - Acidente com VITIMA;229,848;BR-101/RJ;Norte;Tombamento;1;0;3;;;;1
10/11/2020;16:47:00;147;3 - Acidente com Danos Materiais;297,795;BR-101/RJ;Norte;Colisão Lateral;1;2;;;;;1
10/11/2020;19:19:00;187;3 - Acidente com Danos Materiais;193,393;BR-101/RJ;Norte;Colisão Traseira;1;6;;;;;1
12/11/2020;04:38:00;24;3 - Acidente com Danos Materiais;169,13;BR-101/RJ;Norte;Colisão Lateral;2;2;;;;;1
12/11/2020;12:43:00;127;3 - Acidente com Danos Materiais;252,814;BR-101/RJ;Norte;Colisão Traseira;2;2;;;;;1
12/11/2020;16:11:00;162;3 - Acidente com Danos Materiais;194,361;BR-101/RJ;Sul;Colisão Lateral;1;2;;;;;1
13/11/2020;04:45:00;19;3 - Acidente com Danos Materiais;25,9;BR-101/RJ;Norte;Choque - Defensa, barreira ou "submarino";1;2;;;;;1
13/11/2020;19:02:00;181;3 - Acidente com Danos Materiais;144,461;BR-101/RJ;Sul;Tombamento;1;1;;;;;1
14/11/2020;01:07:00;5;3 - Acidente com Danos Materiais;242,513;BR-101/RJ;Sul;Choque - Defensa, barreira ou "submarino";1;1;;;;;1
14/11/2020;01:52:00;10;3 - Acidente com Danos Materiais;156,663;BR-101/RJ;Norte;Saida de Pista;1;1;;;;;1
14/11/2020;07:05:00;37;3 - Acidente com Danos Materiais;307,703;BR-101/RJ;Sul;Colisão Traseira;1;2;;;;;1
14/11/2020;09:18:00;66;3 - Acidente com Danos Materiais;282,192;BR-101/RJ;Norte;Engavetamento;1;3;;;;;1
15/11/2020;12:44:00;84;2 - Acidente com VITIMA;189,155;BR-101/RJ;Norte;Colisão Lateral;2;1;1;;;;1
16/11/2020;04:44:00;19;2 - Acidente com VITIMA;254,851;BR-101/RJ;Norte;Atropelamento de Animal;1;2;1;;;;1
17/11/2020;04:30:00;20;3 - Acidente com Danos Materiais;122,406;BR-101/RJ;Sul;Colisão Traseira;1;2;;;;;1
18/11/2020;01:45:00;7;3 - Acidente com Danos Materiais;69,7;BR-101/RJ;Norte;Atropelamento de Animal;1;1;;;;;1
18/11/2020;02:05:00;10;3 - Acidente com Danos Materiais;151,833;BR-101/RJ;Sul;Choque - Elemento de Drenagem;1;1;;;;;1
18/11/2020;13:37:00;122;1 - Acidente com Vitima Fatal;320,976;BR-101/RJ;Norte;Colisão Lateral;1;1;;;;1;3
18/11/2020;15:25:00;137;3 - Acidente com Danos Materiais;262,794;BR-101/RJ;Sul;Colisão Lateral;1;2;;;;;1
18/11/2020;23:13:00;204;3 - Acidente com Danos Materiais;182,99;BR-101/RJ;Sul;Atropelamento de Animal;1;1;;;;;1
20/11/2020;04:36:00;14;3 - Acidente com Danos Materiais;274,623;BR-101/RJ;Norte;Colisão Traseira;1;5;;;;;1
20/11/2020;13:11:00;120;3 - Acidente com Danos Materiais;297,008;BR-101/RJ;Norte;Engavetamento;1;6;;;;;1
21/11/2020;06:48:00;35;2 - Acidente com VITIMA;296,856;BR-101/RJ;Sul;Colisão Traseira;1;2;1;;;;1
21/11/2020;18:18:00;142;2 - Acidente com VITIMA;149,115;BR-101/RJ;Norte;Tombamento;1;3;;1;;;2
23/11/2020;05:00:00;10;3 - Acidente com Danos Materiais;303,403;BR-101/RJ;Sul;Tombamento;1;2;;;;;1
24/11/2020;13:37:00;121;3 - Acidente com Danos Materiais;92,181;BR-101/RJ;Sul;Tombamento;1;2;;;;;1
24/11/2020;15:42:00;138;2 - Acidente com VITIMA;74,313;BR-101/RJ;Sul;Engavetamento;1;4;1;;;;1
25/11/2020;04:51:00;16;3 - Acidente com Danos Materiais;252,828;BR-101/RJ;Norte;Choque - Defensa, barreira ou "submarino";1;1;;;;;1
26/11/2020;03:13:00;12;1 - Acidente com Vitima Fatal;121,31;BR-101/RJ;Sul;Colisão Traseira;2;1;;1;;1;3
26/11/2020;07:28:00;41;2 - Acidente com VITIMA;303,965;BR-101/RJ;Sul;Colisão Traseira;1;1;1;;;;1
28/11/2020;15:16:00;131;1 - Acidente com Vitima Fatal;312,147;BR-101/RJ;Sul;Outros - Sequência;1;3;;;;1;3
30/11/2020;04:29:00;17;2 - Acidente com VITIMA;284,948;BR-101/RJ;Sul;Colisão Traseira;2;1;2;;;;1
30/11/2020;14:24:00;137;3 - Acidente com Danos Materiais;199,784;BR-101/RJ;Norte;Choque - Defensa, barreira ou "submarino";1;2;;;;;1
30/11/2020;18:07:00;175;2 - Acidente com VITIMA;87,502;BR-101/RJ;Sul;Tombamento;1;0;1;;;;1
01/12/2020;01:57:00;22;3 - Acidente com Danos Materiais;297,5;BR-101/RJ;Norte;Colisão Lateral;2;5;;;;;1
01/12/2020;20:59:00;225;2 - Acidente com VITIMA;278,196;BR-101/RJ;Norte;Atropelamento de Animal;1;2;;1;;;2
03/12/2020;16:46:00;182;3 - Acidente com Danos Materiais;290,298;BR-101/RJ;Norte;Colisão Traseira;1;5;;;;;1
03/12/2020;20:27:00;225;2 - Acidente com VITIMA;43,226;BR-101/RJ;Norte;Outros - Sequência;2;2;;3;;;2
04/12/2020;12:45:00;93;3 - Acidente com Danos Materiais;297,854;BR-101/RJ;Norte;Colisão Lateral;1;2;;;;;1
04/12/2020;13:38:00;103;2 - Acidente com VITIMA;14,9;BR-101/RJ;Norte;Capotamento;1;0;1;;;;1
04/12/2020;15:47:00;134;1 - Acidente com Vitima Fatal;153,456;BR-101/RJ;Norte;Outros - Sequência;1;3;;;;1;3
04/12/2020;16:08:00;140;3 - Acidente com Danos Materiais;91,337;BR-101/RJ;Norte;Colisão Traseira;2;4;;;;;1
05/12/2020;11:32:00;65;3 - Acidente com Danos Materiais;297,749;BR-101/RJ;Sul;Colisão Lateral;1;2;;;;;1
05/12/2020;16:49:00;119;2 - Acidente com VITIMA;196,611;BR-101/RJ;Norte;Tombamento;1;0;1;;;;1
06/12/2020;00:34:00;5;3 - Acidente com Danos Materiais;117,945;BR-101/RJ;Sul;Choque - Defensa, barreira ou "submarino";1;1;;;;;1
06/12/2020;13:41:00;74;3 - Acidente com Danos Materiais;297,627;BR-101/RJ;Norte;Outros - Sequência;1;10;;;;;1
07/12/2020;07:40:00;51;1 - Acidente com Vitima Fatal;174,988;BR-101/RJ;Sul;Colisão Frontal;1;0;3;1;;1;3
08/12/2020;01:49:00;8;2 - Acidente com VITIMA;106,415;BR-101/RJ;Sul;Tombamento;1;0;1;;;;1
08/12/2020;11:07:00;84;2 - Acidente com VITIMA;291,496;BR-101/RJ;Norte;Colisão Traseira;1;4;1;;;;1
08/12/2020;12:52:00;100;3 - Acidente com Danos Materiais;170,09;BR-101/RJ;Sul;Colisão Traseira;1;2;;;;;1
08/12/2020;14:20:00;113;1 - Acidente com Vitima Fatal;163,039;BR-101/RJ;Norte;Colisão Frontal;1;1;;;;1;3
08/12/2020;15:21:00;125;3 - Acidente com Danos Materiais;226,5;BR-101/RJ;Norte;Choque - Suporte de Sinalização;1;1;;;;;1
09/12/2020;05:30:00;19;3 - Acidente com Danos Materiais;205,589;BR-101/RJ;Norte;Colisão Lateral;2;5;;;;;1
09/12/2020;16:51:00;125;3 - Acidente com Danos Materiais;319,165;BR-101/RJ;Norte;Engavetamento;1;5;;;;;1
10/12/2020;10:37:00;84;2 - Acidente com VITIMA;298,24;BR-101/RJ;Norte;Colisão Traseira;1;1;1;;1;;2
10/12/2020;12:36:00;113;2 - Acidente com VITIMA;262,478;BR-101/RJ;Norte;Colisão Lateral;1;1;1;;;;1
10/12/2020;14:33:00;129;3 - Acidente com Danos Materiais;63,319;BR-101/RJ;Norte;Colisão Transversal;1;4;;;;;1
11/12/2020;12:38:00;112;3 - Acidente com Danos Materiais;297,32;BR-101/RJ;Norte;Colisão Lateral;1;2;;;;;1
13/12/2020;11:58:00;66;3 - Acidente com Danos Materiais;135,529;BR-101/RJ;Sul;Colisão Lateral;1;2;;;;;1
13/12/2020;22:34:00;167;2 - Acidente com VITIMA;228,667;BR-101/RJ;Sul;Choque - Defensa, barreira ou "submarino";1;0;;1;;;2
14/12/2020;23:18:00;229;2 - Acidente com VITIMA;0,9;BR-101/RJ;Norte;Colisão Lateral;2;2;1;;;;1
15/12/2020;01:29:00;8;2 - Acidente com VITIMA;124,6;BR-101/RJ;Norte;Colisão Traseira;1;22;1;;;;1
15/12/2020;23:02:00;246;2 - Acidente com VITIMA;191,135;BR-101/RJ;Norte;Colisão Lateral;1;1;;1;;;2
16/12/2020;13:17:00;126;2 - Acidente com VITIMA;252,72;BR-101/RJ;Norte;Colisão Traseira;2;0;2;1;;;2
17/12/2020;09:13:00;61;2 - Acidente com VITIMA;227,7;BR-101/RJ;Sul;Engavetamento;2;27;4;1;;;2
18/12/2020;12:22:00;104;2 - Acidente com VITIMA;295,3;BR-101/RJ;Norte;Outros - Sequência;1;2;;3;;;2
18/12/2020;12:27:00;105;2 - Acidente com VITIMA;179,01;BR-101/RJ;Sul;Colisão Lateral;1;4;;1;;;2
19/12/2020;14:56:00;140;2 - Acidente com VITIMA;265,455;BR-101/RJ;Sul;Tombamento;1;1;;2;;;2
21/12/2020;15:20:00;151;2 - Acidente com VITIMA;243,243;BR-101/RJ;Norte;Colisão Transversal;1;1;;4;;;2
21/12/2020;21:20:00;229;3 - Acidente com Danos Materiais;283,625;BR-101/RJ;Norte;Colisão Lateral;1;2;;;;;1
22/12/2020;03:48:00;19;3 - Acidente com Danos Materiais;120,155;BR-101/RJ;Sul;Colisão Traseira;2;2;;;;;1
22/12/2020;03:50:00;20;3 - Acidente com Danos Materiais;62,289;BR-101/RJ;Norte;Colisão Traseira;2;2;;;;;1
22/12/2020;07:00:00;43;1 - Acidente com Vitima Fatal;82,697;BR-101/RJ;Sul;Objeto lançado contra veículo;1;2;4;;;1;3
22/12/2020;19:13:00;216;3 - Acidente com Danos Materiais;316,098;BR-101/RJ;Norte;Colisão Traseira;2;2;;;;;1
22/12/2020;22:13:00;247;2 - Acidente com VITIMA;276,34;BR-101/RJ;Norte;Colisão Traseira;2;1;;1;;;2
23/12/2020;14:23:00;133;3 - Acidente com Danos Materiais;297,5;BR-101/RJ;Norte;Colisão Lateral;1;2;;;;;1
23/12/2020;15:04:00;142;2 - Acidente com VITIMA;80,4;BR-101/RJ;Sul;Tombamento;1;0;2;;;;1
24/12/2020;12:30:00;104;3 - Acidente com Danos Materiais;5,45;BR-101/RJ;Sul;Colisão Traseira;1;6;;;;;1
25/12/2020;04:34:00;16;2 - Acidente com VITIMA;52,742;BR-101/RJ;Sul;Colisão Transversal;1;3;1;;;;1
28/12/2020;07:30:00;30;2 - Acidente com VITIMA;288,809;BR-101/RJ;Sul;Tombamento;1;0;1;;;;1
28/12/2020;20:59:00;201;3 - Acidente com Danos Materiais;318,401;BR-101/RJ;Norte;Colisão Lateral;1;4;;;;;1
29/12/2020;15:23:00;153;2 - Acidente com VITIMA;78,513;BR-101/RJ;Sul;Outros - Sequência;1;5;1;;;;1
30/12/2020;18:30:00;215;3 - Acidente com Danos Materiais;297,439;BR-101/RJ;Sul;Colisão Lateral;1;2;;;;;1
02/01/2021;17:05:00;104;3 - Acidente com Danos Materiais;76,567;BR-101/RJ;Sul;Engavetamento;1;7;;;;;1
03/01/2021;06:29:00;31;3 - Acidente com Danos Materiais;287,453;BR-101/RJ;Sul;Colisão Lateral;1;3;;;;;1
06/01/2021;06:49:00;23;3 - Acidente com Danos Materiais;75,1;BR-101/RJ;Norte;Colisão Traseira;1;3;;;;;1
06/01/2021;16:29:00;149;3 - Acidente com Danos Materiais;122,9;BR-101/RJ;Sul;Choque - Defensa, barreira ou "submarino";1;1;;;;;1
08/01/2021;20:34:00;196;3 - Acidente com Danos Materiais;221,605;BR-101/RJ;Sul;Outros - Sequência;1;4;;;;;1
09/01/2021;10:42:00;58;3 - Acidente com Danos Materiais;297,86;BR-101/RJ;Norte;Colisão Traseira;1;4;;;;;1
11/01/2021;14:37:00;140;3 - Acidente com Danos Materiais;43,35;BR-101/RJ;Norte;Colisão Traseira;1;2;;;;;1
12/01/2021;17:04:00;177;2 - Acidente com VITIMA;52,5;BR-101/RJ;Norte;Colisão Traseira;1;2;1;;;;1
13/01/2021;11:43:00;84;3 - Acidente com Danos Materiais;58,2;BR-101/RJ;Norte;Colisão Traseira;1;2;;;;;1
14/01/2021;10:49:00;86;3 - Acidente com Danos Materiais;293,672;BR-101/RJ;Norte;Colisão Lateral;1;2;;;;;1
14/01/2021;11:47:00;97;3 - Acidente com Danos Materiais;228,766;BR-101/RJ;Sul;Engavetamento;2;6;;;;;1
14/01/2021;16:39:00;150;3 - Acidente com Danos Materiais;297,705;BR-101/RJ;Norte;Colisão Lateral;1;2;;;;;1
15/01/2021;03:57:00;10;2 - Acidente com VITIMA;184,91;BR-101/RJ;Sul;Capotamento;1;0;;1;3;;2
15/01/2021;04:12:00;12;3 - Acidente com Danos Materiais;259,126;BR-101/RJ;Norte;Atropelamento de Animal;1;2;;;;;1
15/01/2021;13:14:00;102;3 - Acidente com Danos Materiais;48,501;BR-101/RJ;Sul;Colisão Traseira;1;4;;;;;1
15/01/2021;20:51:00;172;2 - Acidente com VITIMA;11,02;BR-101/RJ;Sul;Tombamento;1;0;1;;;;1
16/01/2021;21:42:00;166;2 - Acidente com VITIMA;148,225;BR-101/RJ;Sul;Colisão Lateral;1;7;;1;;;2
18/01/2021;03:52:00;22;2 - Acidente com VITIMA;284,898;BR-101/RJ;Sul;Colisão Traseira;1;5;2;;;;1
18/01/2021;19:32:00;212;3 - Acidente com Danos Materiais;292,755;BR-101/RJ;Sul;Colisão Lateral;1;2;;;;;1
19/01/2021;04:46:00;17;2 - Acidente com VITIMA;271,743;BR-101/RJ;Sul;Atropelamento de Animal;1;1;1;1;;;2
19/01/2021;11:03:00;95;3 - Acidente com Danos Materiais;261,834;BR-101/RJ;Sul;Colisão Traseira;1;3;;;;;1
21/01/2021;09:25:00;90;2 - Acidente com VITIMA;314,73;BR-101/RJ;Sul;Engavetamento;1;5;1;;;;1