data;horario;n_da_ocorrencia;tipo_de_ocorrencia;km;trecho;sentido;tipo_de_acidente;caminhao;ilesos;levemente_feridos;moderadamente_feridos;gravemente_feridos;mortos;3
21/06/2021;15:39:00;153;3 - Acidente com Danos Materiais;27,751;BR-101/RJ;Norte;Colisão Traseira;2;3;;;;;1
21/06/2021;16:44:00;163;3 - Acidente com Danos Materiais;63,315;BR-101/RJ;Norte;Colisão Lateral;1;3;;;;;1
23/06/2021;00:06:00;2;3 - Acidente com Danos Materiais;276,318;BR-101/RJ;Norte;Colisão Transversal;1;2;;;;;1
23/06/2021;10:44:00;80;3 - Acidente com Danos Materiais;154,156;BR-101/RJ;Norte;Colisão Transversal;1;3;;;;;1
23/06/2021;22:15:00;178;3 - Acidente com Danos Materiais;171,483;BR-101/RJ;Sul;Outros - Sequência;1;4;;;;;1
24/06/2021;18:44:00;165;3 - Acidente com Danos Materiais;67,352;BR-101/RJ;Norte;Colisão Traseira;1;4;;;;;1
26/06/2021;07:33:00;31;3 - Acidente com Danos Materiais;143,936;BR-101/RJ;Norte;Choque - Defensa, barreira ou "submarino";1;1;;;;;1
26/06/2021;12:50:00;84;2 - Acidente com VITIMA;11,036;BR-101/RJ;Sul;Tombamento;1;0;1;;;;1
28/06/2021;12:54:00;131;2 - Acidente com VITIMA;175,135;BR-101/RJ;Norte;Capotamento;1;1;2;;;;1
29/06/2021;00:06:00;3;3 - Acidente com Danos Materiais;197,123;BR-101/RJ;Norte;Atropelamento de Animal;1;4;;;;;1
29/06/2021;05:25:00;24;3 - Acidente com Danos Materiais;293,469;BR-101/RJ;Sul;Colisão Traseira;1;3;;;;;1
29/06/2021;05:58:00;27;3 - Acidente com Danos Materiais;142,5;BR-101/RJ;Sul;Colisão Traseira;1;3;;;;;1
30/06/2021;09:15:00;69;2 - Acidente com VITIMA;53,076;BR-101/RJ;Norte;Colisão Traseira;1;1;;1;;;2
30/06/2021;10:30:00;83;3 - Acidente com Danos Materiais;261,943;BR-101/RJ;Norte;Tombamento;1;1;;;;;1
30/06/2021;13:20:00;115;3 - Acidente com Danos Materiais;261,89;BR-101/RJ;Sul;Colisão Traseira;1;2;;;;;1
30/06/2021;13:22:00;117;3 - Acidente com Danos Materiais;261,89;BR-101/RJ;Sul;Choque - Defensa, barreira ou "submarino";1;1;;;;;1
01/07/2021;01:40:00;26;2 - Acidente com VITIMA;83,508;BR-101/RJ;Norte;Colisão Frontal;1;1;2;;;;1
01/07/2021;09:15:00;105;2 - Acidente com VITIMA;59,391;BR-101/RJ;Sul;Colisão Traseira;2;2;1;;;;1
02/07/2021;16:52:00;158;3 - Acidente com Danos Materiais;297,797;BR-101/RJ;Norte;Colisão Lateral;1;2;;;;;1
02/07/2021;17:43:00;170;2 - Acidente com VITIMA;295,763;BR-101/RJ;Norte;Colisão Traseira;1;2;;1;;;2
03/07/2021;13:04:00;113;2 - Acidente com VITIMA;262,356;BR-101/RJ;Sul;Outros - Sequência;2;4;2;;1;;2
04/07/2021;21:12:00;147;3 - Acidente com Danos Materiais;306,2;BR-101/RJ;Norte;Choque - Defensa, barreira ou "submarino";1;2;;;;;1
05/07/2021;11:00:00;109;2 - Acidente com VITIMA;55,045;BR-101/RJ;Norte;Colisão Traseira;1;1;1;;;;1
06/07/2021;06:51:00;32;2 - Acidente com VITIMA;60,699;BR-101/RJ;Sul;Colisão Traseira;2;1;1;;;;1
06/07/2021;10:29:00;89;2 - Acidente com VITIMA;48,612;BR-101/RJ;Norte;Colisão Transversal;1;1;1;;;;1
06/07/2021;11:14:00;102;3 - Acidente com Danos Materiais;169,389;BR-101/RJ;Norte;Colisão Lateral;2;2;;;;;1
08/07/2021;11:07:00;88;3 - Acidente com Danos Materiais;180,643;BR-101/RJ;Sul;Engavetamento;1;5;;;;;1
10/07/2021;20:11:00;159;2 - Acidente com VITIMA;180,378;BR-101/RJ;Sul;Tombamento;1;0;1;;;;1
11/07/2021;11:53:00;57;3 - Acidente com Danos Materiais;64,144;BR-101/RJ;Sul;Colisão Transversal;1;2;;;;;1
12/07/2021;00:58:00;8;3 - Acidente com Danos Materiais;88,562;BR-101/RJ;Norte;Choque - Talude;1;1;;;;;1
12/07/2021;17:30:00;176;2 - Acidente com VITIMA;203,906;BR-101/RJ;Sul;Choque - Defensa, barreira ou "submarino";1;0;;;1;;2
13/07/2021;19:23:00;161;3 - Acidente com Danos Materiais;256,651;BR-101/RJ;Norte;Colisão Transversal;1;5;;;;;1
14/07/2021;00:01:00;2;2 - Acidente com VITIMA;302,907;BR-101/RJ;Sul;Tombamento;1;0;;1;;;2
14/07/2021;18:56:00;169;3 - Acidente com Danos Materiais;301,798;BR-101/RJ;Sul;Colisão Traseira;1;2;;;;;1
14/07/2021;22:46:00;195;2 - Acidente com VITIMA;30,12;BR-101/RJ;Sul;Choque - Defensa, barreira ou "submarino";1;0;1;;;;1
15/07/2021;06:14:00;20;3 - Acidente com Danos Materiais;289,294;BR-101/RJ;Norte;Colisão Traseira;1;2;;;;;1
15/07/2021;21:20:00;221;3 - Acidente com Danos Materiais;285,691;BR-101/RJ;Sul;Outros - Sequência;2;7;;;;;1
15/07/2021;21:30:00;223;1 - Acidente com Vitima Fatal;285,692;BR-101/RJ;Norte;Choque - Defensa, barreira ou "submarino";1;0;;;;1;3
18/07/2021;10:08:00;67;3 - Acidente com Danos Materiais;250,715;BR-101/RJ;Sul;Colisão Traseira;1;2;;;;;1
19/07/2021;00:12:00;2;2 - Acidente com VITIMA;320,808;BR-101/RJ;Norte;Colisão Traseira;1;2;;2;;;2
19/07/2021;05:18:00;26;3 - Acidente com Danos Materiais;299,817;BR-101/RJ;Sul;Colisão Traseira;1;5;;;;;1
19/07/2021;16:48:00;165;2 - Acidente com VITIMA;297,215;BR-101/RJ;Sul;Colisão Lateral;1;4;1;;;;1
22/07/2021;09:59:00;77;3 - Acidente com Danos Materiais;309,145;BR-101/RJ;Norte;Colisão Traseira;1;2;;;;;1
23/07/2021;14:10:00;143;3 - Acidente com Danos Materiais;295,828;BR-101/RJ;Norte;Colisão Traseira;1;2;;;;;1
23/07/2021;14:32:00;146;3 - Acidente com Danos Materiais;293,151;BR-101/RJ;Sul;Colisão Lateral;1;3;;;;;1
23/07/2021;17:04:00;185;1 - Acidente com Vitima Fatal;92,357;BR-101/RJ;Sul;Colisão Traseira;1;1;;;;1;3
27/07/2021;07:45:00;26;3 - Acidente com Danos Materiais;82,557;BR-101/RJ;Norte;Colisão Lateral;1;2;;;;;1
27/07/2021;16:57:00;140;1 - Acidente com Vitima Fatal;143,151;BR-101/RJ;Sul;Outros - Sequência;1;1;;;;1;3
27/07/2021;23:29:00;177;3 - Acidente com Danos Materiais;56,465;BR-101/RJ;Norte;Atropelamento de Animal;1;1;;;;;1
28/07/2021;08:24:00;60;2 - Acidente com VITIMA;98,227;BR-101/RJ;Norte;Choque - Defensa, barreira ou "submarino";1;0;1;1;;;2
28/07/2021;14:19:00;126;3 - Acidente com Danos Materiais;292,897;BR-101/RJ;Norte;Colisão Lateral;1;3;;;;;1
28/07/2021;16:36:00;151;3 - Acidente com Danos Materiais;78,9;BR-101/RJ;Sul;Colisão Traseira;1;2;;;;;1
29/07/2021;06:11:00;24;3 - Acidente com Danos Materiais;292,486;BR-101/RJ;Sul;Outros - Sequência;1;3;;;;;1
30/07/2021;05:52:00;16;3 - Acidente com Danos Materiais;236,971;BR-101/RJ;Norte;Colisão Traseira;1;2;;;;;1
30/07/2021;09:04:00;55;3 - Acidente com Danos Materiais;295,637;BR-101/RJ;Norte;Outros - Sequência;1;3;;;;;1
30/07/2021;16:04:00;140;2 - Acidente com VITIMA;269,396;BR-101/RJ;Sul;Colisão Lateral;1;1;;1;;;2
31/07/2021;01:28:00;6;3 - Acidente com Danos Materiais;72,815;BR-101/RJ;Norte;Atropelamento de Animal;1;1;;;;;1
01/08/2021;13:42:00;123;2 - Acidente com VITIMA;10,807;BR-101/RJ;Sul;Tombamento;1;0;1;;;;1
02/08/2021;06:52:00;21;2 - Acidente com VITIMA;303,053;BR-101/RJ;Norte;Engavetamento;2;4;1;;;;1
02/08/2021;19:39:00;183;3 - Acidente com Danos Materiais;113,618;BR-101/RJ;Sul;Colisão Lateral;1;4;;;;;1
04/08/2021;06:14:00;23;3 - Acidente com Danos Materiais;310,787;BR-101/RJ;Sul;Colisão Traseira;1;2;;;;;1
04/08/2021;08:57:00;66;3 - Acidente com Danos Materiais;45,904;BR-101/RJ;Norte;Colisão Transversal;1;5;;;;;1
05/08/2021;00:38:00;6;3 - Acidente com Danos Materiais;60,849;BR-101/RJ;Norte;Colisão Transversal;1;3;;;;;1
05/08/2021;07:15:00;45;2 - Acidente com VITIMA;74,054;BR-101/RJ;Sul;Tombamento;1;2;1;;;;1
06/08/2021;05:47:00;23;3 - Acidente com Danos Materiais;169,096;BR-101/RJ;Sul;Choque - Defensa, barreira ou "submarino";1;4;;;;;1
06/08/2021;06:34:00;29;3 - Acidente com Danos Materiais;169,096;BR-101/RJ;Sul;Choque - Defensa, barreira ou "submarino";1;1;;;;;1
06/08/2021;15:46:00;126;3 - Acidente com Danos Materiais;218,118;BR-101/RJ;Norte;Colisão Lateral;1;2;;;;;1
07/08/2021;19:04:00;189;3 - Acidente com Danos Materiais;297,389;BR-101/RJ;Sul;Colisão Lateral;1;7;;;;;1
08/08/2021;00:50:00;5;3 - Acidente com Danos Materiais;225,2;BR-101/RJ;Sul;Choque - Defensa, barreira ou "submarino";1;1;;;;;1
08/08/2021;21:49:00;185;2 - Acidente com VITIMA;120,5;BR-101/RJ;Sul;Colisão Traseira;1;1;3;1;;;2
09/08/2021;10:14:00;96;2 - Acidente com VITIMA;59,479;BR-101/RJ;Norte;Colisão Traseira;1;1;1;;;;1
10/08/2021;07:40:00;40;3 - Acidente com Danos Materiais;27,431;BR-101/RJ;Sul;Engavetamento;4;7;;;;;1
10/08/2021;14:26:00;123;3 - Acidente com Danos Materiais;227,46;BR-101/RJ;Norte;Choque - Defensa, barreira ou "submarino";1;1;;;;;1
10/08/2021;18:05:00;169;3 - Acidente com Danos Materiais;192,869;BR-101/RJ;Norte;Colisão Lateral;1;2;;;;;1
11/08/2021;01:07:00;8;1 - Acidente com Vitima Fatal;141,1;BR-101/RJ;Sul;Colisão Traseira;2;2;;;;1;3
11/08/2021;08:00:00;45;2 - Acidente com VITIMA;208,113;BR-101/RJ;Sul;Colisão Frontal;1;1;;2;;;2
11/08/2021;17:37:00;155;3 - Acidente com Danos Materiais;298,6;BR-101/RJ;Sul;Colisão Transversal;1;3;;;;;1
12/08/2021;06:37:00;16;2 - Acidente com VITIMA;80,225;BR-101/RJ;Norte;Colisão Lateral;1;2;1;;;;1
12/08/2021;11:58:00;83;3 - Acidente com Danos Materiais;192,838;BR-101/RJ;Sul;Choque - Defensa, barreira ou "submarino";1;1;;;;;1
12/08/2021;14:26:00;103;2 - Acidente com VITIMA;260,785;BR-101/RJ;Sul;Colisão Traseira;2;1;1;;;;1
12/08/2021;20:51:00;156;2 - Acidente com VITIMA;273,445;BR-101/RJ;Norte;Colisão Traseira;1;2;;;1;;2
13/08/2021;11:39:00;92;2 - Acidente com VITIMA;309,62;BR-101/RJ;Sul;Colisão Lateral;1;2;;2;;;2
13/08/2021;15:04:00;123;3 - Acidente com Danos Materiais;217,998;BR-101/RJ;Norte;Colisão Traseira;1;2;;;;;1
14/08/2021;04:21:00;14;3 - Acidente com Danos Materiais;122,846;BR-101/RJ;Norte;Colisão Lateral;2;3;;;;;1
14/08/2021;06:26:00;20;3 - Acidente com Danos Materiais;58,388;BR-101/RJ;Norte;Colisão Traseira;1;3;;;;;1
14/08/2021;13:49:00;89;3 - Acidente com Danos Materiais;261,792;BR-101/RJ;Norte;Choque - Poste;1;2;;;;;1
14/08/2021;15:39:00;104;1 - Acidente com Vitima Fatal;50,195;BR-101/RJ;Sul;Choque - Defensa, barreira ou "submarino";1;0;;2;;2;3
15/08/2021;20:35:00;126;3 - Acidente com Danos Materiais;247,387;BR-101/RJ;Norte;Choque - Defensa, barreira ou "submarino";1;1;;;;;1
16/08/2021;20:32:00;194;3 - Acidente com Danos Materiais;209,834;BR-101/RJ;Norte;Choque - Defensa, barreira ou "submarino";1;1;;;;;1
17/08/2021;00:40:00;7;2 - Acidente com VITIMA;192,778;BR-101/RJ;Sul;Colisão Traseira;1;1;;1;;;2
17/08/2021;01:49:00;12;3 - Acidente com Danos Materiais;35,462;BR-101/RJ;Norte;Choque - Talude;1;1;;;;;1
17/08/2021;06:45:00;28;3 - Acidente com Danos Materiais;306,688;BR-101/RJ;Sul;Colisão Lateral;1;5;;;;;1
18/08/2021;10:29:00;87;3 - Acidente com Danos Materiais;54,85;BR-101/RJ;Norte;Colisão Traseira;1;2;;;;;1
18/08/2021;16:38:00;169;3 - Acidente com Danos Materiais;294,809;BR-101/RJ;Sul;Colisão Traseira;1;3;;;;;1
18/08/2021;17:05:00;173;3 - Acidente com Danos Materiais;298,312;BR-101/RJ;Sul;Colisão Traseira;1;2;;;;;1
18/08/2021;18:08:00;190;2 - Acidente com VITIMA;77,613;BR-101/RJ;Sul;Engavetamento;1;2;11;1;;;2
19/08/2021;05:43:00;21;2 - Acidente com VITIMA;48,331;BR-101/RJ;Norte;Colisão Transversal;1;1;2;;;;1
20/08/2021;10:00:00;102;3 - Acidente com Danos Materiais;78,269;BR-101/RJ;Sul;Choque - Outros;1;1;;;;;1
23/08/2021;07:50:00;27;3 - Acidente com Danos Materiais;297,891;BR-101/RJ;Norte;Colisão Lateral;1;2;;;;;1
24/08/2021;00:37:00;5;3 - Acidente com Danos Materiais;217,993;BR-101/RJ;Sul;Choque - Elemento de Drenagem;1;2;;;;;1
24/08/2021;09:44:00;84;2 - Acidente com VITIMA;316,726;BR-101/RJ;Sul;Colisão Traseira;1;3;;1;;;2
24/08/2021;14:26:00;135;2 - Acidente com VITIMA;62,156;BR-101/RJ;Norte;Colisão Traseira;1;1;;;1;;2
26/08/2021;14:39:00;153;3 - Acidente com Danos Materiais;297,759;BR-101/RJ;Norte;Colisão Lateral;1;2;;;;;1
27/08/2021;13:20:00;127;2 - Acidente com VITIMA;183,8;BR-101/RJ;Norte;Choque - Suporte de Sinalização;1;1;1;;;;1
30/08/2021;13:51:00;142;2 - Acidente com VITIMA;300,982;BR-101/RJ;Norte;Colisão Traseira;1;1;3;;;;1
31/08/2021;00:25:00;4;3 - Acidente com Danos Materiais;267,5;BR-101/RJ;Sul;Atropelamento de Animal;1;1;;;;;1
31/08/2021;07:10:00;33;3 - Acidente com Danos Materiais;311,001;BR-101/RJ;Sul;Colisão Lateral;1;2;;;;;1
31/08/2021;09:05:00;68;3 - Acidente com Danos Materiais;205,002;BR-101/RJ;Norte;Colisão Traseira;1;3;;;;;1
31/08/2021;23:21:00;181;3 - Acidente com Danos Materiais;104,007;BR-101/RJ;Sul;Choque - Elemento de Drenagem;1;2;;;;;1
01/09/2021;01:43:00;30;3 - Acidente com Danos Materiais;195,499;BR-101/RJ;Norte;Saida de Pista;2;3;;;;;1
02/09/2021;13:47:00;141;3 - Acidente com Danos Materiais;297,5;BR-101/RJ;Sul;Colisão Transversal;1;2;;;;;1
02/09/2021;19:47:00;198;3 - Acidente com Danos Materiais;297,162;BR-101/RJ;Norte;Colisão Lateral;1;3;;;;;1
03/09/2021;06:51:00;27;3 - Acidente com Danos Materiais;297,006;BR-101/RJ;Norte;Colisão Lateral;1;2;;;;;1
03/09/2021;07:44:00;43;3 - Acidente com Danos Materiais;294,7;BR-101/RJ;Sul;Colisão Lateral;2;5;;;;;1
03/09/2021;11:03:00;102;3 - Acidente com Danos Materiais;286,008;BR-101/RJ;Norte;Colisão Traseira;1;2;;;;;1
05/09/2021;15:05:00;109;1 - Acidente com Vitima Fatal;180,5;BR-101/RJ;Norte;Colisão Transversal;1;2;;1;;3;3
06/09/2021;03:25:00;15;3 - Acidente com Danos Materiais;212,004;BR-101/RJ;Norte;Choque - Objeto sobre a pista;1;5;;;;;1
06/09/2021;07:03:00;35;3 - Acidente com Danos Materiais;264,001;BR-101/RJ;Norte;Colisão Traseira;1;2;;;;;1
06/09/2021;20:27:00;180;2 - Acidente com VITIMA;72,15;BR-101/RJ;Sul;Outros;1;2;1;;;;1
08/09/2021;07:54:00;57;2 - Acidente com VITIMA;306,005;BR-101/RJ;Sul;Colisão Traseira;1;3;1;;;;1
08/09/2021;17:54:00;168;3 - Acidente com Danos Materiais;297,3;BR-101/RJ;Sul;Colisão Traseira;1;4;;;;;1
10/09/2021;16:50:00;159;2 - Acidente com VITIMA;49,301;BR-101/RJ;Norte;Colisão Transversal;1;1;;1;;;2
10/09/2021;18:14:00;175;3 - Acidente com Danos Materiais;289,565;BR-101/RJ;Sul;Colisão Traseira;1;2;;;;;1
12/09/2021;01:47:00;8;2 - Acidente com VITIMA;272,4;BR-101/RJ;Sul;Colisão Lateral;1;2;1;1;;;2
13/09/2021;15:00:00;163;2 - Acidente com VITIMA;252,89;BR-101/RJ;Sul;Colisão Traseira;1;1;1;;;;1
15/09/2021;05:25:00;16;2 - Acidente com VITIMA;64,031;BR-101/RJ;Sul;Colisão Transversal;1;0;1;;2;;2
15/09/2021;06:15:00;19;3 - Acidente com Danos Materiais;320,206;BR-101/RJ;Sul;Engavetamento;1;9;;;;;1
15/09/2021;08:35:00;63;3 - Acidente com Danos Materiais;297,785;BR-101/RJ;Norte;Colisão Lateral;1;2;;;;;1
15/09/2021;23:14:00;203;2 - Acidente com VITIMA;234,589;BR-101/RJ;Norte;Colisão Lateral;1;1;4;;;;1
15/09/2021;23:15:00;204;2 - Acidente com VITIMA;16,863;BR-101/RJ;Norte;Tombamento;1;1;1;;;;1
16/09/2021;01:43:00;7;3 - Acidente com Danos Materiais;82,88;BR-101/RJ;Sul;Colisão Traseira;2;2;;;;;1
16/09/2021;08:44:00;48;3 - Acidente com Danos Materiais;315,218;BR-101/RJ;Sul;Colisão Lateral;1;3;;;;;1
17/09/2021;00:55:00;5;2 - Acidente com VITIMA;293,35;BR-101/RJ;Sul;Tombamento;1;0;2;;;;1
17/09/2021;20:50:00;213;3 - Acidente com Danos Materiais;192,878;BR-101/RJ;Sul;Colisão Traseira;2;2;;;;;1
18/09/2021;00:59:00;6;3 - Acidente com Danos Materiais;85,05;BR-101/RJ;Norte;Atropelamento de Animal;1;1;;;;;1
20/09/2021;08:49:00;63;3 - Acidente com Danos Materiais;83,621;BR-101/RJ;Norte;Choque - Defensa, barreira ou "submarino";1;3;;;;;1
20/09/2021;20:33:00;186;3 - Acidente com Danos Materiais;58,35;BR-101/RJ;Sul;Colisão Transversal;1;2;;;;;1
22/09/2021;18:19:00;179;3 - Acidente com Danos Materiais;192,89;BR-101/RJ;Norte;Choque - Defensa, barreira ou "submarino";1;1;;;;;1
23/09/2021;15:48:00;168;2 - Acidente com VITIMA;261,803;BR-101/RJ;Sul;Tombamento;1;0;3;;;;1
24/09/2021;07:03:00;37;3 - Acidente com Danos Materiais;294,842;BR-101/RJ;Sul;Colisão Traseira;1;6;;;;;1
24/09/2021;17:50:00;199;3 - Acidente com Danos Materiais;54,087;BR-101/RJ;Sul;Colisão Transversal;2;2;;;;;1
25/09/2021;17:28:00;128;3 - Acidente com Danos Materiais;168,286;BR-101/RJ;Norte;Colisão Traseira;1;3;;;;;1
25/09/2021;19:40:00;150;2 - Acidente com VITIMA;83,555;BR-101/RJ;Norte;Tombamento;1;0;1;;;;1
26/09/2021;01:41:00;5;2 - Acidente com VITIMA;293,458;BR-101/RJ;Sul;Tombamento;1;0;1;;;;1
26/09/2021;04:12:00;14;2 - Acidente com VITIMA;27,869;BR-101/RJ;Sul;Colisão Frontal;1;1;1;;;;1
26/09/2021;12:06:00;74;2 - Acidente com VITIMA;299,448;BR-101/RJ;Norte;Colisão Lateral;1;5;1;;;;1
27/09/2021;04:44:00;12;3 - Acidente com Danos Materiais;188,952;BR-101/RJ;Sul;Choque - Defensa, barreira ou "submarino";1;1;;;;;1
27/09/2021;16:26:00;149;2 - Acidente com VITIMA;173,805;BR-101/RJ;Sul;Colisão Traseira;2;1;1;;;;1
28/09/2021;07:08:00;20;3 - Acidente com Danos Materiais;176,26;BR-101/RJ;Sul;Colisão Lateral;1;3;;;;;1
30/09/2021;00:42:00;2;2 - Acidente com VITIMA;161,902;BR-101/RJ;Sul;Colisão Traseira;2;1;1;;;;1
30/09/2021;02:12:00;5;2 - Acidente com VITIMA;242,384;BR-101/RJ;Norte;Colisão Traseira;2;0;2;;;;1
01/10/2021;06:01:00;37;3 - Acidente com Danos Materiais;302,325;BR-101/RJ;Norte;Colisão Traseira;1;4;;;;;1
01/10/2021;07:50:00;60;2 - Acidente com VITIMA;79,537;BR-101/RJ;Norte;Colisão Traseira;1;3;2;;;;1
01/10/2021;08:26:00;70;3 - Acidente com Danos Materiais;319,268;BR-101/RJ;Sul;Colisão Lateral;1;6;;;;;1
01/10/2021;13:55:00;142;3 - Acidente com Danos Materiais;97,4;BR-101/RJ;Norte;Tombamento;1;1;;;;;1
01/10/2021;19:45:00;215;3 - Acidente com Danos Materiais;140,101;BR-101/RJ;Sul;Colisão Traseira;1;4;;;;;1
01/10/2021;20:39:00;225;3 - Acidente com Danos Materiais;299,7;BR-101/RJ;Sul;Colisão Traseira;1;2;;;;;1
04/10/2021;08:01:00;35;3 - Acidente com Danos Materiais;67,692;BR-101/RJ;Norte;Colisão Traseira;1;2;;;;;1
04/10/2021;11:14:00;101;3 - Acidente com Danos Materiais;63,475;BR-101/RJ;Sul;Colisão Transversal;1;2;;;;;1
04/10/2021;14:32:00;141;2 - Acidente com VITIMA;269,291;BR-101/RJ;Norte;Tombamento;1;1;;1;;;2
07/10/2021;21:36:00;195;3 - Acidente com Danos Materiais;59,5;BR-101/RJ;Sul;Colisão Traseira;1;2;;;;;1
08/10/2021;14:40:00;133;3 - Acidente com Danos Materiais;318,247;BR-101/RJ;Sul;Colisão Lateral;1;2;;;;;1
10/10/2021;22:32:00;141;3 - Acidente com Danos Materiais;199,403;BR-101/RJ;Norte;Choque - Defensa, barreira ou "submarino";1;1;;;;;1
10/10/2021;23:23:00;145;3 - Acidente com Danos Materiais;73,778;BR-101/RJ;Norte;Colisão Lateral;1;2;;;;;1
11/10/2021;03:50:00;5;2 - Acidente com VITIMA;313,099;BR-101/RJ;Sul;Colisão Lateral;1;1;1;;;;1
11/10/2021;12:31:00;82;3 - Acidente com Danos Materiais;14,213;BR-101/RJ;Sul;Choque - Arvore;1;1;;;;;1
11/10/2021;16:13:00;113;3 - Acidente com Danos Materiais;268,711;BR-101/RJ;Sul;Choque - Elemento de Drenagem;1;3;;;;;1
12/10/2021;11:26:00;59;3 - Acidente com Danos Materiais;144,184;BR-101/RJ;Sul;Colisão Traseira;1;6;;;;;1
12/10/2021;18:21:00;129;3 - Acidente com Danos Materiais;123,128;BR-101/RJ;Norte;Colisão Traseira;1;2;;;;;1
13/10/2021;19:54:00;198;3 - Acidente com Danos Materiais;76,255;BR-101/RJ;Norte;Atropelamento de Animal;1;1;;;;;1
16/10/2021;14:49:00;113;3 - Acidente com Danos Materiais;190,524;BR-101/RJ;Sul;Choque - Defensa, barreira ou "submarino";1;1;;;;;1
17/10/2021;23:07:00;159;3 - Acidente com Danos Materiais;271,041;BR-101/RJ;Norte;Atropelamento de Animal;1;2;;;;;1
19/10/2021;04:59:00;18;3 - Acidente com Danos Materiais;99,9;BR-101/RJ;Sul;Choque - Elemento de Drenagem;1;1;;;;;1
19/10/2021;18:43:00;141;2 - Acidente com VITIMA;295,339;BR-101/RJ;Sul;Colisão Traseira;1;1;1;;;;1
19/10/2021;19:22:00;146;3 - Acidente com Danos Materiais;70,619;BR-101/RJ;Norte;Colisão Traseira;2;2;;;;;1
20/10/2021;22:03:00;181;3 - Acidente com Danos Materiais;6,5;BR-101/RJ;Norte;Choque - Outros;1;1;;;;;1
21/10/2021;04:21:00;28;3 - Acidente com Danos Materiais;235,498;BR-101/RJ;Sul;Choque - Talude;1;1;;;;;1
22/10/2021;02:35:00;13;3 - Acidente com Danos Materiais;103,6;BR-101/RJ;Norte;Colisão Traseira;2;2;;;;;1
22/10/2021;07:00:00;36;3 - Acidente com Danos Materiais;209,792;BR-101/RJ;Norte;Tombamento;1;1;;;;;1
23/10/2021;01:04:00;7;3 - Acidente com Danos Materiais;144,8;BR-101/RJ;Norte;Choque - Defensa, barreira ou "submarino";1;2;;;;;1
23/10/2021;16:15:00;138;2 - Acidente com VITIMA;299,7;BR-101/RJ;Sul;Engavetamento;1;9;1;;;;1
23/10/2021;21:50:00;189;1 - Acidente com Vitima Fatal;205,047;BR-101/RJ;Sul;Atropelamento - Outros;1;1;;;;1;3
24/10/2021;13:39:00;85;3 - Acidente com Danos Materiais;252,89;BR-101/RJ;Norte;Choque - Defensa, barreira ou "submarino";1;1;;;;;1
24/10/2021;14:49:00;98;3 - Acidente com Danos Materiais;308,37;BR-101/RJ;Sul;Colisão Lateral;1;2;;;;;1
26/10/2021;03:36:00;15;2 - Acidente com VITIMA;299,6;BR-101/RJ;Sul;Colisão Traseira;1;3;1;;;;1
26/10/2021;03:48:00;17;3 - Acidente com Danos Materiais;258,28;BR-101/RJ;Norte;Atropelamento de Animal;1;1;;;;;1
27/10/2021;08:21:00;53;3 - Acidente com Danos Materiais;61,251;BR-101/RJ;Sul;Colisão Traseira;2;2;;;;;1
27/10/2021;15:32:00;149;3 - Acidente com Danos Materiais;293,224;BR-101/RJ;Sul;Colisão Lateral;2;2;;;;;1
29/10/2021;05:50:00;25;2 - Acidente com VITIMA;236,95;BR-101/RJ;Norte;Colisão Traseira;1;1;1;;;;1
29/10/2021;10:03:00;90;3 - Acidente com Danos Materiais;297,719;BR-101/RJ;Sul;Colisão Lateral;1;2;;;;;1
29/10/2021;10:24:00;98;2 - Acidente com VITIMA;254,268;BR-101/RJ;Norte;Choque - Defensa, barreira ou "submarino";1;1;4;1;;;2
29/10/2021;11:50:00;116;3 - Acidente com Danos Materiais;261,439;BR-101/RJ;Sul;Choque - Defensa, barreira ou "submarino";1;1;;;;;1
29/10/2021;14:21:00;146;2 - Acidente com VITIMA;60,826;BR-101/RJ;Norte;Colisão Lateral;1;1;1;;;;1
29/10/2021;16:46:00;176;2 - Acidente com VITIMA;52,895;BR-101/RJ;Sul;Colisão Traseira;1;1;1;1;;;2