data;horario;n_da_ocorrencia;tipo_de_ocorrencia;km;trecho;sentido;tipo_de_acidente;caminhao;ilesos;levemente_feridos;moderadamente_feridos;gravemente_feridos;mortos;3
30/10/2021;00:32:00;8;3 - Acidente com Danos Materiais;248,86;BR-101/RJ;Sul;Atropelamento de Animal;1;2;;;;;1
30/10/2021;07:28:00;45;2 - Acidente com VITIMA;17,043;BR-101/RJ;Sul;Colisão Frontal;1;0;2;;2;;2
30/10/2021;08:52:00;68;2 - Acidente com VITIMA;59,37;BR-101/RJ;Sul;Colisão Traseira;2;2;;1;;;2
01/11/2021;19:10:16;130;Sem vítima;87,726;BR-101/RJ;Decrescente;Choque;1;1;0;0;0;0;1
01/11/2021;19:26:10;134;Sem vítima;87,725;BR-101/RJ;Decrescente;Choque;1;1;0;0;0;0;1
02/11/2021;04:59:40;19;Com vítima;99,886;BR-101/RJ;Crescente;Tombamento;1;0;1;0;0;0;1
04/11/2021;21:08:35;225;Com vítima;67,568;BR-101/RJ;Crescente;Colisão traseira;1;0;1;0;0;0;1
04/11/2021;21:29:51;228;Com vítima;44,552;BR-101/RJ;Crescente;Colisão transversal;2;1;1;0;0;0;1
05/11/2021;03:52:11;14;Com vítima;238,760;BR-101/RJ;Decrescente;Choque;1;0;1;0;0;0;1
05/11/2021;14:42:33;156;Sem vítima;297,850;BR-101/RJ;Crescente;Colisão lateral no mesmo sentido;1;2;0;0;0;0;1
05/11/2021;19:35:58;220;Sem vítima;256,260;BR-101/RJ;Decrescente;Choque;1;1;0;0;0;0;1
06/11/2021;19:07:21;170;Com vítima;44,507;BR-101/RJ;Decrescente;Colisão transversal;1;1;0;0;1;0;2
07/11/2021;04:17:06;20;Sem vítima;297,648;BR-101/RJ;Decrescente;Choque;1;1;0;0;0;0;1
07/11/2021;18:00:53;136;Sem vítima;47,500;BR-101/RJ;Decrescente;Colisão traseira;1;1;0;0;0;0;1
09/11/2021;07:02:03;23;Sem vítima;285,683;BR-101/RJ;Decrescente;Colisão lateral no mesmo sentido;1;1;0;0;0;0;1
10/11/2021;02:17:09;9;Com vítima;74,111;BR-101/RJ;Crescente;Colisão traseira;1;0;1;0;0;0;1
10/11/2021;06:38:26;24;Sem vítima;177,526;BR-101/RJ;Decrescente;Choque;1;1;0;0;0;0;1
10/11/2021;08:20:21;52;Com vítima;157,551;BR-101/RJ;Decrescente;Colisão frontal;1;1;0;0;0;1;3
10/11/2021;22:18:58;206;Com vítima;285,397;BR-101/RJ;Decrescente;Atropelamento de animal;1;2;0;0;0;0;1
11/11/2021;13:45:01;123;Sem vítima;144,244;BR-101/RJ;Decrescente;Choque;1;1;0;0;0;0;1
11/11/2021;17:22:06;157;Com vítima;59,560;BR-101/RJ;Decrescente;Colisão transversal;1;0;2;0;0;0;1
12/11/2021;13:59:14;120;Sem vítima;298,500;BR-101/RJ;Crescente;Colisão lateral no mesmo sentido;1;1;0;0;0;0;1
13/11/2021;09:01:07;70;Sem vítima;252,890;BR-101/RJ;Decrescente;Choque;1;0;0;0;0;0;1
13/11/2021;14:31:59;134;Com vítima;95,100;BR-101/RJ;Decrescente;Tombamento;1;0;1;0;0;0;1
15/11/2021;10:18:13;52;Com vítima;82,600;BR-101/RJ;Crescente;Tombamento;1;0;1;0;0;0;1
15/11/2021;14:35:25;84;Com vítima;277,320;BR-101/RJ;Decrescente;Colisão traseira;1;4;0;0;2;0;2
16/11/2021;20:17:56;220;Sem vítima;277,607;BR-101/RJ;Decrescente;Tombamento;1;1;0;0;0;0;1
18/11/2021;08:43:40;64;Com vítima;310,322;BR-101/RJ;Decrescente;Colisão lateral no mesmo sentido;1;1;0;0;0;0;1
18/11/2021;17:25:13;173;Sem vítima;255,500;BR-101/RJ;Decrescente;Choque;1;0;0;0;0;0;1
19/11/2021;15:27:29;136;Sem vítima;252,890;BR-101/RJ;Crescente;Colisão lateral no mesmo sentido;1;0;0;0;0;0;1
20/11/2021;04:12:10;13;Sem vítima;296,801;BR-101/RJ;Crescente;Colisão transversal;1;4;0;0;0;0;1
20/11/2021;08:31:52;47;Com vítima;50,800;BR-101/RJ;Crescente;Colisão transversal;1;1;0;0;0;0;1
20/11/2021;14:28:58;104;Sem vítima;195,184;BR-101/RJ;Crescente;Colisão lateral no mesmo sentido;1;1;0;0;0;0;1
23/11/2021;13:22:48;135;Sem vítima;315,900;BR-101/RJ;Crescente;Colisão traseira;1;1;0;0;0;0;1
24/11/2021;10:08:09;76;Com vítima;45,673;BR-101/RJ;Crescente;Colisão frontal;1;1;0;0;2;0;2
25/11/2021;01:40:35;6;Com vítima;64,200;BR-101/RJ;Crescente;Colisão transversal;1;1;0;0;0;0;1
26/11/2021;00:47:31;5;Sem vítima;240,242;BR-101/RJ;Crescente;Choque;1;1;0;0;0;0;1
26/11/2021;16:31:41;169;Sem vítima;66,865;BR-101/RJ;Crescente;Colisão lateral no mesmo sentido;1;1;0;0;0;0;1
27/11/2021;19:33:24;165;Com vítima;174,171;BR-101/RJ;Crescente;Colisão traseira;1;1;1;1;0;1;3
27/11/2021;20:33:31;172;Com vítima;294,345;BR-101/RJ;Decrescente;Choque;1;0;1;0;0;0;1
28/11/2021;08:18:12;35;Sem vítima;79,640;BR-101/RJ;Crescente;Colisão lateral no mesmo sentido;1;1;0;0;0;0;1
28/11/2021;15:14:58;116;Sem vítima;20,048;BR-101/RJ;Crescente;Tombamento;1;1;0;0;0;0;1
30/11/2021;15:08:46;142;Com vítima;164,436;BR-101/RJ;Decrescente;Choque;1;2;0;0;1;0;2
01/12/2021;09:23:39;95;Sem vítima;170,097;BR-101/RJ;Decrescente;Colisão lateral no mesmo sentido;1;1;0;0;0;0;1
02/12/2021;03:43:50;18;Sem vítima;210,310;BR-101/RJ;Crescente;Colisão lateral no mesmo sentido;1;1;0;0;0;0;1
03/12/2021;04:58:25;19;Com vítima;284,785;BR-101/RJ;Crescente;Colisão traseira;1;1;0;0;0;0;1
03/12/2021;08:24:21;50;Sem vítima;172,576;BR-101/RJ;Crescente;Colisão transversal;1;1;0;0;0;0;1
04/12/2021;02:58:37;13;Com vítima;321,042;BR-101/RJ;Decrescente;Tombamento;1;0;1;0;0;0;1
04/12/2021;04:53:48;23;Sem vítima;269,950;BR-101/RJ;Decrescente;Colisão lateral no mesmo sentido;1;2;0;0;0;0;1
06/12/2021;18:29:47;186;Sem vítima;74,088;BR-101/RJ;Crescente;Colisão traseira;1;1;0;0;0;0;1
07/12/2021;09:29:56;82;Sem vítima;297,864;BR-101/RJ;Crescente;Colisão traseira;1;1;0;0;0;0;1
08/12/2021;16:17:16;148;Sem vítima;315,150;BR-101/RJ;Crescente;Engavetamento;1;3;0;0;0;0;1
09/12/2021;13:22:24;125;Sem vítima;63,008;BR-101/RJ;Crescente;Colisão lateral no mesmo sentido;1;1;0;0;0;0;1
10/12/2021;13:05:16;129;Sem vítima;297,781;BR-101/RJ;Decrescente;Saída de pista;1;0;0;0;0;0;1
10/12/2021;16:13:24;176;Com vítima;262,224;BR-101/RJ;Crescente;Tombamento;1;0;1;0;0;0;1
10/12/2021;16:22:44;180;Sem vítima;193,500;BR-101/RJ;Decrescente;Colisão lateral no mesmo sentido;1;0;0;0;0;0;1
10/12/2021;17:36:07;186;Sem vítima;262,642;BR-101/RJ;Crescente;Colisão lateral no mesmo sentido;1;0;0;0;0;0;1
10/12/2021;20:54:53;216;Sem vítima;306,526;BR-101/RJ;Crescente;Choque;1;1;0;0;0;0;1
13/12/2021;07:36:24;44;Sem vítima;58,451;BR-101/RJ;Decrescente;Colisão traseira;1;1;0;0;0;0;1
14/12/2021;16:53:31;161;Com vítima;68,604;BR-101/RJ;Decrescente;Colisão transversal;1;1;0;0;0;0;1
15/12/2021;14:02:33;122;Sem vítima;299,700;BR-101/RJ;Decrescente;Choque;1;0;0;0;0;0;1
16/12/2021;10:49:33;111;Sem vítima;91,713;BR-101/RJ;Crescente;Colisão lateral no mesmo sentido;1;1;0;0;0;0;1
16/12/2021;20:04:24;227;Sem vítima;206,005;BR-101/RJ;Decrescente;Colisão transversal;1;1;0;0;0;0;1
17/12/2021;16:18:42;172;Sem vítima;23,409;BR-101/RJ;Crescente;Choque;1;1;0;0;0;0;1
18/12/2021;04:21:17;16;Sem vítima;302,595;BR-101/RJ;Decrescente;Choque;1;1;0;0;0;0;1
18/12/2021;20:15:01;189;Com vítima;226,540;BR-101/RJ;Crescente;Tombamento;1;0;1;0;0;0;1
19/12/2021;20:05:34;171;Com vítima;88,191;BR-101/RJ;Decrescente;Colisão traseira;2;1;0;0;0;1;3
20/12/2021;06:45:35;36;Sem vítima;286,840;BR-101/RJ;Crescente;Colisão lateral no mesmo sentido;1;1;0;0;0;0;1
20/12/2021;15:24:17;152;Sem vítima;67,278;BR-101/RJ;Crescente;Colisão traseira;1;1;0;0;0;0;1
21/12/2021;08:11:37;45;Com vítima;166,712;BR-101/RJ;Decrescente;Colisão lateral no mesmo sentido;1;1;0;0;0;0;1
22/12/2021;12:37:29;140;Sem vítima;299,307;BR-101/RJ;Crescente;Choque;1;0;0;0;0;0;1
23/12/2021;02:44:45;27;Com vítima;277,810;BR-101/RJ;Decrescente;Colisão traseira;1;0;0;1;0;0;2
23/12/2021;10:05:14;86;Sem vítima;63,332;BR-101/RJ;Decrescente;Engavetamento;1;2;0;0;0;0;1
28/12/2021;15:39:57;143;Sem vítima;61,792;BR-101/RJ;Crescente;Choque;1;0;0;0;0;0;1
28/12/2021;22:29:12;218;Sem vítima;317,867;BR-101/RJ;Crescente;Choque;1;2;0;0;0;0;1
29/12/2021;11:22:45;106;Com vítima;70,089;BR-101/RJ;Decrescente;Colisão lateral no mesmo sentido;1;8;2;0;2;0;2
29/12/2021;17:56:14;189;Sem vítima;318,334;BR-101/RJ;Crescente;Colisão traseira;1;4;0;0;0;0;1
29/12/2021;20:40:22;224;Sem vítima;279,492;BR-101/RJ;Crescente;Colisão lateral no mesmo sentido;1;10;0;0;0;0;1
30/12/2021;03:50:28;17;Com vítima;272,400;BR-101/RJ;Crescente;Atropelamento de animal;1;2;0;0;0;0;1
02/01/2022;23:21:24;194;Sem vítima;93,900;BR-101/RJ;Decrescente;Colisão traseira;1;1;0;0;0;0;1
04/01/2022;00:04:33;2;Sem vítima;304,140;BR-101/RJ;Decrescente;Choque;1;1;0;0;0;0;1
05/01/2022;12:10:32;107;Sem vítima;297,765;BR-101/RJ;Crescente;Colisão lateral no mesmo sentido;1;0;0;0;0;0;1
05/01/2022;16:51:42;157;Sem vítima;316,500;BR-101/RJ;Crescente;Colisão lateral no mesmo sentido;1;0;0;0;0;0;1
06/01/2022;12:12:40;107;Com vítima;22,443;BR-101/RJ;Decrescente;Tombamento;1;0;0;1;0;0;2
07/01/2022;14:55:18;131;Com vítima;61,640;BR-101/RJ;Crescente;Colisão traseira;1;0;3;0;0;0;1
07/01/2022;16:45:49;157;Com vítima;231,815;BR-101/RJ;Decrescente;Choque;1;0;2;1;0;0;2
07/01/2022;18:36:41;182;Sem vítima;297,776;BR-101/RJ;Crescente;Colisão lateral no mesmo sentido;2;0;0;0;0;0;1
08/01/2022;00:49:31;3;Sem vítima;76,720;BR-101/RJ;Decrescente;Colisão traseira;2;4;0;0;0;0;1
08/01/2022;08:30:28;43;Com vítima;173,403;BR-101/RJ;Crescente;Colisão frontal;1;1;0;0;1;1;3
10/01/2022;08:08:42;40;Sem vítima;196,281;BR-101/RJ;Decrescente;Colisão lateral no mesmo sentido;1;2;0;0;0;0;1
11/01/2022;07:57:03;67;Sem vítima;178,703;BR-101/RJ;Crescente;Colisão lateral no mesmo sentido;1;0;0;0;0;0;1
11/01/2022;21:52:08;250;Sem vítima;108,680;BR-101/RJ;Decrescente;Choque;1;1;0;0;0;0;1
12/01/2022;23:38:54;212;Sem vítima;178,661;BR-101/RJ;Crescente;Colisão lateral no mesmo sentido;2;3;0;0;0;0;1
13/01/2022;07:00:37;35;Com vítima;60,689;BR-101/RJ;Decrescente;Colisão traseira;1;1;1;0;0;0;1
14/01/2022;13:03:44;125;Sem vítima;272,320;BR-101/RJ;Crescente;Engavetamento;1;6;0;0;0;0;1
15/01/2022;11:33:48;97;Sem vítima;299,700;BR-101/RJ;Decrescente;Colisão traseira;1;5;0;0;0;0;1
16/01/2022;00:27:20;4;Sem vítima;260,730;BR-101/RJ;Decrescente;Choque;1;1;0;0;0;0;1
17/01/2022;12:54:41;123;Sem vítima;295,081;BR-101/RJ;Crescente;Colisão traseira;1;4;0;0;0;0;1
17/01/2022;23:48:56;253;Sem vítima;96,261;BR-101/RJ;Crescente;Colisão traseira;2;2;0;0;0;0;1
18/01/2022;16:13:55;152;Com vítima;295,252;BR-101/RJ;Decrescente;Colisão traseira;1;0;2;0;0;0;1
18/01/2022;16:47:36;162;Sem vítima;152,100;BR-101/RJ;Decrescente;Colisão lateral no mesmo sentido;1;3;0;0;0;0;1
19/01/2022;03:44:03;13;Com vítima;256,761;BR-101/RJ;Crescente;Atropelamento de animal;1;4;2;0;0;0;1
19/01/2022;10:12:31;96;Sem vítima;297,472;BR-101/RJ;Decrescente;Colisão lateral no mesmo sentido;1;1;0;0;0;0;1
19/01/2022;12:42:09;138;Sem vítima;67,140;BR-101/RJ;Crescente;Engavetamento;1;0;0;0;0;0;1
19/01/2022;19:35:22;209;Com vítima;42,765;BR-101/RJ;Decrescente;Colisão transversal;2;0;1;1;0;0;2
20/01/2022;14:46:04;142;Sem vítima;180,673;BR-101/RJ;Crescente;Acidentes de outra natureza;2;3;0;0;0;0;1
20/01/2022;20:49:00;200;Sem vítima;262,624;BR-101/RJ;Crescente;Choque;1;1;0;0;0;0;1
20/01/2022;22:26:21;207;Com vítima;88,251;BR-101/RJ;Crescente;Choque;1;0;1;0;0;0;1
21/01/2022;11:01:01;106;Sem vítima;291,167;BR-101/RJ;Decrescente;Colisão lateral no mesmo sentido;1;0;0;0;0;0;1
24/01/2022;08:14:57;43;Com vítima;144,405;BR-101/RJ;Decrescente;Tombamento;1;0;1;0;0;0;1
24/01/2022;09:40:52;67;Com vítima;86,690;BR-101/RJ;Crescente;Tombamento;1;0;1;0;0;0;1
24/01/2022;14:02:46;120;Sem vítima;297,742;BR-101/RJ;Crescente;Queda de moto;1;0;0;0;0;0;1
28/01/2022;12:34:35;133;Sem vítima;10,950;BR-101/RJ;Decrescente;Acidentes de outra natureza;1;2;0;0;0;0;1
29/01/2022;02:53:10;14;Sem vítima;293,612;BR-101/RJ;Decrescente;Colisão lateral no mesmo sentido;1;2;0;0;0;0;1
29/01/2022;07:55:30;34;Sem vítima;261,010;BR-101/RJ;Decrescente;Tombamento;1;1;0;0;0;0;1
31/01/2022;04:18:16;15;Sem vítima;0,899;BR-101/RJ;Crescente;Choque;1;3;0;0;0;0;1
01/02/2022;07:59:47;63;Sem vítima;287,779;BR-101/RJ;Crescente;Colisão traseira;1;0;0;0;0;0;1
01/02/2022;12:49:05;129;Sem vítima;263,484;BR-101/RJ;Decrescente;Colisão lateral no mesmo sentido;1;4;0;0;0;0;1
01/02/2022;19:51:27;206;Sem vítima;86,060;BR-101/RJ;Decrescente;Acidentes de outra natureza;1;2;0;0;0;0;1
02/02/2022;09:51:58;78;Sem vítima;58,101;BR-101/RJ;Decrescente;Engavetamento;2;2;0;0;0;0;1
02/02/2022;10:14:34;84;Com vítima;277,410;BR-101/RJ;Crescente;Colisão lateral no mesmo sentido;1;1;1;1;0;0;2
02/02/2022;15:34:08;139;Sem vítima;88,433;BR-101/RJ;Decrescente;Choque;1;2;0;0;0;0;1
03/02/2022;03:24:50;10;Sem vítima;273,168;BR-101/RJ;Decrescente;Colisão lateral no mesmo sentido;2;4;0;0;0;0;1
04/02/2022;12:50:24;110;Com vítima;277,700;BR-101/RJ;Decrescente;Colisão traseira;2;2;2;0;0;0;1
04/02/2022;14:05:26;127;Com vítima;297,342;BR-101/RJ;Decrescente;Colisão traseira;1;3;1;0;0;0;1
05/02/2022;14:41:10;111;Sem vítima;264,063;BR-101/RJ;Crescente;Colisão transversal;1;1;0;0;0;0;1
06/02/2022;10:15:42;55;Com vítima;294,966;BR-101/RJ;Crescente;Colisão traseira;1;2;3;0;0;0;1
07/02/2022;15:32:29;150;Com vítima;262,114;BR-101/RJ;Crescente;Tombamento;1;0;0;0;1;0;2
07/02/2022;16:37:56;164;Com vítima;154,152;BR-101/RJ;Decrescente;Choque;1;0;3;0;0;0;1
07/02/2022;18:46:28;186;Com vítima;266,181;BR-101/RJ;Crescente;Colisão lateral no mesmo sentido;2;1;1;0;0;0;1
08/02/2022;05:58:09;17;Sem vítima;317,935;BR-101/RJ;Crescente;Colisão lateral no mesmo sentido;1;1;0;0;0;0;1
09/02/2022;08:14:18;57;Sem vítima;66,800;BR-101/RJ;Crescente;Colisão lateral no mesmo sentido;1;3;0;0;0;0;1
11/02/2022;02:19:23;9;Com vítima;62,400;BR-101/RJ;Crescente;Colisão traseira;1;2;2;0;0;0;1
11/02/2022;06:30:25;20;Sem vítima;59,800;BR-101/RJ;Decrescente;Colisão traseira;2;2;0;0;0;0;1
12/02/2022;01:22:53;4;Com vítima;46,180;BR-101/RJ;Crescente;Atropelamento de ciclista;1;1;0;0;0;0;1
15/02/2022;12:23:37;106;Sem vítima;195,414;BR-101/RJ;Crescente;Choque;1;1;0;0;0;0;1
15/02/2022;17:32:05;158;Sem vítima;184,566;BR-101/RJ;Decrescente;Choque;1;1;0;0;0;0;1
15/02/2022;18:58:19;176;Com vítima;147,423;BR-101/RJ;Crescente;Atropelamento de animal;1;1;0;0;0;0;1
16/02/2022;14:24:48;97;Sem vítima;246,730;BR-101/RJ;Decrescente;Choque;1;2;0;0;0;0;1
17/02/2022;00:48:30;6;Sem vítima;23,800;BR-101/RJ;Decrescente;Colisão lateral no mesmo sentido;2;3;0;0;0;0;1
17/02/2022;15:31:25;131;Com vítima;144,416;BR-101/RJ;Crescente;Tombamento;1;0;1;0;0;0;1
23/02/2022;07:30:40;31;Sem vítima;207,301;BR-101/RJ;Crescente;Colisão traseira;1;1;0;0;0;0;1
26/02/2022;01:25:55;13;Sem vítima;11,070;BR-101/RJ;Crescente;Atropelamento de animal;1;1;0;0;0;0;1
26/02/2022;08:23:32;59;Com vítima;285,275;BR-101/RJ;Decrescente;Tombamento;1;1;1;0;0;0;1
28/02/2022;14:04:12;112;Com vítima;321,056;BR-101/RJ;Decrescente;Tombamento;1;0;1;0;0;0;1
28/02/2022;15:15:03;131;Sem vítima;306,854;BR-101/RJ;Crescente;Colisão traseira;1;3;0;0;0;0;1
02/03/2022;07:52:48;45;Sem vítima;289,147;BR-101/RJ;Crescente;Colisão lateral no mesmo sentido;1;2;0;0;0;0;1
02/03/2022;12:31:20;116;Sem vítima;131,954;BR-101/RJ;Crescente;Colisão lateral no mesmo sentido;1;6;0;0;0;0;1
02/03/2022;12:53:17;127;Com vítima;81,107;BR-101/RJ;Decrescente;Colisão transversal;1;2;0;0;1;0;2
03/03/2022;17:04:01;173;Com vítima;37,114;BR-101/RJ;Decrescente;Colisão frontal;1;0;1;0;0;2;3
04/03/2022;06:32:28;22;Sem vítima;312,916;BR-101/RJ;Decrescente;Colisão traseira;1;2;0;0;0;0;1
07/03/2022;06:37:26;24;Sem vítima;59,437;BR-101/RJ;Decrescente;Colisão lateral no mesmo sentido;1;2;0;0;0;0;1
07/03/2022;12:27:21;108;Sem vítima;205,708;BR-101/RJ;Decrescente;Colisão traseira;1;2;0;0;0;0;1
08/03/2022;06:46:16;22;Com vítima;293,372;BR-101/RJ;Decrescente;Colisão traseira;1;1;1;0;0;0;1
08/03/2022;11:35:13;94;Sem vítima;76,756;BR-101/RJ;Crescente;Tombamento;1;2;0;0;0;0;1
08/03/2022;14:26:17;130;Com vítima;175,093;BR-101/RJ;Crescente;Colisão frontal;1;1;0;0;0;1;3
08/03/2022;19:32:19;182;Com vítima;172,584;BR-101/RJ;Crescente;Atropelamento de animal;1;1;0;0;0;0;1
09/03/2022;14:11:07;128;Com vítima;297,345;BR-101/RJ;Decrescente;Atropelamento de pedestre;1;2;2;0;1;0;2
10/03/2022;14:04:23;128;Com vítima;215,822;BR-101/RJ;Crescente;Colisão lateral no mesmo sentido;2;3;0;0;0;1;3
10/03/2022;22:59:29;217;Com vítima;224,767;BR-101/RJ;Crescente;Engavetamento;3;2;1;0;0;0;1
12/03/2022;06:01:57;16;Com vítima;148,472;BR-101/RJ;Decrescente;Colisão lateral no mesmo sentido;1;31;3;0;0;0;1
12/03/2022;07:59:41;34;Com vítima;123,094;BR-101/RJ;Crescente;Colisão traseira;1;5;1;0;0;0;1
14/03/2022;11:48:00;94;Com vítima;147,714;BR-101/RJ;Decrescente;Engavetamento;4;0;4;2;0;0;2
18/03/2022;06:53:18;28;Com vítima;299,326;BR-101/RJ;Crescente;Colisão lateral no mesmo sentido;1;2;0;0;0;0;1
18/03/2022;09:43:13;86;Com vítima;95,094;BR-101/RJ;Decrescente;Tombamento;1;1;2;0;0;0;1
19/03/2022;00:46:05;3;Sem vítima;210,300;BR-101/RJ;Crescente;Choque;1;1;0;0;0;0;1
23/03/2022;10:24:42;87;Com vítima;318,057;BR-101/RJ;Decrescente;Saída de pista;1;0;0;1;0;0;2
23/03/2022;16:59:34;155;Sem vítima;275,985;BR-101/RJ;Decrescente;Colisão lateral no mesmo sentido;2;2;0;0;0;0;1
24/03/2022;11:13:11;75;Com vítima;77,921;BR-101/RJ;Decrescente;Colisão traseira;1;1;0;0;0;0;1
25/03/2022;04:34:37;16;Com vítima;252,103;BR-101/RJ;Decrescente;Colisão traseira;2;1;1;0;0;0;1
25/03/2022;13:37:08;141;Sem vítima;302,326;BR-101/RJ;Decrescente;Colisão traseira;1;2;0;0;0;0;1
25/03/2022;15:56:00;180;Sem vítima;300,057;BR-101/RJ;Decrescente;Colisão lateral no mesmo sentido;1;2;0;0;0;0;1
25/03/2022;16:21:55;188;Com vítima;165,183;BR-101/RJ;Decrescente;Colisão frontal;1;3;1;0;0;0;1
25/03/2022;23:43:03;256;Com vítima;305,225;BR-101/RJ;Decrescente;Atropelamento de animal;1;1;0;0;0;0;1
27/03/2022;10:59:24;56;Sem vítima;252,746;BR-101/RJ;Crescente;Colisão traseira;1;2;0;0;0;0;1
28/03/2022;14:03:16;143;Com vítima;33,886;BR-101/RJ;Crescente;Colisão lateral no mesmo sentido;1;1;1;0;1;0;2
29/03/2022;01:36:28;8;Sem vítima;123,144;BR-101/RJ;Decrescente;Colisão traseira;2;4;0;0;0;0;1
30/03/2022;06:13:27;18;Com vítima;56,347;BR-101/RJ;Decrescente;Colisão traseira;2;2;1;1;0;0;2
30/03/2022;08:34:22;42;Sem vítima;305,387;BR-101/RJ;Decrescente;Acidentes de outra natureza;1;2;0;0;0;0;1
30/03/2022;14:45:41;130;Sem vítima;318,318;BR-101/RJ;Decrescente;Colisão lateral no mesmo sentido;1;0;0;0;0;0;1
30/03/2022;17:26:45;163;Sem vítima;252,800;BR-101/RJ;Crescente;Choque;1;0;0;0;0;0;1
30/03/2022;21:08:07;194;Sem vítima;181,636;BR-101/RJ;Decrescente;Colisão traseira;1;1;0;0;0;0;1
31/03/2022;05:10:21;20;Sem vítima;299,400;BR-101/RJ;Crescente;Colisão traseira;1;3;0;0;0;0;1
01/04/2022;09:09:27;91;Sem vítima;297,379;BR-101/RJ;Decrescente;Colisão lateral no mesmo sentido;1;0;0;0;0;0;1
03/04/2022;03:54:33;14;Sem vítima;218,200;BR-101/RJ;Crescente;Colisão traseira;1;3;0;0;0;0;1
04/04/2022;09:14:04;56;Com vítima;244,496;BR-101/RJ;Crescente;Tombamento;1;0;0;1;0;0;2
05/04/2022;13:36:30;108;Com vítima;297,352;BR-101/RJ;Decrescente;Atropelamento de pedestre;1;1;0;0;1;0;2
06/04/2022;08:26:55;37;Sem vítima;162,800;BR-101/RJ;Crescente;Colisão traseira;1;3;0;0;0;0;1
08/04/2022;13:08:45;115;Com vítima;268,800;BR-101/RJ;Crescente;Colisão traseira;1;2;1;2;0;0;2
09/04/2022;10:58:48;42;Sem vítima;64,082;BR-101/RJ;Decrescente;Colisão transversal;1;2;0;0;0;0;1
11/04/2022;08:06:39;46;Com vítima;313,431;BR-101/RJ;Decrescente;Colisão traseira;1;2;2;0;0;0;1
11/04/2022;09:29:59;65;Sem vítima;65,740;BR-101/RJ;Decrescente;Colisão traseira;1;4;0;0;0;0;1
11/04/2022;10:36:59;80;Com vítima;251,662;BR-101/RJ;Decrescente;Choque;1;0;2;0;0;0;1
11/04/2022;15:33:39;127;Sem vítima;40,531;BR-101/RJ;Decrescente;Colisão traseira;1;3;0;0;0;0;1
11/04/2022;18:21:58;157;Com vítima;82,145;BR-101/RJ;Crescente;Colisão traseira;1;2;1;0;0;0;1
11/04/2022;19:29:11;169;Sem vítima;297,267;BR-101/RJ;Crescente;Colisão lateral no mesmo sentido;1;0;0;0;0;0;1
17/04/2022;06:17:59;27;Com vítima;293,062;BR-101/RJ;Decrescente;Tombamento;1;0;1;0;0;0;1
19/04/2022;08:49:42;71;Sem vítima;97,400;BR-101/RJ;Crescente;Choque;1;1;0;0;0;0;1
20/04/2022;07:10:17;33;Sem vítima;303,286;BR-101/RJ;Crescente;Colisão traseira;1;3;0;0;0;0;1
20/04/2022;09:32:52;71;Sem vítima;63,814;BR-101/RJ;Decrescente;Colisão lateral no mesmo sentido;1;0;0;0;0;0;1
20/04/2022;16:01:13;152;Sem vítima;294,236;BR-101/RJ;Crescente;Colisão lateral no mesmo sentido;1;4;0;0;0;0;1
21/04/2022;15:19:59;166;Com vítima;63,157;BR-101/RJ;Decrescente;Engavetamento;2;2;3;0;0;0;1
21/04/2022;20:31:50;213;Com vítima;79,669;BR-101/RJ;Decrescente;Colisão traseira;1;1;0;0;1;0;2
22/04/2022;00:14:02;2;Com vítima;193,930;BR-101/RJ;Decrescente;Colisão traseira;2;1;1;0;0;1;3
22/04/2022;11:08:10;64;Sem vítima;297,924;BR-101/RJ;Decrescente;Choque;1;0;0;0;0;0;1
23/04/2022;04:28:11;21;Com vítima;216,779;BR-101/RJ;Decrescente;Colisão frontal;1;3;1;1;0;0;2
23/04/2022;13:01:37;82;Com vítima;257,119;BR-101/RJ;Decrescente;Atropelamento de pedestre;1;0;1;1;0;1;3
23/04/2022;15:17:17;101;Com vítima;237,600;BR-101/RJ;Decrescente;Colisão traseira;1;2;0;0;1;0;2
25/04/2022;16:47:25;184;Sem vítima;61,757;BR-101/RJ;Crescente;Colisão traseira;2;2;0;0;0;0;1
26/04/2022;09:46:55;88;Com vítima;82,837;BR-101/RJ;Crescente;Colisão frontal;1;0;2;0;0;1;3
26/04/2022;15:14:10;140;Com vítima;273,700;BR-101/RJ;Decrescente;Engavetamento;1;10;3;1;0;0;2
26/04/2022;20:16:30;187;Sem vítima;191,770;BR-101/RJ;Decrescente;Choque;1;1;0;0;0;0;1
27/04/2022;16:41:27;170;Sem vítima;301,293;BR-101/RJ;Decrescente;Colisão lateral no mesmo sentido;1;3;0;0;0;0;1
29/04/2022;08:34:24;48;Sem vítima;66,491;BR-101/RJ;Decrescente;Colisão traseira;1;2;0;0;0;0;1