data;horario;n_da_ocorrencia;tipo_de_ocorrencia;km;trecho;sentido;tipo_de_acidente;caminhao;ilesos;levemente_feridos;moderadamente_feridos;gravemente_feridos;mortos;3
29/04/2022;18:26:04;173;Sem vítima;66,549;BR-101/RJ;Crescente;Colisão lateral no mesmo sentido;1;3;0;0;0;0;1
30/04/2022;17:49:07;171;Sem vítima;217,806;BR-101/RJ;Crescente;Choque;1;1;0;0;0;0;1
05/05/2022;08:10:29;35;Com vítima;8,500;BR-101/RJ;Crescente;Colisão lateral no mesmo sentido;1;2;1;0;0;0;1
05/05/2022;09:21:21;57;Com vítima;212,852;BR-101/RJ;Crescente;Tombamento;1;0;1;0;0;0;1
06/05/2022;12:17:56;98;Sem vítima;297,817;BR-101/RJ;Crescente;Engavetamento;1;3;0;0;0;0;1
08/05/2022;23:40:28;202;Sem vítima;139,893;BR-101/RJ;Decrescente;Tombamento;1;1;0;0;0;0;1
09/05/2022;09:50:37;81;Com vítima;59,395;BR-101/RJ;Decrescente;Engavetamento;2;5;1;1;0;0;2
10/05/2022;07:21:40;31;Sem vítima;252,800;BR-101/RJ;Crescente;Colisão traseira;2;1;0;0;0;0;1
11/05/2022;05:51:25;20;Com vítima;46,883;BR-101/RJ;Decrescente;Atropelamento de animal;1;1;0;0;0;0;1
11/05/2022;23:42:42;216;Sem vítima;272,299;BR-101/RJ;Decrescente;Choque;1;1;0;0;0;0;1
12/05/2022;04:03:52;16;Sem vítima;78,135;BR-101/RJ;Crescente;Colisão traseira;2;2;0;0;0;0;1
13/05/2022;09:46:14;90;Sem vítima;66,548;BR-101/RJ;Crescente;Colisão lateral no mesmo sentido;1;6;0;0;0;0;1
14/05/2022;16:47:27;117;Sem vítima;192,830;BR-101/RJ;Decrescente;Colisão traseira;2;2;0;0;0;0;1
15/05/2022;13:05:01;70;Com vítima;222,992;BR-101/RJ;Decrescente;Choque;1;0;1;0;0;0;1
17/05/2022;00:27:19;2;Sem vítima;120,828;BR-101/RJ;Decrescente;Atropelamento de animal;1;1;0;0;0;0;1
17/05/2022;11:51:03;99;Com vítima;48,184;BR-101/RJ;Crescente;Engavetamento;3;3;1;0;0;0;1
18/05/2022;06:27:49;23;Sem vítima;180,260;BR-101/RJ;Decrescente;Tombamento;1;1;0;0;0;0;1
18/05/2022;08:04:24;47;Com vítima;294,947;BR-101/RJ;Decrescente;Colisão lateral no mesmo sentido;2;2;1;0;0;0;1
18/05/2022;09:23:12;72;Sem vítima;122,900;BR-101/RJ;Decrescente;Colisão traseira;1;2;0;0;0;0;1
19/05/2022;08:04:19;43;Com vítima;58,836;BR-101/RJ;Decrescente;Colisão traseira;1;2;2;0;0;0;1
19/05/2022;23:01:39;203;Com vítima;273,459;BR-101/RJ;Decrescente;Colisão traseira;1;1;2;0;0;0;1
20/05/2022;11:50:34;103;Sem vítima;279,924;BR-101/RJ;Decrescente;Colisão traseira;1;3;0;0;0;0;1
20/05/2022;14:31:08;123;Com vítima;14,975;BR-101/RJ;Decrescente;Colisão lateral no mesmo sentido;1;1;1;0;0;0;1
21/05/2022;08:01:25;49;Sem vítima;308,784;BR-101/RJ;Decrescente;Colisão traseira;1;4;0;0;0;0;1
21/05/2022;15:18:54;128;Sem vítima;301,272;BR-101/RJ;Decrescente;Colisão traseira;1;3;0;0;0;0;1
22/05/2022;12:38:41;60;Com vítima;222,454;BR-101/RJ;Decrescente;Choque;1;0;2;1;0;0;2
23/05/2022;13:57:00;127;Sem vítima;63,011;BR-101/RJ;Crescente;Colisão lateral no mesmo sentido;2;3;0;0;0;0;1
24/05/2022;04:46:46;17;Sem vítima;192,900;BR-101/RJ;Decrescente;Choque;1;1;0;0;0;0;1
24/05/2022;06:01:13;21;Sem vítima;274,350;BR-101/RJ;Crescente;Tombamento;1;3;0;0;0;0;1
24/05/2022;07:15:51;34;Sem vítima;67,834;BR-101/RJ;Crescente;Colisão traseira;2;4;0;0;0;0;1
24/05/2022;08:24:18;47;Sem vítima;252,800;BR-101/RJ;Crescente;Choque;1;0;0;0;0;0;1
24/05/2022;11:18:21;96;Sem vítima;217,965;BR-101/RJ;Crescente;Colisão traseira;1;3;0;0;0;0;1
25/05/2022;08:44:08;64;Sem vítima;297,744;BR-101/RJ;Crescente;Colisão traseira;1;2;0;0;0;0;1
25/05/2022;09:04:42;73;Sem vítima;297,700;BR-101/RJ;Decrescente;Colisão traseira;1;2;0;0;0;0;1
25/05/2022;10:51:40;96;Com vítima;318,970;BR-101/RJ;Crescente;Colisão traseira;1;3;1;0;0;0;1
25/05/2022;13:21:28;121;Com vítima;148,077;BR-101/RJ;Decrescente;Colisão transversal;1;0;1;0;0;2;3
25/05/2022;14:38:14;135;Sem vítima;252,800;BR-101/RJ;Crescente;Choque;1;0;0;0;0;0;1
27/05/2022;01:21:25;4;Sem vítima;154,576;BR-101/RJ;Decrescente;Colisão lateral no mesmo sentido;1;1;0;0;0;0;1
30/05/2022;07:47:57;45;Com vítima;195,079;BR-101/RJ;Decrescente;Colisão lateral no mesmo sentido;1;1;1;0;0;0;1
31/05/2022;17:50:27;169;Com vítima;141,446;BR-101/RJ;Crescente;Colisão traseira;1;2;0;1;0;0;2
01/06/2022;00:39:32;8;Sem vítima;317,827;BR-101/RJ;Crescente;Atropelamento de animal;1;1;0;0;0;0;1
01/06/2022;14:43:08;138;Com vítima;292,908;BR-101/RJ;Crescente;Colisão lateral no mesmo sentido;1;2;1;0;0;0;1
04/06/2022;07:40:41;39;Com vítima;188,227;BR-101/RJ;Crescente;Colisão frontal;1;1;0;0;1;0;2
04/06/2022;07:47:14;41;Com vítima;62,378;BR-101/RJ;Crescente;Colisão transversal;2;3;1;0;0;0;1
04/06/2022;11:28:17;69;Com vítima;284,218;BR-101/RJ;Decrescente;Choque;1;1;2;0;0;0;1
06/06/2022;11:44:12;113;Sem vítima;261,699;BR-101/RJ;Decrescente;Tombamento;1;1;0;0;0;0;1
07/06/2022;08:38:54;58;Sem vítima;66,483;BR-101/RJ;Crescente;Colisão lateral no mesmo sentido;1;2;0;0;0;0;1
07/06/2022;12:11:13;114;Com vítima;175,170;BR-101/RJ;Crescente;Colisão lateral no mesmo sentido;1;2;0;1;0;0;2
07/06/2022;15:23:00;156;Sem vítima;297,813;BR-101/RJ;Crescente;Colisão lateral no mesmo sentido;1;2;0;0;0;0;1
07/06/2022;23:38:33;210;Com vítima;241,516;BR-101/RJ;Crescente;Colisão traseira;2;1;0;1;0;0;2
08/06/2022;12:08:24;115;Sem vítima;252,800;BR-101/RJ;Crescente;Choque;1;0;0;0;0;0;1
08/06/2022;13:23:23;132;Com vítima;209,830;BR-101/RJ;Crescente;Choque;1;0;1;0;0;0;1
09/06/2022;09:46:32;75;Sem vítima;297,756;BR-101/RJ;Crescente;Colisão lateral no mesmo sentido;1;0;0;0;0;0;1
09/06/2022;17:17:21;157;Com vítima;321,311;BR-101/RJ;Decrescente;Colisão lateral no mesmo sentido;1;3;1;0;0;0;1
10/06/2022;11:23:11;110;Sem vítima;176,673;BR-101/RJ;Crescente;Colisão lateral no mesmo sentido;1;4;0;0;0;0;1
10/06/2022;16:05:25;144;Sem vítima;303,158;BR-101/RJ;Crescente;Colisão lateral no mesmo sentido;1;4;0;0;0;0;1
11/06/2022;05:37:01;28;Sem vítima;292,919;BR-101/RJ;Decrescente;Colisão lateral no mesmo sentido;1;2;0;0;0;0;1
11/06/2022;06:15:26;32;Sem vítima;67,528;BR-101/RJ;Crescente;Tombamento;1;1;0;0;0;0;1
11/06/2022;07:42:24;35;Sem vítima;261,646;BR-101/RJ;Decrescente;Colisão traseira;1;2;0;0;0;0;1
13/06/2022;14:27:03;124;Sem vítima;192,830;BR-101/RJ;Decrescente;Choque;1;0;0;0;0;0;1
13/06/2022;18:10:42;176;Sem vítima;304,658;BR-101/RJ;Decrescente;Colisão traseira;1;1;0;0;0;0;1
15/06/2022;19:36:58;204;Sem vítima;203,460;BR-101/RJ;Decrescente;Colisão traseira;1;1;0;0;0;0;1
15/06/2022;22:04:32;222;Sem vítima;295,674;BR-101/RJ;Crescente;Choque;1;1;0;0;0;0;1
18/06/2022;08:46:32;49;Sem vítima;71,125;BR-101/RJ;Decrescente;Colisão traseira;1;2;0;0;0;0;1
20/06/2022;13:28:33;164;Sem vítima;27,410;BR-101/RJ;Crescente;Tombamento;1;1;0;0;0;0;1
26/06/2022;18:45:34;119;Com vítima;264,001;BR-101/RJ;Crescente;Colisão lateral no mesmo sentido;1;1;0;0;0;0;1
27/06/2022;15:47:21;154;Sem vítima;319,915;BR-101/RJ;Crescente;Colisão lateral no mesmo sentido;1;1;0;0;0;0;1
28/06/2022;11:58:00;104;Sem vítima;64,092;BR-101/RJ;Decrescente;Colisão traseira;1;1;0;0;0;0;1
28/06/2022;15:36:49;142;Com vítima;83,529;BR-101/RJ;Crescente;Tombamento;1;0;1;0;0;0;1
29/06/2022;19:12:08;174;Sem vítima;67,083;BR-101/RJ;Decrescente;Colisão transversal;1;0;0;0;0;0;1
30/06/2022;05:57:07;17;Sem vítima;191,282;BR-101/RJ;Crescente;Colisão traseira;1;1;0;0;0;0;1
01/07/2022;16:46:15;171;Sem vítima;192,875;BR-101/RJ;Decrescente;Choque;1;1;0;0;0;0;1
01/07/2022;18:06:39;185;Sem vítima;296,357;BR-101/RJ;Decrescente;Colisão traseira;1;1;0;0;0;0;1
02/07/2022;21:35:26;164;Com vítima;163,501;BR-101/RJ;Crescente;Tombamento;1;0;1;0;0;0;1
05/07/2022;03:46:34;18;Com vítima;286,584;BR-101/RJ;Crescente;Colisão traseira;1;1;0;0;0;0;1
05/07/2022;19:58:34;162;Sem vítima;168,030;BR-101/RJ;Decrescente;Colisão frontal;1;1;0;0;0;0;1
07/07/2022;08:36:49;60;Com vítima;190,536;BR-101/RJ;Crescente;Engavetamento;1;1;0;0;0;0;1
07/07/2022;19:18:45;180;Com vítima;69,394;BR-101/RJ;Decrescente;Colisão lateral no mesmo sentido;1;1;0;0;0;0;1
09/07/2022;16:55:45;125;Sem vítima;193,830;BR-101/RJ;Decrescente;Choque;1;0;0;0;0;0;1
10/07/2022;09:34:19;49;Sem vítima;117,433;BR-101/RJ;Decrescente;Colisão lateral no mesmo sentido;1;1;0;0;0;0;1
10/07/2022;15:44:29;112;Com vítima;66,796;BR-101/RJ;Crescente;Engavetamento;1;1;0;0;0;0;1
11/07/2022;01:35:24;9;Sem vítima;252,600;BR-101/RJ;Decrescente;Choque;1;0;0;0;0;0;1
12/07/2022;00:18:26;3;Sem vítima;40,600;BR-101/RJ;Crescente;Choque;1;0;0;0;0;0;1
13/07/2022;07:52:44;43;Sem vítima;297,726;BR-101/RJ;Crescente;Colisão lateral no mesmo sentido;1;1;0;0;0;0;1
14/07/2022;13:18:37;128;Com vítima;173,800;BR-101/RJ;Decrescente;Choque;1;0;1;0;0;0;1
15/07/2022;10:53:37;98;Com vítima;11,900;BR-101/RJ;Decrescente;Tombamento;1;0;1;0;0;0;1
15/07/2022;20:35:14;208;Sem vítima;309,731;BR-101/RJ;Decrescente;Choque;1;1;0;0;0;0;1
17/07/2022;13:55:50;77;Com vítima;272,470;BR-101/RJ;Decrescente;Colisão traseira;1;0;1;0;0;0;1
17/07/2022;21:32:51;167;Sem vítima;108,745;BR-101/RJ;Decrescente;Choque;1;1;0;0;0;0;1
18/07/2022;09:17:35;58;Com vítima;308,727;BR-101/RJ;Crescente;Engavetamento;1;1;0;0;0;0;1
18/07/2022;12:32:06;111;Sem vítima;315,746;BR-101/RJ;Crescente;Colisão traseira;1;1;0;0;0;0;1
20/07/2022;00:10:00;3;Sem vítima;299,700;BR-101/RJ;Decrescente;Choque;1;0;0;0;0;0;1
20/07/2022;18:54:41;163;Com vítima;142,500;BR-101/RJ;Crescente;Tombamento;1;0;1;0;0;0;1
21/07/2022;09:49:28;79;Sem vítima;297,582;BR-101/RJ;Decrescente;Colisão traseira;1;0;0;0;0;0;1
22/07/2022;15:42:32;148;Com vítima;89,973;BR-101/RJ;Decrescente;Choque;1;0;0;1;0;0;2
24/07/2022;13:58:59;94;Sem vítima;252,830;BR-101/RJ;Decrescente;Choque;1;0;0;0;0;0;1
25/07/2022;00:00:22;1;Sem vítima;228,973;BR-101/RJ;Decrescente;Choque;1;1;0;0;0;0;1
26/07/2022;01:43:27;7;Sem vítima;83,619;BR-101/RJ;Crescente;Tombamento;1;1;0;0;0;0;1
29/07/2022;10:43:58;90;Sem vítima;274,162;BR-101/RJ;Decrescente;Colisão traseira;1;1;0;0;0;0;1
29/07/2022;17:32:02;180;Sem vítima;271,157;BR-101/RJ;Decrescente;Colisão traseira;1;0;0;0;0;0;1
30/07/2022;02:29:21;10;Com vítima;172,226;BR-101/RJ;Crescente;Colisão frontal;1;1;0;0;0;0;1
31/07/2022;10:35:39;50;Sem vítima;98,094;BR-101/RJ;Decrescente;Colisão lateral no mesmo sentido;1;0;0;0;0;0;1
01/08/2022;07:26:22;33;Com vítima;228,300;BR-101/RJ;Crescente;Choque;1;0;0;0;0;1;3
02/08/2022;11:07:04;96;Com vítima;276,789;BR-101/RJ;Decrescente;Colisão traseira;1;1;0;0;0;0;1
03/08/2022;17:18:29;152;Sem vítima;123,182;BR-101/RJ;Decrescente;Choque;1;0;0;0;0;0;1
04/08/2022;01:18:18;4;Sem vítima;157,329;BR-101/RJ;Decrescente;Choque;1;1;0;0;0;0;1
04/08/2022;17:44:25;176;Sem vítima;132,375;BR-101/RJ;Decrescente;Choque;1;1;0;0;0;0;1
04/08/2022;21:07:08;194;Sem vítima;110,925;BR-101/RJ;Crescente;Saída de pista;1;1;0;0;0;0;1
06/08/2022;01:57:10;10;Sem vítima;283,038;BR-101/RJ;Decrescente;Choque;1;1;0;0;0;0;1
06/08/2022;08:29:38;43;Sem vítima;49,500;BR-101/RJ;Decrescente;Colisão transversal;1;1;0;0;0;0;1
06/08/2022;21:01:28;152;Com vítima;52,506;BR-101/RJ;Decrescente;Colisão lateral no mesmo sentido;1;1;0;0;0;0;1
07/08/2022;11:06:34;68;Sem vítima;252,800;BR-101/RJ;Decrescente;Choque;1;0;0;0;0;0;1
09/08/2022;06:03:04;23;Sem vítima;299,600;BR-101/RJ;Decrescente;Engavetamento;1;0;0;0;0;0;1
09/08/2022;09:50:28;77;Sem vítima;312,093;BR-101/RJ;Crescente;Colisão traseira;1;0;0;0;0;0;1
09/08/2022;13:35:05;111;Sem vítima;192,800;BR-101/RJ;Crescente;Colisão traseira;1;1;0;0;0;0;1
10/08/2022;07:38:30;50;Sem vítima;16,324;BR-101/RJ;Crescente;Tombamento;1;1;0;0;0;0;1
10/08/2022;21:03:24;196;Com vítima;282,945;BR-101/RJ;Crescente;Tombamento;1;0;1;0;0;0;1
12/08/2022;04:55:44;27;Sem vítima;239,739;BR-101/RJ;Decrescente;Colisão lateral no mesmo sentido;1;0;0;0;0;0;1
13/08/2022;08:30:34;59;Sem vítima;78,953;BR-101/RJ;Crescente;Colisão lateral no mesmo sentido;1;1;0;0;0;0;1
15/08/2022;16:28:31;166;Sem vítima;61,500;BR-101/RJ;Crescente;Engavetamento;1;1;0;0;0;0;1
16/08/2022;20:27:19;206;Sem vítima;299,701;BR-101/RJ;Decrescente;Choque;1;1;0;0;0;0;1
17/08/2022;08:28:14;54;Sem vítima;299,700;BR-101/RJ;Decrescente;Colisão traseira;1;0;0;0;0;0;1
18/08/2022;08:45:31;58;Com vítima;297,834;BR-101/RJ;Crescente;Colisão lateral no mesmo sentido;1;0;0;0;0;0;1
19/08/2022;01:47:41;10;Sem vítima;286,926;BR-101/RJ;Decrescente;Colisão traseira;1;1;0;0;0;0;1
19/08/2022;11:12:37;81;Com vítima;282,682;BR-101/RJ;Crescente;Tombamento;1;0;0;1;0;0;2
22/08/2022;09:43:29;88;Com vítima;296,772;BR-101/RJ;Decrescente;Choque;1;0;1;0;0;0;1
23/08/2022;05:54:34;15;Sem vítima;117,241;BR-101/RJ;Decrescente;Choque;1;1;0;0;0;0;1
23/08/2022;23:21:09;227;Sem vítima;91,830;BR-101/RJ;Decrescente;Colisão traseira;1;1;0;0;0;0;1
23/08/2022;23:43:41;229;Com vítima;149,826;BR-101/RJ;Decrescente;Colisão traseira;1;1;1;0;0;0;1
24/08/2022;00:20:47;3;Com vítima;116,489;BR-101/RJ;Decrescente;Choque;1;0;1;0;0;0;1
25/08/2022;01:39:49;9;Sem vítima;218,702;BR-101/RJ;Crescente;Choque;1;1;0;0;0;0;1
26/08/2022;04:14:34;11;Sem vítima;101,578;BR-101/RJ;Crescente;Choque;1;1;0;0;0;0;1
27/08/2022;18:41:56;143;Com vítima;56,519;BR-101/RJ;Crescente;Colisão transversal;1;1;0;0;0;0;1
28/08/2022;06:20:49;16;Com vítima;222,502;BR-101/RJ;Decrescente;Tombamento;1;1;0;0;0;0;1
31/08/2022;00:29:33;3;Com vítima;120,984;BR-101/RJ;Crescente;Choque;1;2;0;0;0;0;1
01/09/2022;07:53:28;60;Sem vítima;161,087;BR-101/RJ;Crescente;Colisão lateral no mesmo sentido;1;0;0;0;0;0;1
03/09/2022;10:47:53;66;Com vítima;61,250;BR-101/RJ;Decrescente;Colisão transversal;1;1;0;0;0;0;1
03/09/2022;14:33:42;107;Sem vítima;62,082;BR-101/RJ;Crescente;Colisão traseira;1;1;0;0;0;0;1
04/09/2022;07:05:52;24;Sem vítima;52,256;BR-101/RJ;Crescente;Colisão lateral no mesmo sentido;1;1;0;0;0;0;1
05/09/2022;18:59:21;188;Sem vítima;169,882;BR-101/RJ;Decrescente;Colisão traseira;1;1;0;0;0;0;1
06/09/2022;00:07:01;1;Com vítima;147,248;BR-101/RJ;Crescente;Choque;1;0;1;0;0;0;1
06/09/2022;15:35:38;149;Sem vítima;228,477;BR-101/RJ;Crescente;Choque;1;1;0;0;0;0;1
08/09/2022;11:26:05;123;Sem vítima;234,609;BR-101/RJ;Crescente;Choque;1;1;0;0;0;0;1
09/09/2022;08:30:03;65;Sem vítima;133,510;BR-101/RJ;Decrescente;Colisão lateral no mesmo sentido;1;1;0;0;0;0;1
10/09/2022;04:18:47;14;Sem vítima;263,899;BR-101/RJ;Decrescente;Colisão traseira;1;1;0;0;0;0;1
12/09/2022;23:49:04;215;Sem vítima;73,833;BR-101/RJ;Decrescente;Colisão transversal;1;1;0;0;0;0;1
13/09/2022;21:20:31;181;Com vítima;119,870;BR-101/RJ;Decrescente;Tombamento;1;0;1;0;0;0;1
14/09/2022;07:37:26;46;Sem vítima;84,238;BR-101/RJ;Decrescente;Colisão lateral no mesmo sentido;1;1;0;0;0;0;1
14/09/2022;16:41:52;160;Sem vítima;236,763;BR-101/RJ;Decrescente;Tombamento;1;1;0;0;0;0;1
14/09/2022;20:44:11;184;Com vítima;11,093;BR-101/RJ;Decrescente;Choque;1;0;1;0;0;0;1
15/09/2022;05:14:57;14;Sem vítima;66,142;BR-101/RJ;Decrescente;Colisão lateral no mesmo sentido;1;1;0;0;0;0;1
16/09/2022;06:19:11;18;Sem vítima;295,659;BR-101/RJ;Crescente;Colisão traseira;1;1;0;0;0;0;1
16/09/2022;16:44:50;112;Com vítima;66,483;BR-101/RJ;Crescente;Colisão lateral no mesmo sentido;1;1;0;0;0;0;1
16/09/2022;19:45:11;147;Com vítima;269,051;BR-101/RJ;Decrescente;Colisão traseira;1;1;0;0;0;0;1
17/09/2022;18:49:26;138;Sem vítima;67,075;BR-101/RJ;Decrescente;Colisão lateral no mesmo sentido;1;0;0;0;0;0;1
18/09/2022;17:28:03;100;Sem vítima;40,610;BR-101/RJ;Decrescente;Colisão traseira;1;0;0;0;0;0;1
18/09/2022;22:25:56;155;Sem vítima;53,253;BR-101/RJ;Decrescente;Colisão lateral no mesmo sentido;1;1;0;0;0;0;1
22/09/2022;09:17:06;57;Com vítima;276,593;BR-101/RJ;Decrescente;Colisão lateral no mesmo sentido;1;1;0;0;0;0;1
22/09/2022;16:04:56;156;Sem vítima;289,191;BR-101/RJ;Crescente;Choque;1;1;0;0;0;0;1
23/09/2022;12:36:49;121;Com vítima;159,078;BR-101/RJ;Crescente;Colisão lateral no mesmo sentido;1;1;0;0;0;0;1
26/09/2022;00:34:22;2;Sem vítima;96,436;BR-101/RJ;Crescente;Choque;1;0;0;0;0;0;1
26/09/2022;10:13:37;85;Sem vítima;273,272;BR-101/RJ;Crescente;Colisão traseira;1;1;0;0;0;0;1
26/09/2022;10:57:05;92;Sem vítima;127,259;BR-101/RJ;Crescente;Choque;1;1;0;0;0;0;1
27/09/2022;00:17:52;4;Sem vítima;148,001;BR-101/RJ;Decrescente;Colisão lateral no mesmo sentido;1;1;0;0;0;0;1
27/09/2022;06:41:35;21;Com vítima;226,073;BR-101/RJ;Crescente;Tombamento;1;0;1;0;0;0;1
28/09/2022;09:38:00;79;Com vítima;271,736;BR-101/RJ;Decrescente;Acidentes de outra natureza;1;1;0;0;0;0;1
29/09/2022;05:17:04;15;Sem vítima;272,286;BR-101/RJ;Crescente;Choque;1;1;0;0;0;0;1
29/09/2022;10:58:44;82;Com vítima;261,549;BR-101/RJ;Decrescente;Colisão traseira;1;0;1;0;0;0;1
29/09/2022;15:29:38;136;Sem vítima;122,900;BR-101/RJ;Decrescente;Choque;1;1;0;0;0;0;1
30/09/2022;18:58:06;188;Sem vítima;297,794;BR-101/RJ;Crescente;Colisão lateral no mesmo sentido;1;1;0;0;0;0;1
01/10/2022;13:18:03;101;Sem vítima;295,616;BR-101/RJ;Crescente;Colisão traseira;1;1;0;0;0;0;1
01/10/2022;17:22:26;137;Sem vítima;47,588;BR-101/RJ;Decrescente;Colisão transversal;1;1;0;0;0;0;1
03/10/2022;09:05:56;70;Sem vítima;57,607;BR-101/RJ;Decrescente;Colisão transversal;1;1;0;0;0;0;1
04/10/2022;23:48:25;224;Sem vítima;311,713;BR-101/RJ;Crescente;Colisão traseira;1;1;0;0;0;0;1
05/10/2022;19:22:37;169;Sem vítima;297,742;BR-101/RJ;Crescente;Colisão lateral no mesmo sentido;1;1;0;0;0;0;1
06/10/2022;11:37:27;107;Com vítima;292,860;BR-101/RJ;Decrescente;Tombamento;1;0;0;1;0;0;2
08/10/2022;14:08:29;108;Sem vítima;297,100;BR-101/RJ;Crescente;Colisão lateral no mesmo sentido;1;1;0;0;0;0;1
11/10/2022;10:35:17;100;Sem vítima;154,050;BR-101/RJ;Decrescente;Colisão lateral no mesmo sentido;1;1;0;0;0;0;1
11/10/2022;22:45:19;231;Com vítima;204,675;BR-101/RJ;Decrescente;Colisão traseira;1;1;0;0;0;0;1
12/10/2022;01:45:51;6;Sem vítima;266,661;BR-101/RJ;Decrescente;Tombamento;1;1;0;0;0;0;1
15/10/2022;01:01:08;12;Sem vítima;289,980;BR-101/RJ;Crescente;Colisão traseira;1;1;0;0;0;0;1
15/10/2022;13:44:00;139;Sem vítima;295,576;BR-101/RJ;Decrescente;Colisão traseira;1;0;0;0;0;0;1
18/10/2022;13:49:21;151;Sem vítima;303,042;BR-101/RJ;Decrescente;Colisão lateral no mesmo sentido;1;1;0;0;0;0;1
18/10/2022;21:54:32;244;Com vítima;318,122;BR-101/RJ;Decrescente;Tombamento;1;0;0;0;0;1;3
20/10/2022;18:13:38;183;Com vítima;69,500;BR-101/RJ;Decrescente;Colisão transversal;1;1;0;0;0;0;1
21/10/2022;11:40:47;113;Com vítima;274,554;BR-101/RJ;Crescente;Colisão lateral no mesmo sentido;1;1;0;0;0;0;1
21/10/2022;14:46:01;144;Sem vítima;17,538;BR-101/RJ;Decrescente;Colisão traseira;1;1;0;0;0;0;1
23/10/2022;13:20:00;102;Sem vítima;279,907;BR-101/RJ;Crescente;Colisão lateral no mesmo sentido;1;1;0;0;0;0;1
25/10/2022;11:50:32;106;Com vítima;23,857;BR-101/RJ;Crescente;Capotamento;1;1;0;0;0;0;1
25/10/2022;21:48:16;195;Sem vítima;122,900;BR-101/RJ;Decrescente;Choque;1;1;0;0;0;0;1
26/10/2022;06:25:59;20;Sem vítima;196,234;BR-101/RJ;Decrescente;Colisão lateral no mesmo sentido;1;1;0;0;0;0;1
26/10/2022;15:33:27;158;Sem vítima;66,483;BR-101/RJ;Crescente;Colisão lateral no mesmo sentido;1;0;0;0;0;0;1
28/10/2022;19:36:18;209;Com vítima;297,300;BR-101/RJ;Decrescente;Tombamento;1;1;0;0;0;0;1
28/10/2022;19:52:56;213;Sem vítima;297,747;BR-101/RJ;Decrescente;Tombamento;1;0;0;0;0;0;1
29/10/2022;13:34:34;80;Sem vítima;297,540;BR-101/RJ;Decrescente;Colisão transversal;1;1;0;0;0;0;1
30/10/2022;12:12:03;72;Sem vítima;62,466;BR-101/RJ;Crescente;Colisão lateral no mesmo sentido;1;1;0;0;0;0;1
30/10/2022;18:28:35;149;Com vítima;50,821;BR-101/RJ;Decrescente;Colisão traseira;1;1;0;0;0;0;1
31/10/2022;11:50:24;131;Sem vítima;169,324;BR-101/RJ;Decrescente;Choque;1;1;0;0;0;0;1
31/10/2022;21:50:11;222;Sem vítima;230,069;BR-101/RJ;Decrescente;Saída de pista;1;1;0;0;0;0;1
31/10/2022;22:52:39;236;Com vítima;239,900;BR-101/RJ;Crescente;Tombamento;1;0;1;0;0;0;1
04/11/2022;12:43:06;114;Com vítima;69,513;BR-101/RJ;Crescente;Colisão lateral no mesmo sentido;1;1;0;0;0;0;1
04/11/2022;15:29:12;152;Sem vítima;297,931;BR-101/RJ;Crescente;Colisão lateral no mesmo sentido;1;0;0;0;0;0;1
04/11/2022;22:44:15;214;Sem vítima;25,418;BR-101/RJ;Decrescente;Colisão traseira;1;1;0;0;0;0;1
05/11/2022;13:53:26;98;Com vítima;60,800;BR-101/RJ;Decrescente;Colisão transversal;1;1;0;0;0;0;1
06/11/2022;23:14:04;149;Com vítima;61,212;BR-101/RJ;Decrescente;Colisão transversal;1;1;1;0;0;0;1
07/11/2022;19:58:33;177;Sem vítima;151,691;BR-101/RJ;Decrescente;Colisão lateral no mesmo sentido;1;1;0;0;0;0;1
08/11/2022;11:47:52;114;Com vítima;209,181;BR-101/RJ;Crescente;Tombamento;1;0;0;0;1;0;2
08/11/2022;19:41:10;185;Sem vítima;67,500;BR-101/RJ;Crescente;Colisão lateral no mesmo sentido;1;1;0;0;0;0;1
09/11/2022;09:10:35;87;Com vítima;180,358;BR-101/RJ;Decrescente;Tombamento;1;0;1;0;0;0;1
13/11/2022;14:38:44;86;Com vítima;203,244;BR-101/RJ;Decrescente;Colisão traseira;1;1;0;0;0;0;1
16/11/2022;08:14:53;54;Com vítima;179,651;BR-101/RJ;Decrescente;Choque;1;1;0;0;0;0;1
16/11/2022;21:17:55;207;Com vítima;123,030;BR-101/RJ;Decrescente;Colisão traseira;1;0;1;0;0;0;1
17/11/2022;11:27:16;114;Com vítima;216,425;BR-101/RJ;Decrescente;Choque;1;0;1;0;0;0;1
17/11/2022;23:21:13;206;Com vítima;209,739;BR-101/RJ;Crescente;Choque;1;1;0;0;0;0;1
20/11/2022;13:33:09;76;Com vítima;159,941;BR-101/RJ;Decrescente;Colisão lateral no mesmo sentido;1;1;0;0;0;0;1
21/11/2022;08:34:55;64;Com vítima;58,776;BR-101/RJ;Crescente;Colisão traseira;1;1;0;0;0;0;1