data;horario;n_da_ocorrencia;tipo_de_ocorrencia;km;trecho;sentido;tipo_de_acidente;caminhao;ilesos;levemente_feridos;moderadamente_feridos;gravemente_feridos;mortos;3
21/11/2022;09:36:12;96;Sem vítima;310,500;BR-101/RJ;Crescente;Colisão traseira;1;1;0;0;0;0;1
22/11/2022;00:05:41;2;Sem vítima;290,870;BR-101/RJ;Crescente;Colisão lateral no mesmo sentido;1;1;0;0;0;0;1
23/11/2022;14:05:20;136;Com vítima;265,839;BR-101/RJ;Decrescente;Tombamento;1;0;0;1;0;0;2
24/11/2022;14:48:35;105;Sem vítima;96,147;BR-101/RJ;Crescente;Choque;1;1;0;0;0;0;1
24/11/2022;15:39:47;115;Sem vítima;96,353;BR-101/RJ;Crescente;Tombamento;1;1;0;0;0;0;1
24/11/2022;21:35:12;144;Sem vítima;320,052;BR-101/RJ;Decrescente;Colisão lateral no mesmo sentido;1;1;0;0;0;0;1
27/11/2022;23:23:14;180;Sem vítima;203,300;BR-101/RJ;Crescente;Choque;1;0;0;0;0;0;1
28/11/2022;06:33:55;24;Sem vítima;299,700;BR-101/RJ;Decrescente;Colisão traseira;1;0;0;0;0;0;1
28/11/2022;08:34:23;47;Sem vítima;297,906;BR-101/RJ;Crescente;Colisão lateral no mesmo sentido;1;1;0;0;0;0;1
28/11/2022;11:41:48;95;Com vítima;195,900;BR-101/RJ;Decrescente;Colisão traseira;1;0;0;0;0;0;1
01/12/2022;03:23:36;17;Sem vítima;297,325;BR-101/RJ;Crescente;Choque;1;1;0;0;0;0;1
01/12/2022;04:24:48;24;Sem vítima;321,055;BR-101/RJ;Decrescente;Tombamento;1;1;0;0;0;0;1
02/12/2022;12:37:02;107;Sem vítima;40,531;BR-101/RJ;Crescente;Colisão traseira;1;1;0;0;0;0;1
07/12/2022;01:04:18;7;Sem vítima;191,890;BR-101/RJ;Decrescente;Choque;1;1;0;0;0;0;1
07/12/2022;01:41:14;11;Com vítima;282,951;BR-101/RJ;Decrescente;Choque;1;0;1;0;0;0;1
08/12/2022;23:58:50;273;Sem vítima;276,213;BR-101/RJ;Decrescente;Colisão traseira;1;1;0;0;0;0;1
09/12/2022;11:06:43;94;Sem vítima;122,700;BR-101/RJ;Crescente;Colisão traseira;1;0;0;0;0;0;1
10/12/2022;12:51:17;102;Sem vítima;294,498;BR-101/RJ;Crescente;Colisão traseira;1;0;0;0;0;0;1
11/12/2022;05:00:09;23;Sem vítima;143,654;BR-101/RJ;Decrescente;Choque;1;1;0;0;0;0;1
12/12/2022;06:36:17;19;Sem vítima;75,345;BR-101/RJ;Crescente;Choque;1;0;0;0;0;0;1
13/12/2022;11:56:52;125;Sem vítima;59,300;BR-101/RJ;Decrescente;Colisão traseira;1;1;0;0;0;0;1
13/12/2022;13:12:31;143;Sem vítima;185,900;BR-101/RJ;Crescente;Colisão traseira;1;0;0;0;0;0;1
13/12/2022;18:07:51;189;Com vítima;51,047;BR-101/RJ;Decrescente;Colisão frontal;1;0;1;0;0;0;1
14/12/2022;20:00:59;166;Sem vítima;303,259;BR-101/RJ;Decrescente;Colisão lateral no mesmo sentido;1;1;0;0;0;0;1
15/12/2022;07:01:04;33;Sem vítima;308,679;BR-101/RJ;Decrescente;Engavetamento;1;1;0;0;0;0;1
16/12/2022;20:04:47;215;Sem vítima;297,905;BR-101/RJ;Crescente;Colisão lateral no mesmo sentido;1;1;0;0;0;0;1
17/12/2022;11:56:17;89;Sem vítima;78,300;BR-101/RJ;Crescente;Colisão traseira;1;1;0;0;0;0;1
19/12/2022;14:42:14;116;Sem vítima;297,779;BR-101/RJ;Decrescente;Colisão lateral no mesmo sentido;1;0;0;0;0;0;1
20/12/2022;00:53:16;7;Sem vítima;60,105;BR-101/RJ;Decrescente;Engavetamento;1;1;0;0;0;0;1
20/12/2022;09:23:27;64;Sem vítima;252,800;BR-101/RJ;Decrescente;Choque;1;0;0;0;0;0;1
20/12/2022;20:37:47;170;Com vítima;147,290;BR-101/RJ;Crescente;Colisão lateral no mesmo sentido;1;1;0;0;0;0;1
21/12/2022;07:53:38;48;Com vítima;177,344;BR-101/RJ;Crescente;Tombamento;1;0;0;1;0;0;2
21/12/2022;09:38:20;81;Sem vítima;71,329;BR-101/RJ;Crescente;Saída de pista;1;1;0;0;0;0;1
21/12/2022;11:39:15;100;Sem vítima;297,900;BR-101/RJ;Crescente;Colisão lateral no mesmo sentido;1;0;0;0;0;0;1
21/12/2022;19:46:39;188;Com vítima;71,038;BR-101/RJ;Crescente;Colisão transversal;1;0;1;0;0;0;1
22/12/2022;03:06:48;18;Com vítima;82,700;BR-101/RJ;Crescente;Colisão traseira;1;1;0;0;0;0;1
22/12/2022;09:04:18;69;Sem vítima;120,381;BR-101/RJ;Crescente;Colisão lateral no mesmo sentido;1;1;0;0;0;0;1
22/12/2022;14:44:28;137;Sem vítima;203,078;BR-101/RJ;Decrescente;Choque;1;1;0;0;0;0;1
23/12/2022;12:39:12;135;Com vítima;278,800;BR-101/RJ;Crescente;Colisão lateral no mesmo sentido;1;1;0;0;0;0;1
24/12/2022;03:41:32;15;Com vítima;120,506;BR-101/RJ;Crescente;Colisão transversal;2;1;0;1;0;0;2
25/12/2022;07:54:31;33;Com vítima;151,713;BR-101/RJ;Crescente;Tombamento;1;0;0;1;0;0;2
26/12/2022;10:35:23;93;Sem vítima;193,550;BR-101/RJ;Decrescente;Colisão lateral no mesmo sentido;1;1;0;0;0;0;1
26/12/2022;18:07:27;194;Sem vítima;173,146;BR-101/RJ;Decrescente;Colisão traseira;1;1;0;0;0;0;1
27/12/2022;04:08:35;16;Com vítima;54,135;BR-101/RJ;Crescente;Colisão lateral no mesmo sentido;1;1;0;0;0;0;1
30/12/2022;12:13:44;146;Com vítima;260,700;BR-101/RJ;Decrescente;Tombamento;1;0;1;0;0;0;1
05/01/2023;10:35:19;88;Sem vítima;40,531;BR-101/RJ;Decrescente;Colisão traseira;1;0;0;0;0;0;1
10/01/2023;14:51:07;152;Sem vítima;172,926;BR-101/RJ;Crescente;Colisão traseira;1;0;0;0;0;0;1
14/01/2023;13:18:31;112;Com vítima;229,319;BR-101/RJ;Decrescente;Colisão lateral no mesmo sentido;1;1;0;0;0;0;1
14/01/2023;14:23:16;126;Sem vítima;280,688;BR-101/RJ;Crescente;Choque;1;1;0;0;0;0;1
15/01/2023;05:49:45;29;Sem vítima;320,306;BR-101/RJ;Decrescente;Choque;1;1;0;0;0;0;1
16/01/2023;16:10:08;197;Sem vítima;281,649;BR-101/RJ;Decrescente;Choque;1;1;0;0;0;0;1
16/01/2023;18:27:11;224;Sem vítima;261,554;BR-101/RJ;Decrescente;Colisão traseira;1;1;0;0;0;0;1
18/01/2023;02:00:16;5;Com vítima;120,721;BR-101/RJ;Decrescente;Colisão traseira;1;1;0;0;0;0;1
18/01/2023;15:09:48;146;Sem vítima;182,142;BR-101/RJ;Decrescente;Colisão lateral no mesmo sentido;1;1;0;0;0;0;1
19/01/2023;12:35:21;105;Sem vítima;283,262;BR-101/RJ;Crescente;Engavetamento;1;1;0;0;0;0;1
19/01/2023;15:09:06;136;Sem vítima;315,983;BR-101/RJ;Crescente;Colisão transversal;1;1;0;0;0;0;1
20/01/2023;22:23:50;220;Com vítima;144,600;BR-101/RJ;Crescente;Colisão traseira;1;0;0;0;0;1;3
21/01/2023;22:09:38;150;Com vítima;82,626;BR-101/RJ;Crescente;Tombamento;1;0;0;1;0;0;2
23/01/2023;06:38:06;37;Com vítima;300,500;BR-101/RJ;Crescente;Colisão traseira;1;1;0;0;0;0;1
24/01/2023;11:11:09;78;Sem vítima;271,515;BR-101/RJ;Decrescente;Choque;1;1;0;0;0;0;1
26/01/2023;10:23:48;97;Sem vítima;90,489;BR-101/RJ;Decrescente;Choque;1;1;0;0;0;0;1
28/01/2023;11:37:48;74;Com vítima;303,047;BR-101/RJ;Crescente;Engavetamento;1;1;0;0;0;0;1
28/01/2023;15:34:34;124;Sem vítima;60,468;BR-101/RJ;Crescente;Colisão transversal;1;1;0;0;0;0;1
31/01/2023;22:22:11;235;Com vítima;118,500;BR-101/RJ;Decrescente;Colisão traseira;1;0;1;0;0;0;1
01/02/2023;17:48:32;163;Sem vítima;297,739;BR-101/RJ;Crescente;Colisão lateral no mesmo sentido;1;0;0;0;0;0;1
03/02/2023;15:11:28;161;Sem vítima;62,500;BR-101/RJ;Decrescente;Colisão transversal;1;1;0;0;0;0;1
03/02/2023;19:23:39;205;Sem vítima;203,360;BR-101/RJ;Decrescente;Choque;1;1;0;0;0;0;1
06/02/2023;17:10:30;167;Com vítima;56,523;BR-101/RJ;Crescente;Colisão traseira;1;1;0;0;0;0;1
13/02/2023;13:37:30;121;Sem vítima;274,560;BR-101/RJ;Decrescente;Colisão transversal;1;1;0;0;0;0;1
13/02/2023;21:45:02;191;Com vítima;63,979;BR-101/RJ;Crescente;Colisão lateral no mesmo sentido;1;1;0;0;0;0;1
15/02/2023;09:02:49;78;Sem vítima;82,481;BR-101/RJ;Crescente;Tombamento;1;1;0;0;0;0;1
15/02/2023;17:23:57;193;Sem vítima;147,939;BR-101/RJ;Decrescente;Colisão lateral no mesmo sentido;1;1;0;0;0;0;1
16/02/2023;03:43:55;12;Sem vítima;81,666;BR-101/RJ;Crescente;Choque;1;1;0;0;0;0;1
16/02/2023;08:30:37;59;Sem vítima;209,370;BR-101/RJ;Crescente;Colisão traseira;1;1;0;0;0;0;1
23/02/2023;12:03:46;142;Com vítima;283,100;BR-101/RJ;Crescente;Colisão lateral no mesmo sentido;1;1;0;0;0;0;1
23/02/2023;12:22:32;146;Sem vítima;283,079;BR-101/RJ;Decrescente;Colisão traseira;1;1;0;0;0;0;1
24/02/2023;15:34:38;174;Com vítima;106,717;BR-101/RJ;Decrescente;Colisão traseira;1;1;0;0;0;0;1
26/02/2023;11:06:55;43;Sem vítima;40,531;BR-101/RJ;Crescente;Colisão traseira;1;1;0;0;0;0;1
28/02/2023;15:40:49;177;Com vítima;268,572;BR-101/RJ;Crescente;Colisão traseira;2;2;1;0;0;0;1
28/02/2023;15:44:40;179;Sem vítima;187,335;BR-101/RJ;Decrescente;Acidentes de outra natureza;1;1;0;0;0;0;1
01/03/2023;06:00:00;26;Sem vítima;274,311;BR-101/RJ;Decrescente;Colisão lateral no mesmo sentido;1;1;0;0;0;0;1
02/03/2023;01:22:12;10;Com vítima;277,686;BR-101/RJ;Decrescente;Tombamento;1;0;1;0;0;0;1
02/03/2023;10:52:42;100;Sem vítima;318,328;BR-101/RJ;Crescente;Colisão lateral no mesmo sentido;1;1;0;0;0;0;1
03/03/2023;03:12:45;12;Com vítima;258,499;BR-101/RJ;Decrescente;Colisão traseira;1;1;0;0;0;0;1
03/03/2023;09:02:19;73;Sem vítima;252,800;BR-101/RJ;Crescente;Choque;1;0;0;0;0;0;1
03/03/2023;16:02:37;160;Sem vítima;294,363;BR-101/RJ;Crescente;Colisão lateral no mesmo sentido;1;1;0;0;0;0;1
05/03/2023;15:15:30;95;Sem vítima;78,300;BR-101/RJ;Decrescente;Colisão frontal;1;1;0;0;0;0;1
06/03/2023;23:56:28;211;Sem vítima;310,576;BR-101/RJ;Crescente;Colisão lateral no mesmo sentido;1;1;0;0;0;0;1
09/03/2023;00:41:20;6;Sem vítima;249,700;BR-101/RJ;Decrescente;Choque;1;1;0;0;0;0;1
11/03/2023;09:32:59;61;Sem vítima;70,833;BR-101/RJ;Crescente;Engavetamento;1;1;0;0;0;0;1
15/03/2023;10:10:23;82;Sem vítima;297,763;BR-101/RJ;Crescente;Colisão lateral no mesmo sentido;1;0;0;0;0;0;1
19/03/2023;07:55:33;32;Sem vítima;311,332;BR-101/RJ;Decrescente;Choque;1;1;0;0;0;0;1
19/03/2023;14:06:39;89;Com vítima;168,500;BR-101/RJ;Crescente;Colisão frontal;1;1;0;0;0;0;1
19/03/2023;19:20:50;139;Sem vítima;66,256;BR-101/RJ;Decrescente;Colisão frontal;1;1;0;0;0;0;1
21/03/2023;05:53:04;17;Com vítima;28,271;BR-101/RJ;Crescente;Colisão frontal;1;1;0;0;0;0;1
21/03/2023;14:53:40;146;Com vítima;256,942;BR-101/RJ;Decrescente;Choque;1;0;1;0;0;0;1
21/03/2023;18:46:59;176;Sem vítima;65,507;BR-101/RJ;Decrescente;Colisão traseira;1;0;0;0;0;0;1
22/03/2023;09:29:45;78;Sem vítima;267,465;BR-101/RJ;Crescente;Colisão traseira;1;1;0;0;0;0;1
22/03/2023;14:36:09;152;Sem vítima;298,100;BR-101/RJ;Crescente;Colisão lateral no mesmo sentido;1;0;0;0;0;0;1
22/03/2023;23:40:06;221;Sem vítima;273,005;BR-101/RJ;Decrescente;Colisão traseira;1;1;0;0;0;0;1
22/03/2023;23:56:04;224;Sem vítima;305,485;BR-101/RJ;Decrescente;Colisão lateral no mesmo sentido;1;2;0;0;0;0;1
24/03/2023;08:33:24;55;Sem vítima;252,800;BR-101/RJ;Crescente;Choque;1;0;0;0;0;0;1
24/03/2023;23:15:25;212;Sem vítima;212,250;BR-101/RJ;Decrescente;Choque;1;1;0;0;0;0;1
25/03/2023;16:34:38;116;Com vítima;19,331;BR-101/RJ;Crescente;Colisão transversal;1;1;0;0;0;0;1
27/03/2023;17:42:55;177;Sem vítima;297,680;BR-101/RJ;Crescente;Colisão lateral no mesmo sentido;1;1;0;0;0;0;1
28/03/2023;19:51:22;171;Sem vítima;312,896;BR-101/RJ;Crescente;Colisão traseira;1;1;0;0;0;0;1
30/03/2023;14:22:22;141;Sem vítima;262,500;BR-101/RJ;Crescente;Colisão traseira;1;1;0;0;0;0;1
30/03/2023;15:23:58;150;Com vítima;280,285;BR-101/RJ;Decrescente;Colisão lateral no mesmo sentido;1;1;0;0;0;0;1
02/04/2023;05:30:04;18;Sem vítima;143,700;BR-101/RJ;Decrescente;Choque;1;1;0;0;0;0;1
03/04/2023;23:05:45;214;Sem vítima;192,791;BR-101/RJ;Decrescente;Colisão lateral no mesmo sentido;1;0;0;0;0;0;1
05/04/2023;21:36:58;225;Sem vítima;320,121;BR-101/RJ;Crescente;Colisão traseira;1;1;0;0;0;0;1
06/04/2023;09:20:00;83;Com vítima;8,322;BR-101/RJ;Crescente;Engavetamento;1;1;0;0;0;0;1
10/04/2023;03:43:28;9;Sem vítima;240,067;BR-101/RJ;Decrescente;Colisão traseira;1;1;0;0;0;0;1
11/04/2023;11:02:22;134;Sem vítima;75,533;BR-101/RJ;Crescente;Colisão traseira;1;1;0;0;0;0;1
11/04/2023;13:04:53;156;Sem vítima;278,516;BR-101/RJ;Decrescente;Colisão lateral no mesmo sentido;1;0;0;0;0;0;1
12/04/2023;21:46:01;207;Com vítima;48,048;BR-101/RJ;Decrescente;Tombamento;1;0;1;0;0;0;1
13/04/2023;06:18:49;19;Sem vítima;62,700;BR-101/RJ;Decrescente;Tombamento;1;1;0;0;0;0;1
14/04/2023;16:00:57;167;Sem vítima;239,030;BR-101/RJ;Decrescente;Choque;1;0;0;0;0;0;1
17/04/2023;12:00:43;149;Com vítima;46,700;BR-101/RJ;Crescente;Colisão transversal;1;0;1;0;0;0;1
18/04/2023;13:09:18;145;Sem vítima;221,703;BR-101/RJ;Crescente;Colisão traseira;1;1;0;0;0;0;1
19/04/2023;08:55:38;72;Sem vítima;313,500;BR-101/RJ;Decrescente;Colisão traseira;1;1;0;0;0;0;1
20/04/2023;01:51:50;12;Sem vítima;273,165;BR-101/RJ;Crescente;Colisão traseira;1;1;0;0;0;0;1
21/04/2023;05:48:13;33;Sem vítima;122,800;BR-101/RJ;Crescente;Choque;1;0;0;0;0;0;1
22/04/2023;08:27:15;36;Com vítima;58,352;BR-101/RJ;Decrescente;Colisão traseira;1;1;0;0;0;0;1
24/04/2023;09:24:14;84;Sem vítima;46,993;BR-101/RJ;Decrescente;Colisão frontal;1;1;0;0;0;0;1
24/04/2023;15:58:08;162;Sem vítima;213,561;BR-101/RJ;Decrescente;Colisão transversal;1;0;0;0;0;0;1
25/04/2023;08:13:31;64;Sem vítima;284,845;BR-101/RJ;Decrescente;Colisão lateral no mesmo sentido;1;0;0;0;0;0;1
27/04/2023;10:28:50;93;Sem vítima;90,859;BR-101/RJ;Crescente;Colisão lateral no mesmo sentido;1;0;0;0;0;0;1
28/04/2023;17:22:01;167;Sem vítima;297,496;BR-101/RJ;Decrescente;Colisão lateral no mesmo sentido;1;0;0;0;0;0;1
28/04/2023;20:00:37;203;Com vítima;252,068;BR-101/RJ;Crescente;Colisão traseira;1;1;0;0;0;0;1
01/05/2023;12:23:01;83;Sem vítima;252,800;BR-101/RJ;Crescente;Choque;1;0;0;0;0;0;1
03/05/2023;08:18:59;68;Sem vítima;297,900;BR-101/RJ;Crescente;Colisão lateral no mesmo sentido;1;1;0;0;0;0;1
05/05/2023;16:21:03;166;Sem vítima;296,300;BR-101/RJ;Decrescente;Colisão lateral no mesmo sentido;2;0;0;0;0;0;1
09/05/2023;12:31:08;115;Sem vítima;297,736;BR-101/RJ;Crescente;Colisão lateral no mesmo sentido;1;1;0;0;0;0;1
09/05/2023;17:22:07;178;Com vítima;142,935;BR-101/RJ;Decrescente;Colisão traseira;1;1;0;0;0;0;1
10/05/2023;10:26:47;111;Com vítima;62,100;BR-101/RJ;Crescente;Engavetamento;1;1;0;1;0;0;2
11/05/2023;12:01:53;115;Sem vítima;261,100;BR-101/RJ;Decrescente;Colisão lateral no mesmo sentido;1;1;0;0;0;0;1
13/05/2023;10:14:58;65;Com vítima;97,460;BR-101/RJ;Crescente;Tombamento;1;0;1;0;0;0;1
14/05/2023;23:20:18;164;Sem vítima;277,909;BR-101/RJ;Crescente;Choque;1;1;0;0;0;0;1
15/05/2023;16:22:07;163;Sem vítima;62,155;BR-101/RJ;Decrescente;Colisão lateral no mesmo sentido;1;0;0;0;0;0;1
15/05/2023;20:34:25;185;Com vítima;186,100;BR-101/RJ;Decrescente;Colisão frontal;1;1;0;0;0;0;1
17/05/2023;19:02:42;162;Com vítima;217,915;BR-101/RJ;Crescente;Colisão frontal;1;0;0;0;0;0;1
18/05/2023;02:11:06;9;Sem vítima;76,873;BR-101/RJ;Crescente;Colisão traseira;1;1;0;0;0;0;1
19/05/2023;07:39:07;43;Sem vítima;238,757;BR-101/RJ;Crescente;Colisão traseira;1;0;0;0;0;0;1
19/05/2023;13:47:56;125;Sem vítima;40,524;BR-101/RJ;Crescente;Colisão traseira;1;1;0;0;0;0;1
20/05/2023;06:38:51;21;Com vítima;273,612;BR-101/RJ;Crescente;Engavetamento;1;1;0;0;0;0;1
23/05/2023;20:59:37;186;Sem vítima;295,690;BR-101/RJ;Crescente;Colisão lateral no mesmo sentido;1;2;0;0;0;0;1
23/05/2023;22:42:38;193;Sem vítima;319,926;BR-101/RJ;Crescente;Engavetamento;1;2;0;0;0;0;1
25/05/2023;16:15:10;157;Sem vítima;193,830;BR-101/RJ;Crescente;Choque;1;1;0;0;0;0;1
26/05/2023;15:10:11;147;Com vítima;159,058;BR-101/RJ;Crescente;Colisão lateral no mesmo sentido;1;0;0;0;0;0;1
26/05/2023;15:28:49;153;Sem vítima;284,386;BR-101/RJ;Crescente;Tombamento;1;1;0;0;0;0;1
26/05/2023;15:46:58;156;Com vítima;284,758;BR-101/RJ;Crescente;Tombamento;1;0;1;0;0;0;1
30/05/2023;19:22:59;161;Sem vítima;297,543;BR-101/RJ;Decrescente;Choque;1;1;0;0;0;0;1
31/05/2023;16:40:47;162;Sem vítima;297,911;BR-101/RJ;Crescente;Engavetamento;1;1;0;0;0;0;1
31/05/2023;22:52:56;201;Sem vítima;116,613;BR-101/RJ;Decrescente;Choque;1;0;0;0;0;0;1
02/06/2023;11:25:57;94;Sem vítima;294,763;BR-101/RJ;Crescente;Engavetamento;1;0;0;0;0;0;1
04/06/2023;06:40:31;21;Com vítima;296,100;BR-101/RJ;Decrescente;Choque;1;1;0;0;0;0;1
05/06/2023;07:19:31;41;Com vítima;195,995;BR-101/RJ;Crescente;Tombamento;1;0;1;0;0;0;1
06/06/2023;06:42:30;25;Com vítima;104,281;BR-101/RJ;Decrescente;Colisão traseira;1;0;0;0;0;0;1
07/06/2023;10:19:43;102;Com vítima;173,376;BR-101/RJ;Decrescente;Engavetamento;1;0;1;0;0;0;1
14/06/2023;09:45:37;90;Sem vítima;301,338;BR-101/RJ;Decrescente;Colisão lateral no mesmo sentido;1;0;0;0;0;0;1
15/06/2023;00:49:08;5;Sem vítima;251,093;BR-101/RJ;Decrescente;Colisão traseira;2;4;0;0;0;0;1
22/06/2023;08:47:43;64;Sem vítima;122,900;BR-101/RJ;Crescente;Colisão traseira;1;1;0;0;0;0;1
23/06/2023;17:18:05;154;Com vítima;66,260;BR-101/RJ;Decrescente;Acidentes de outra natureza;1;0;0;1;0;0;2
23/06/2023;21:51:48;201;Sem vítima;233,300;BR-101/RJ;Decrescente;Saída de pista;1;1;0;0;0;0;1
25/06/2023;09:30:48;54;Sem vítima;252,800;BR-101/RJ;Decrescente;Choque;1;0;0;0;0;0;1
27/06/2023;23:55:15;235;Com vítima;209,300;BR-101/RJ;Decrescente;Tombamento;1;0;0;1;0;0;2
28/06/2023;07:29:43;35;Sem vítima;283,100;BR-101/RJ;Crescente;Colisão traseira;1;1;0;0;0;0;1
04/07/2023;04:14:23;15;Sem vítima;102,856;BR-101/RJ;Crescente;Choque;1;0;0;0;0;0;1
04/07/2023;09:59:40;95;Sem vítima;59,664;BR-101/RJ;Decrescente;Colisão frontal;1;0;0;0;0;0;1
08/07/2023;09:14:52;67;Sem vítima;287,952;BR-101/RJ;Crescente;Colisão lateral no mesmo sentido;1;1;0;0;0;0;1
08/07/2023;16:55:35;166;Com vítima;221,709;BR-101/RJ;Decrescente;Colisão transversal;1;1;0;0;0;0;1
09/07/2023;12:22:31;72;Sem vítima;297,700;BR-101/RJ;Decrescente;Colisão traseira;1;0;0;0;0;0;1
10/07/2023;08:50:55;72;Com vítima;249,345;BR-101/RJ;Crescente;Colisão lateral no mesmo sentido;1;1;0;0;0;0;1
12/07/2023;16:34:29;169;Sem vítima;307,900;BR-101/RJ;Crescente;Colisão lateral no mesmo sentido;1;1;0;0;0;0;1
13/07/2023;13:00:12;138;Sem vítima;291,682;BR-101/RJ;Crescente;Colisão lateral no mesmo sentido;1;1;0;0;0;0;1
14/07/2023;00:19:24;2;Sem vítima;254,800;BR-101/RJ;Crescente;Choque;1;0;0;0;0;0;1
17/07/2023;00:14:01;5;Com vítima;295,584;BR-101/RJ;Decrescente;Colisão lateral no mesmo sentido;1;2;0;0;0;0;1
17/07/2023;12:13:20;113;Sem vítima;296,511;BR-101/RJ;Decrescente;Colisão traseira;1;0;0;0;0;0;1
18/07/2023;06:33:29;21;Sem vítima;282,690;BR-101/RJ;Crescente;Colisão lateral no mesmo sentido;1;0;0;0;0;0;1
18/07/2023;09:16:25;73;Sem vítima;220,135;BR-101/RJ;Crescente;Colisão traseira;1;0;0;0;0;0;1
24/07/2023;15:54:05;159;Sem vítima;297,491;BR-101/RJ;Crescente;Colisão lateral no mesmo sentido;1;0;0;0;0;0;1
25/07/2023;07:23:21;42;Sem vítima;59,655;BR-101/RJ;Decrescente;Engavetamento;1;1;0;0;0;0;1
25/07/2023;12:08:51;119;Com vítima;163,676;BR-101/RJ;Decrescente;Engavetamento;1;0;1;0;0;0;1
26/07/2023;02:27:05;5;Sem vítima;76,693;BR-101/RJ;Decrescente;Choque;1;1;0;0;0;0;1
26/07/2023;11:18:33;90;Sem vítima;297,930;BR-101/RJ;Crescente;Choque;1;1;0;0;0;0;1
26/07/2023;12:03:25;96;Sem vítima;276,672;BR-101/RJ;Decrescente;Choque;1;1;0;0;0;0;1
26/07/2023;13:50:04;108;Sem vítima;144,165;BR-101/RJ;Crescente;Colisão lateral no mesmo sentido;1;1;0;0;0;0;1
27/07/2023;02:34:55;15;Sem vítima;65,668;BR-101/RJ;Decrescente;Choque;1;1;0;0;0;0;1
27/07/2023;07:23:19;43;Com vítima;255,300;BR-101/RJ;Crescente;Colisão traseira;1;1;0;0;0;0;1
27/07/2023;07:57:16;56;Sem vítima;80,100;BR-101/RJ;Decrescente;Colisão traseira;1;1;0;0;0;0;1
27/07/2023;10:31:58;102;Sem vítima;79,108;BR-101/RJ;Decrescente;Colisão traseira;1;1;0;0;0;0;1
27/07/2023;11:22:01;114;Sem vítima;297,400;BR-101/RJ;Crescente;Colisão lateral no mesmo sentido;1;1;0;0;0;0;1
29/07/2023;03:10:24;13;Sem vítima;229,500;BR-101/RJ;Crescente;Saída de pista;1;1;0;0;0;0;1
29/07/2023;10:56:08;54;Com vítima;41,846;BR-101/RJ;Decrescente;Colisão lateral no mesmo sentido;1;1;1;0;0;0;1
02/08/2023;08:06:36;54;Com vítima;38,291;BR-101/RJ;Crescente;Choque;1;0;0;0;1;0;2
02/08/2023;10:43:09;92;Com vítima;228,530;BR-101/RJ;Decrescente;Tombamento;1;0;1;0;0;0;1
03/08/2023;10:26:14;71;Sem vítima;68,615;BR-101/RJ;Crescente;Choque;1;1;0;0;0;0;1
04/08/2023;08:50:06;65;Sem vítima;289,088;BR-101/RJ;Crescente;Colisão traseira;1;0;0;0;0;0;1
05/08/2023;03:42:06;19;Com vítima;51,410;BR-101/RJ;Crescente;Colisão traseira;1;1;0;0;0;0;1
05/08/2023;16:06:37;140;Com vítima;283,100;BR-101/RJ;Crescente;Colisão lateral no mesmo sentido;1;1;0;0;0;0;1
08/08/2023;01:43:01;9;Sem vítima;218,114;BR-101/RJ;Decrescente;Choque;1;1;0;0;0;0;1
09/08/2023;09:10:17;67;Com vítima;59,718;BR-101/RJ;Crescente;Colisão traseira;1;0;1;0;0;0;1
09/08/2023;13:03:20;116;Sem vítima;261,276;BR-101/RJ;Crescente;Colisão lateral no mesmo sentido;1;0;0;0;0;0;1
10/08/2023;11:52:08;108;Sem vítima;113,961;BR-101/RJ;Decrescente;Tombamento;1;1;0;0;0;0;1
11/08/2023;04:51:04;22;Sem vítima;133,644;BR-101/RJ;Decrescente;Choque;1;1;0;0;0;0;1
11/08/2023;07:06:27;37;Sem vítima;46,102;BR-101/RJ;Crescente;Choque;1;0;0;0;0;0;1
11/08/2023;15:47:46;149;Sem vítima;297,857;BR-101/RJ;Crescente;Colisão lateral no mesmo sentido;1;0;0;0;0;0;1
13/08/2023;07:08:09;34;Sem vítima;320,100;BR-101/RJ;Crescente;Colisão lateral no mesmo sentido;1;1;0;0;0;0;1
13/08/2023;21:09:32;172;Sem vítima;139,500;BR-101/RJ;Decrescente;Colisão lateral no mesmo sentido;1;0;0;0;0;0;1
16/08/2023;12:46:06;107;Com vítima;92,126;BR-101/RJ;Decrescente;Tombamento;1;0;1;0;0;0;1
16/08/2023;23:45:29;209;Sem vítima;294,700;BR-101/RJ;Crescente;Colisão lateral no mesmo sentido;1;1;0;0;0;0;1
18/08/2023;03:34:45;14;Sem vítima;288,714;BR-101/RJ;Decrescente;Colisão traseira;1;1;0;0;0;0;1
18/08/2023;08:44:24;63;Sem vítima;252,800;BR-101/RJ;Crescente;Choque;1;1;0;0;0;0;1
18/08/2023;10:30:51;91;Sem vítima;58,867;BR-101/RJ;Crescente;Colisão traseira;1;0;0;0;0;0;1
21/08/2023;14:27:03;138;Com vítima;316,971;BR-101/RJ;Crescente;Engavetamento;1;1;0;0;0;0;1